zincid,smiles,consensus_score,docking_score,boltz_prob,is_active
ZINC000036993728,CCC[C@H](C)N[C@@H](C)Cc1ccco1,0.6269394,-6.344,0.6982721,0
ZINC000042198634,O=C(C[C@H]1CCCO1)Nc1ccc(F)cc1F,0.4950357,-8.347,0.22874512,0
ZINC000078597262,COC(=O)[C@@H](C)CN(C)C(=O)c1csnn1,0.32803568,-6.082,0.13340922,0
ZINC000224174531,CC[C@@H]1CCC[C@@H](NCC2(C)CC2)C1,0.55797726,-7.122,0.48078114,0
ZINC000359915507,CCC[C@H]1C[C@H]1c1nc(CC(=O)NC)no1,0.39073983,-7.072,0.15469716,0
ZINC000457606164,CC[C@H](CC(F)F)C(=O)N(C)Cc1ccc[nH]1,0.36809602,-6.676,0.15101112,0
ZINC000646793441,C=C[C@@H](O)C(=O)Nc1cccc(COCC)c1,0.47451335,-7.381,0.28852034,0
ZINC000667788900,CC(C)NC(=O)Nc1cnc2c(c1)CNCC2,0.52598226,-7.281,0.40087187,0
ZINC000675058215,CCc1onc(-c2nccn2C)c1C(=O)O,0.39288408,-6.879,0.17900953,0
ZINC000762044659,CC1(C)C[C@@H](NC(=O)CCC2CCC2)C(=O)O1,0.42442605,-7.659,0.16040026,0
ZINC000778423100,C[C@H](NC(=O)[C@H]1CCC=CO1)c1nc[nH]n1,0.46881142,-7.428,0.2723391,0
ZINC000828415495,O=C(NCC1CCC(F)CC1)N1CCCO1,0.38029653,-7.63,0.075998634,0
ZINC000858625598,Nc1nc(N)nc(N[C@H]2C=CCC2)n1,0.44962737,-6.695,0.31054202,0
ZINC000864413133,O=C(Nc1cccnc1)C1(F)CCOCC1,0.3521257,-7.115,0.07373564,0
ZINC000864628500,C=CCCn1cc([C@H]2CCOC2)nn1,0.34313375,-6.794,0.08929552,0
ZINC000894042276,C[C@H](NC(=O)[C@H]1C[C@]12CCOC2)C(F)F,0.35606226,-7.278,0.06458766,0
ZINC000907388274,CN1CC[C@@](O)(CNC(=O)[C@@H]2C[C@@H]2C(N)=O)C1,0.36926696,-6.911,0.12889937,0
ZINC000923774309,C[C@]1(O)CCN(C(=O)NCC#CCO)C1,0.3528272,-7.148,0.07169448,0
ZINC001175842075,CCc1ncsc1Nc1cncc(C(=O)O)c1,0.4302456,-7.38,0.20093392,0
ZINC001206527797,CC(=O)c1ccncc1Nc1ccnc(N)c1,0.53500754,-7.483,0.39774966,0
ZINC001240233229,CCc1ccnc(-c2cncc(F)c2)n1,0.4901122,-7.786,0.27731523,0
ZINC001242890172,C=C(c1ccccc1)c1cc(N)ccn1,0.54825586,-8.466,0.32179785,1
ZINC001249993688,CN(c1cc(N)ccn1)c1c(O)cccc1F,0.47669742,-7.845,0.24460799,0
ZINC000000112939,CN(CCNC(=N)N)c1ccccc1,0.6542748,-6.441,0.74233663,0
ZINC000036533004,Fc1ccc(Br)cc1S,0.44495684,-5.519,0.42355055,0
ZINC000037461284,COCCNC(=O)[C@H]1C[C@@H]1C(=O)O,0.31098038,-5.704,0.13892215,0
ZINC000082298752,Cc1ncncc1C(=O)NC(C)C,0.5634416,-6.119,0.5958803,0
ZINC000082460986,CN(Cc1cccs1)c1cccc(Cl)n1,0.48928374,-7.145,0.34231442,0
ZINC000104220204,CN(CC(=O)O)C(=O)c1ccc2c(c1)COC2,0.4142092,-7.886,0.11656201,0
ZINC000115098701,O=c1[nH]cccc1-c1ccc(C(F)(F)F)nc1,0.44325542,-8.324,0.12856424,0
ZINC000301627464,Cc1ccnc(NCCOc2cccc(F)c2)c1,0.60737014,-8.085,0.47850776,1
ZINC000309365739,O=C(O)[C@@]1(NC(=O)C2=COCC2)CCOC1,0.3610465,-6.98,0.1054419,0
ZINC000334659725,Cc1o[nH]c(=NC(=O)C2=CCCCC2)c1C,0.52861553,-8.229,0.3075313,0
ZINC000336496698,CCCc1nc(C)c(C(=O)N(C)C)o1,0.44443712,-6.529,0.31751844,0
ZINC000379330489,C[C@@H](O)C(=O)N(CC#N)CC#N,0.27466697,-5.302,0.10878166,0
ZINC000388614083,CC[C@H](C)NCc1c(C)cnn1C,0.496217,-6.012,0.47383857,0
ZINC000564865507,C=CCCn1cc(C(=O)NC(C)(C)C#N)nn1,0.35588992,-6.977,0.0955391,0
ZINC000615219733,C[C@@H](C(=O)NC/C=C/c1cccnc1)N(C)C,0.56580895,-7.518,0.45512578,0
ZINC000634736966,NCC(=O)NCC(=O)N1CCCC(F)(F)CC1,0.35295933,-6.97,0.09046162,0
ZINC000647924163,Cc1nc(CN2CCC(C)(N)CC2)no1,0.41816473,-6.591,0.25902954,0
ZINC000661382416,C=CC[C@H]1CCCN(CC#CCOC)C1,0.5659588,-7.234,0.484948,0
ZINC000684497041,CC(C)(NC(=O)CCc1cnc[nH]1)C(F)F,0.34637043,-6.462,0.13022277,0
ZINC000758912741,CC(=NOCC(F)F)c1cccc(C#N)c1,0.4822942,-7.968,0.24290727,0
ZINC000825124028,C#Cc1ccc(CNC2(C3(C)CC3)CC2)cc1,0.745835,-8.775,0.6810596,0
ZINC000880483229,OC[C@H]1C=CCN1C/C=C\Cl,0.43270195,-5.837,0.36621445,0
ZINC000884410385,CCON=Cc1cccc2c1CCOC2,0.60658026,-7.317,0.55678654,0
ZINC000902097862,CN(CC#N)CN1C[C@@H]([C@@H]2CCCO2)CC1=O,0.43548337,-7.097,0.24073096,0
ZINC000912080112,C[C@H](CC#N)C(=O)N1CCO[C@@H]1C(F)(F)F,0.34797734,-6.956,0.08204821,0
ZINC000913850728,CCC[C@H](C)NC(=O)NCC[C@@H]1CNC(=O)C1,0.44263038,-7.032,0.26164615,0
ZINC001205689190,Cc1noc(C)c1CO[C@@H]1CC[C@@H](C#N)C1,0.39067304,-7.363,0.124311656,0
ZINC001217776142,COC(=O)C1CC(OCCCN)C1,0.3233633,-5.433,0.19162557,0
ZINC001250694569,COc1cccc([C@H](O)CNc2nccn2C)c1,0.4257729,-7.186,0.21224271,0
ZINC000003126093,CCOc1c(=O)c(=O)c1N1CCCC1,0.43798345,-6.353,0.32303178,0
ZINC000004206818,Sc1nnc(-c2ccncc2)n1C1CC1,0.5825169,-7.043,0.53760505,0
ZINC000019439012,CCOc1ccc(NC(=O)CN)cc1OCC,0.48791516,-6.544,0.40208507,0
ZINC000059690664,Cc1ncsc1[C@@H](N)C(=O)O,0.47723585,-5.292,0.5110919,0
ZINC000081252300,O=C(NCC[C@@H](O)c1ccccc1)c1cc[nH]n1,0.47082478,-7.771,0.2406681,0
ZINC000195198641,CN(CCc1c(F)cccc1Cl)CC1CC1,0.6954697,-6.783,0.78838456,0
ZINC000285815334,C=C(Cl)CNCc1csc(C)c1,0.47623882,-5.953,0.44039735,0
ZINC000307040526,C[C@@H](N[C@@H]1CCC1(C)C)C(C)(F)F,0.33631507,-6.635,0.09231842,0
ZINC000309963884,CN(C)c1ccnc(NCc2cc[nH]n2)n1,0.5113773,-6.553,0.44762576,0
ZINC000340093351,CCOC(=O)C(C)(C)NC(=O)CSC,0.28001845,-5.192,0.13081841,0
ZINC000380079492,C[C@@H]1CC[C@@H]1NCc1nc2c(s1)CCC2,0.5953628,-7.146,0.55234337,0
ZINC000389956912,Cc1cc(CNCCc2cnccn2)cs1,0.6181939,-6.861,0.6271993,0
ZINC000660758001,Cc1cc(CN2CCOC[C@@H]2CC(N)=O)no1,0.57076305,-6.688,0.5512285,0
ZINC000740008630,CSCCNC[C@H]1CCCN(C(=O)O)C1,0.60017675,-6.103,0.67031276,0
ZINC000753961615,Cc1nccn1C[C@@H](C)OC(=O)c1ccccc1,0.4830245,-7.829,0.2588048,0
ZINC000777961060,C=C(C)CN(C)Cn1ncn(CC)c1=S,0.4310963,-6.07,0.33881044,0
ZINC000848997654,C[C@@H]1CCC[C@@H](CNC(=N)N(C)C)C1,0.52804095,-6.81,0.45391643,0
ZINC000910587026,NC(=O)CCC(=O)N1CC[C@@H](C2CCC2)C1,0.36756992,-6.855,0.1313596,0
ZINC000911300217,C/C(=C(\F)C(=O)N[C@@H]1CC[C@H]1O)C1CC1,0.3883136,-7.466,0.108929604,0
ZINC000934205994,CCCCC1(N[C@@H]2CCCNC2=O)CC1,0.5112303,-6.678,0.43433926,0
ZINC001173124751,C#CCCN[C@@H]1CCc2ncsc2C1,0.71386737,-6.922,0.8103779,0
ZINC001228582537,Cc1cnc(F)c(O[C@H]2CCN(C)C2)c1,0.55445725,-7.211,0.46455562,0
ZINC001242000319,C=Cc1ccccc1-c1cncc(C(=O)O)n1,0.4692486,-8.364,0.17589581,0
ZINC001332059826,C=CC[S@@](=O)Cc1nnc(C)s1,0.34919763,-5.687,0.21639442,0
ZINC001345017819,Cc1ccc([C@H](C)C(=O)Nc2ccnnc2)o1,0.53093624,-7.699,0.3672288,0
ZINC001546296884,CS/C=C/C(=O)N1CC[C@H](C)[C@@H](O)C1,0.41155452,-6.733,0.23117255,0
ZINC000004342437,O=[N+]([O-])c1n[nH]c(-c2n[nH]c([N+](=O)[O-])n2)n1,0.4352603,-6.659,0.28582484,0
ZINC000070953296,CCOc1ccc(CN)cc1C(F)(F)F,0.49128157,-7.235,0.33691525,0
ZINC000098193014,CN1C[C@H](C(=O)N2CCN(C)CC2)NC1=O,0.3676549,-6.494,0.16905855,0
ZINC000250323262,CCNC(=O)CN1C[C@H](C(N)=O)CC[C@H]1C,0.39291528,-6.53,0.2153544,0
ZINC000266957244,CONC(=O)[C@H](C)c1ccc(Cl)c(Cl)c1,0.5646456,-7.576,0.44679132,0
ZINC000272421727,CC[C@H](CSC)NC(=O)Cc1ccncc1,0.3771884,-6.411,0.19657251,0
ZINC000308940455,CO[C@@H]1CCC[C@@H]1CN[C@H](C)C1(C)CC1,0.57938164,-6.47,0.5909651,0
ZINC000344448430,O=C(CC1CC1)NCCCOC1CCCCC1,0.45513308,-7.103,0.27903146,0
ZINC000445170569,Nc1ncncc1CNC(=O)Nc1ccncn1,0.4038144,-7.535,0.13246185,0
ZINC000623711591,CN1CCOC[C@@H]1CNCC1CC1,0.37791494,-5.504,0.292306,0
ZINC000624100528,CCN(CC(F)F)c1nc(=N)[nH]c(=N)[nH]1,0.41198164,-6.111,0.2966836,0
ZINC000629594674,COC[C@@]1(C)CN(C[C@@H](C)N)CCO1,0.30989063,-5.637,0.14372897,0
ZINC000631030120,Cc1ccc(CNC[C@H](C)O)c(F)c1,0.51946276,-7.011,0.41602734,0
ZINC000641796961,CCC(F)(F)CN1CCC[C@@H](CNC)C1,0.31887323,-6.522,0.06951555,0
ZINC000659875548,CO[C@H]1CCCN(Cc2cn(C)cn2)C1,0.46513546,-6.02,0.41143712,0
ZINC000785174918,CCc1n[nH]cc1C(=O)OC/C(Cl)=C\Cl,0.42817038,-6.45,0.2935086,0
ZINC000825496969,C[C@@H](NCCN(C)C(=O)O)C1CC1,0.34187463,-5.326,0.23941883,0
ZINC000826021976,C[C@H]1CN(C(=O)O)CCN1C(=O)/C=C\C1CC1,0.39162517,-7.182,0.14501499,0
ZINC000849013256,CN1CCCN=C1NCc1ccc(F)cn1,0.40908214,-6.682,0.23157713,0
ZINC000853597615,C[C@H]1CCN(CN2CCC3(COC3)C2)C1=O,0.49745724,-7.124,0.36068857,0
ZINC000856117751,C#C[C@H](NC(=O)/C=C/C=C/C)C1CCOCC1,0.5626302,-8.301,0.36742592,0
ZINC000881678844,C[C@@H]1C[C@@H]1[C@@H]1C[C@@H]1C(=O)N1CC[C@H](CF)C1,0.43102193,-7.663,0.17305025,0
ZINC001205297575,NC(=O)c1ccncc1-c1csc(CO)c1,0.40186188,-6.878,0.19689772,0
ZINC001211026309,Fc1ccc2ncc(Nc3ccncn3)cc2c1,0.5455529,-8.406,0.32268125,0
ZINC001239461099,COCNC(=S)N(C)C[C@H](C)N,0.334196,-4.55,0.30488342,0
ZINC001253382015,Cc1nnc(-c2cccc3nccnc32)o1,0.53606975,-8.015,0.34454554,0
ZINC001478735276,CC[C@@H]1CCCC[C@@H]1CNC(=O)N[C@@H]1C[C@H]1C,0.6531557,-7.905,0.587918,0
ZINC000004700599,COCCNCc1cccc(C)c1,0.6182642,-6.556,0.6590471,0
ZINC000012577876,CNC(=O)NC(=O)CNc1ccc(C)cc1F,0.6179882,-8.065,0.5016204,0
ZINC000041046138,CCNc1ccc(N)cc1C(=O)OCC,0.4210591,-6.592,0.26465905,0
ZINC000088091324,C#CCN1CC[C@H]2[C@@H](CCCN2C)C1,0.58887315,-6.976,0.5571617,0
ZINC000155564470,CO[C@H](C)COC(=O)[C@@H]1CCCN(C(C)=O)C1,0.45506993,-7.159,0.2730845,0
ZINC000183492491,C=CCCC(=O)NCc1nnc(C(C)C)n1C,0.37541577,-7.281,0.10261335,0
ZINC000298199296,C[C@]12CCN(Cc3ncc[nH]3)C[C@H]1C2(F)F,0.5045755,-7.393,0.34682316,0
ZINC000336342825,CC[C@@H](C)C(=O)N1CCC[C@H]1c1ncc[nH]1,0.39143264,-6.796,0.18476333,0
ZINC000351805909,C[C@H]1C[C@@H]1CC(=O)NCCSc1ccccc1,0.5450399,-7.841,0.3804041,0
ZINC000408193553,COC1CCN(S(=O)(=O)NC2CC2)CC1,0.3548144,-6.322,0.16150436,0
ZINC000414023988,CC(C)N(C)CC(=O)N1CCC[C@@H](CO)[C@@H]1C,0.42693117,-6.737,0.26121646,0
ZINC000414868818,CCNCc1ccccc1NCc1cccnc1,0.6854837,-7.646,0.6788833,0
ZINC000598409363,C[C@@H](C(=O)N1CC[C@@](C)(C#N)C1)N(C)C,0.3922623,-6.705,0.19586742,0
ZINC000656455149,CN(CCn1cc(Cl)cn1)C[C@H](O)C1CC1,0.43004888,-5.951,0.3491072,0
ZINC000915674790,CC[C@H](C)NC(=O)NC[C@@H]1CC1(Cl)Cl,0.42101935,-6.205,0.30481398,0
ZINC001209420841,COc1ncnc2c1CCN(C[C@H]1C[C@@H]1C)C2,0.6565087,-7.757,0.60994655,0
ZINC001210881991,CCc1[nH]nc2ncc(Nc3ccccn3)cc21,0.6731678,-8.366,0.57963336,0
ZINC001226294497,C#C[C@H]1CCC[C@@H]1Oc1cnccc1Cl,0.45427725,-7.419,0.24448389,0
ZINC001230239615,C[C@H]1COCC[C@@H]1Oc1nc(O)nc(Cl)n1,0.44420487,-7.263,0.24074963,0
ZINC001250956158,O[C@@H](CNc1ccon1)C(F)(F)F,0.32134205,-5.917,0.13730358,0
ZINC001255593243,Cc1ncn(C)c1-c1nnc([C@@H]2CCOC2)o1,0.56156117,-7.31,0.4683355,0
ZINC001335175772,C[C@H]1C[C@@H](C(=O)NCc2cn(C)cn2)CCC1=O,0.3977447,-7.96,0.07625407,0
ZINC000042415715,CN(CC(=O)N1CCCC1)c1cccc(F)n1,0.4621519,-7.37,0.26517707,0
ZINC000088008155,CCOC(CNC1CC1)OCC,0.39732966,-4.983,0.38492954,0
ZINC000177244034,COC(=O)[C@H](C)SCc1ncc(C)o1,0.33201575,-5.662,0.18495779,0
ZINC000199770054,N=C(N)c1c(F)ccc(Cl)c1F,0.59510267,-6.895,0.5779228,0
ZINC000233780981,CCOC[C@@H](O)CNCC1(C2CC2)CC1,0.39219937,-5.75,0.29502732,0
ZINC000235814886,Cc1ccncc1CNC[C@@H]1CC[C@H](O)C1,0.51949584,-7.337,0.38220093,0
ZINC000267609373,Cc1nc(C)c(C(=O)NCC(F)F)s1,0.38997197,-6.468,0.21596967,0
ZINC000307553617,NC(N)=Nc1nc(C2CC2)cs1,0.5468675,-5.56,0.6211638,0
ZINC000348086695,CCC(=O)NC[C@@H]1CC[C@H](C(N)=O)O1,0.33463207,-6.512,0.10177201,0
ZINC000381221164,Cc1cc(CN=c2[nH]c3ccccc3[nH]2)cs1,0.58228964,-8.522,0.3833937,0
ZINC000567484590,CC1(C)[C@H](NCc2nc(C3CC3)no2)C[C@@H]1O,0.50294256,-7.509,0.33152884,0
ZINC000613525155,CCC(=O)Nc1ccc(N=c2cncc[nH]2)cc1,0.5581903,-8.126,0.37682444,0
ZINC000618600143,CCC1(C(=O)NC[C@@]2(C)CC2(F)F)CCC1,0.42194873,-7.845,0.13615581,0
ZINC000725998242,CC(=O)[C@@H](C)OC(=O)Cc1cnn(C)c1,0.44898292,-6.576,0.321637,0
ZINC000774190099,Cn1nccc1CC(=O)OCC(C)(C)C#N,0.3818948,-6.817,0.16368645,0
ZINC000801299073,COc1ncccc1COC(=O)C1CC(=O)C1,0.38607073,-6.885,0.16488916,0
ZINC000810960391,CC(=O)OCC1CCN(CC(F)F)CC1,0.45178357,-6.333,0.35244787,0
ZINC000823081554,C=C=CCNC(=O)[C@@]1(C)CCN(C)C1=O,0.44316316,-7.181,0.24721107,0
ZINC000824966066,COc1cc(C(=O)N[C@@H]2C=CCC2)ncn1,0.4611666,-7.399,0.2602103,0
ZINC000837726813,CC/C=C/CCOC(=O)[C@@H](O)c1cnn(C)c1,0.5428911,-6.76,0.48853135,0
ZINC000848505417,Cc1noc(CN(C)Cn2ccnc2S)n1,0.5343572,-5.96,0.5547968,0
ZINC000854585496,Cc1ncoc1CNC(=O)C1(O)CCC1,0.34671876,-6.596,0.116981715,0
ZINC000935479985,C=C(C)CNC(=O)C[C@H]1CC(=O)NC1=O,0.44478837,-7.647,0.20198372,0
ZINC001222147572,CCCOC(=O)[C@@H](C)OCc1ccccn1,0.34641072,-6.491,0.12728764,0
ZINC001245916713,CCc1cc(O)n(C(=O)c2cc(C3CC3)[nH]n2)n1,0.5256828,-7.859,0.34018815,0
ZINC001297242367,C=C(C)C(C)(C)C(=O)NCC1CN(C(C)=O)C1,0.48061138,-7.126,0.32711053,0
ZINC001345463318,C=C(C)CCOC(=O)c1cn2c(cccc2C)n1,0.55207455,-8.014,0.37635353,0
ZINC000004671195,Cc1c[n+](CC(=O)c2ccccc2)cs1,0.556441,-6.98,0.49250078,0
ZINC000080094206,CCCNCc1ccn(C(C)C)n1,0.5138013,-6.116,0.49785924,0
ZINC000092457533,C[C@@H]1OCC[C@@H]1C(=O)N[C@H]1C=CCCC1,0.39978117,-7.638,0.11376419,0
ZINC000114339172,C[C@@H](C(=O)NCc1ncc[nH]1)c1ccccc1F,0.48763034,-8.738,0.17342626,0
ZINC000126268274,CCC[C@@H](O)CNC(=O)C1=NN(C)C(=O)CC1,0.52333367,-7.042,0.42047238,0
ZINC000238415073,COC(=O)c1cn(C[C@@H]2CCCN2)nn1,0.46405044,-6.481,0.3613609,0
ZINC000309661229,C=CCOCCNC[C@@H]1C(C)=CCC[C@@H]1C,0.47844756,-6.799,0.35682005,0
ZINC000334736968,CN1CC[C@H](C(=O)NCC2CCC2)C1,0.40064368,-7.031,0.17857827,0
ZINC000369534055,CC[C@H]1CN(CC#N)C[C@@]2(CCOC2)O1,0.43159485,-6.748,0.26931122,0
ZINC000387746469,CC[C@@H]1C[C@H]1CN=c1nc(C(C)C)[nH]s1,0.4962296,-7.224,0.3478604,0
ZINC000408404039,Cc1nnc(SCC2(O)CCOCC2)s1,0.4158401,-6.757,0.23716679,0
ZINC000565808630,C[C@@H]1C[C@@H]1CC(=O)Nc1cncc2nncn21,0.5909949,-8.067,0.44794112,0
ZINC000704257573,CC(C)ONC(=O)c1cc([N+](=O)[O-])cn1C,0.5115126,-6.906,0.4111948,0
ZINC000719643722,C[C@H](N[C@@H]1CCN(C)[C@@H]1C)C1CCC1,0.46368918,-7.167,0.28932673,0
ZINC000767254038,O=C(CCC1CCCC1)O[C@H]1CCCNC1=O,0.4472289,-8.035,0.16648062,0
ZINC000792525743,CC1(F)CN(C(=O)c2ccnc(Cl)c2)C1,0.49528152,-7.584,0.30855575,0
ZINC000805208771,C/C(=C\C(=O)NCc1cnn(C)n1)C(C)(C)C,0.41280288,-7.409,0.16336654,0
ZINC000839685848,C#CCCNC(=O)[C@@H]1C[C@H]1c1ccc(Cl)cc1,0.493812,-8.152,0.24659383,0
ZINC000845652571,COC/C(C)=C\C(=O)N1C[C@H](C)S[C@@H](C)C1,0.36818516,-6.68,0.15077184,0
ZINC000872365737,CC1(C)CC(=NOCCC(F)(F)F)CCO1,0.36576298,-7.086,0.10376479,0
ZINC000931688817,O[C@H](CN1CC[C@H](CF)C1)C1(O)CCC1,0.38441968,-6.846,0.16567309,0
ZINC001205231357,CC(=O)[C@H](C)OC1CC=CC1,0.41430366,-6.038,0.3088726,0
ZINC001218258175,OC1CC(Oc2ccc3c(c2)CCCN3)C1,0.6151134,-8.637,0.4364589,0
ZINC001218424871,O[C@H]1C[C@H](COc2ccccc2S)C1,0.43120077,-6.728,0.27060986,0
ZINC000011885828,NC1(c2ccc(F)cc2)CCCC1,0.47282374,-7.863,0.23506328,0
ZINC000054765271,c1nc(CN[C@H]2CCN(C3CC3)C2)c[nH]1,0.59268296,-6.31,0.63394785,0
ZINC000292371233,Cc1n[nH]c(CN2CCCc3cccc(F)c32)n1,0.5893175,-8.193,0.43151903,0
ZINC000322154835,C[C@@H](NCC1(C)CCC1)[C@@H]1C[C@H]1C,0.38210705,-6.38,0.20953873,0
ZINC000360365720,O=C(CC(=O)N[C@H]1CC[C@@H](F)C1)NCC1CC1,0.3724556,-7.531,0.070758745,0
ZINC000570057798,C[C@H](NC1CC1)c1cncc(Br)c1,0.5534225,-6.532,0.5330968,0
ZINC000639253693,CC(C)n1cc(CN2CC(C)(O)C2)cn1,0.41729626,-6.677,0.2483684,0
ZINC000644126279,NC(=O)[C@H](CO)NC(=O)CCCC1CC1,0.38659093,-6.311,0.22559431,0
ZINC000742465846,Cc1ccc([C@H](C)C(=O)NCCC(C)C)o1,0.3714248,-7.084,0.11518825,0
ZINC000755936827,C#CCOCCC(=O)N[C@H]1CCSC1,0.3192962,-6.114,0.112770274,0
ZINC000827466767,C[C@H](CNC(=O)[C@H]1CCNC(=O)C1)C(=O)O,0.3636725,-7.259,0.08163815,0
ZINC000836980934,CCc1nc(CNC(=O)[C@@H](F)C(C)C)co1,0.36106113,-6.817,0.12241685,0
ZINC000839540203,C#CC[C@H](NCCC#N)c1ccccc1,0.5320974,-7.267,0.41444093,0
ZINC000859709023,C[C@@H]1C[C@@H]1COC(=O)Cn1cc2ccccc2n1,0.5698755,-8.284,0.38354552,0
ZINC000898428526,Cn1ncc(CNC/C=C\Cl)c1Cl,0.65935564,-6.042,0.7938824,0
ZINC001119239880,Cc1[nH]nc(C(F)F)c1NC(=O)C[C@H](C)N,0.47594103,-6.463,0.3867864,0
ZINC001155017828,C#CCCCNc1nnc(OC)c2ccccc21,0.584478,-8.297,0.4111204,0
ZINC001174296603,c1n[nH]cc1Nc1ccc(OC2COC2)cc1,0.46721032,-7.27,0.2855936,0
ZINC001240665018,Cc1c(F)c(F)ccc1C1=CCCNC1,0.6986408,-8.453,0.62104833,0
ZINC001251978941,N#Cc1ncc(NC[C@H](O)c2ccccc2)cn1,0.4390111,-7.984,0.15550399,0
ZINC001345410275,C[C@@H](OC(=O)C[C@@H]1CC=CCC1)c1nccn1C,0.47555417,-8.081,0.2178081,0
ZINC000034497280,c1csc(C2OCCO2)n1,0.30564255,-4.786,0.22378638,0
ZINC000035571244,Nc1cccc([C@H]2CCCN2)c1,0.52372324,-7.075,0.41781333,0
ZINC000206996959,CCOc1ccccc1/C=C\C(=O)NC(C)C,0.5958199,-7.329,0.5342237,0
ZINC000225502004,c1ccc([C@@H]2CN[C@H]3CCC[C@@H]23)cc1,0.66861796,-8.442,0.5627193,1
ZINC000230279309,NNc1cccc(Br)c1F,0.5888801,-6.152,0.642841,0
ZINC000307588556,Cc1ccc(CN2CC=CCC2)s1,0.6302753,-6.687,0.6692209,0
ZINC000331806374,COC[C@@H](CO)NC(=O)c1cc(C2CC2)no1,0.40081048,-6.668,0.21664722,0
ZINC000335811315,C[C@@H]1C[C@H](C)CN1C(=O)CC1CCC1,0.39700192,-7.159,0.15805702,0
ZINC000416279175,Cc1cnn(CCC(=O)N[C@H]2C[C@@](C)(O)C2)c1,0.40356505,-7.527,0.13279961,0
ZINC000640477869,Cc1cc(CN2C[C@H]3C[C@@]3(O)C2)c(C)s1,0.58267343,-7.272,0.51410764,0
ZINC000650803047,CC(C)N(C(=O)[C@@H]1C[C@@H]1C)C1COC1,0.31244007,-6.107,0.0999166,0
ZINC000655703292,c1c(CNC2CC2)nn2c1CCCC2,0.40802595,-6.971,0.19943963,0
ZINC000715380781,Cc1c[nH]nc1CN1CCCO[C@H](CN)C1,0.36021838,-6.588,0.14455497,0
ZINC000732359550,CCOC(=O)[C@H](C)OC(=O)[C@@H]1CNC(=O)N1,0.30704248,-5.773,0.12394813,0
ZINC000763257828,C[C@@H]1CC(=NC(=O)CCc2cccnc2)NO1,0.45480257,-7.87,0.19863725,0
ZINC000763592932,Cc1cn2ccnc(C(=O)OCCO)c2n1,0.40890336,-6.623,0.23735683,0
ZINC000811662979,C=Cn1cc(C=NNC[C@H]2CCSC2)cn1,0.47841665,-6.824,0.3541598,0
ZINC000820465380,CC[C@H](C)[C@H](NCc1cn(C)nn1)C(=O)O,0.4123895,-6.474,0.25975296,0
ZINC000842819535,COC1(C(=O)O[C@H]2CCC[C@@H](C#N)C2)CC1,0.4078838,-7.203,0.17503864,0
ZINC000864461102,C=C(Cl)CNC(=N)N[C@H]1C[C@@H]1C,0.4333161,-5.691,0.38260967,0
ZINC001240242043,COc1cc(C)ncc1-c1cn[nH]c1,0.3819911,-6.692,0.1768726,0
ZINC000003887828,COc1ccc(C=O)cc1OC(F)F,0.36921778,-6.466,0.17506547,0
ZINC000038091381,Cc1csc(CNC(=O)C[C@@H](C)N)n1,0.43750072,-6.022,0.35648727,0
ZINC000082580635,Cc1ccc(F)c(NC[C@@H]2CCCOC2)c1,0.5194108,-7.818,0.33202636,0
ZINC000156309566,CCCSCC(=O)N1CCC[C@@H]([C@@H](C)N)C1,0.40111485,-6.589,0.22546323,0
ZINC000269668281,C#CCNC(=O)N1CCC[C@H]1C[C@@H](C)O,0.37897035,-6.608,0.17962167,0
ZINC000334263449,CC(=O)N[C@H]1C[C@@H](Oc2ccccc2)C1(C)C,0.60872006,-7.701,0.5211035,0
ZINC000334477596,CC#CCN(C)C(=O)c1cc(C)no1,0.44169343,-6.672,0.29721677,0
ZINC000362959210,COc1ncccc1CN(C)Cc1cccs1,0.6501439,-6.534,0.72448516,0
ZINC000624468115,O=C(COCC(F)F)NC[C@H]1CCCOC1,0.40036872,-6.434,0.24009943,0
ZINC000624882100,COCCCNC(=O)N[C@H]1CO[C@H](C2CC2)C1,0.5471467,-6.613,0.5122439,0
ZINC000629820562,CO[C@H]1C[C@@H](CNC(=O)C2(O)CCC2)C1,0.3521352,-6.708,0.11606739,0
ZINC000632093312,C=C[C@H](C)NS(=O)(=O)C1(C(C)C)CC1,0.33724025,-6.494,0.10880989,0
ZINC000641458611,Cc1nc([C@H](C)Sc2ccc(C)nn2)n[nH]1,0.44961283,-7.444,0.23264503,0
ZINC000660570128,Cc1cncc(CN2CC[C@@H]2C(F)(F)F)c1,0.6265159,-7.259,0.6023071,0
ZINC000666323839,C[C@@H](CC(=O)Nc1cn[nH]c1)[C@H]1CCCO1,0.6000321,-7.152,0.56096905,0
ZINC000716046018,CO[C@H](C)C(=O)N[C@H](C)c1ccns1,0.4184537,-6.179,0.30243468,0
ZINC000736764552,C[C@@H]1C[C@H]1COC(=O)CCSCC(=O)O,0.6020001,-5.703,0.7155098,0
ZINC000763689182,C[C@@H](O)CCN(C)C[C@@H]1CC2(CC2)C(=O)O1,0.51065654,-6.677,0.43330663,0
ZINC000769764127,Cc1cnccc1C(=O)O[C@@H](C)c1ccccc1,0.6074022,-8.693,0.41536173,0
ZINC000774334167,CCO[C@@H]1C[C@H]1COC(=O)c1cccc(C)n1,0.40331414,-7.355,0.15018424,0
ZINC000802817872,CCO[C@@H]1C[C@@H]1COC(=O)C1CC(C)(C)C1,0.6614315,-6.871,0.71180934,0
ZINC000844620077,C=C[C@H](C)ON=C1CCO[C@@H](C(F)(F)F)C1,0.3271478,-7.168,0.0187467,0
ZINC000869318537,C[C@H]1C[C@H]1C(=O)OCCc1nnnn1C,0.45977408,-6.647,0.33563194,0
ZINC000912051028,CCn1nccc1NC(=O)C1CC(NC)C1,0.40290707,-6.583,0.22963722,0
ZINC001044891885,CC(=O)N1CCC[C@H]1CNCc1ccns1,0.4193292,-6.184,0.30364916,0
ZINC001240717200,Cc1cc(-c2cnc3[nH]nnc3c2)ccn1,0.4976399,-8.542,0.21363099,0
ZINC000037902470,NCCNC(=O)c1ccc(=O)[nH]c1,0.35356417,-6.107,0.18137977,0
ZINC000049714842,O[C@@H](CNCc1ncc[nH]1)c1ccccc1,0.5460009,-7.363,0.43200207,0
ZINC000082843108,COc1nn(C)cc1C(C)=O,0.35773858,-5.389,0.26429424,0
ZINC000098095542,Cn1nc(S(C)(=O)=O)c2c1nc[nH]c2=O,0.44700328,-6.694,0.3054479,0
ZINC000123351782,NC(=O)CNC(=O)c1ccc(F)cc1O,0.43670657,-7.414,0.2101978,0
ZINC000221216846,C[C@@H]1CCN(S(N)(=O)=O)C[C@@H]1O,0.3192064,-6.124,0.111552715,0
ZINC000293030356,C[C@H](O)CCNc1cncc(-c2cccs2)n1,0.54663044,-7.004,0.47057176,0
ZINC000306537522,CN(C(=O)C(F)(F)F)[C@H]1CC[C@H](O)CC1,0.3643949,-6.878,0.12267904,0
ZINC000336761557,C[C@@H](CN)CNC(=O)[C@H]1COCCN1,0.29837486,-6.194,0.06300994,0
ZINC000358860567,C[C@@H](CSc1ccc(Cl)cn1)N(C)C,0.47568968,-6.158,0.41799718,0
ZINC000379890546,C#CCCCOC(=O)c1cnn(C)c1N,0.3522744,-6.114,0.17809708,0
ZINC000493582158,CC(C)C1(NC(=O)/C=C\c2cnccn2)CC1,0.5090378,-7.394,0.35555863,0
ZINC000547182812,CC(C)OCCCc1nc([C@H]2C[C@@H]2C)no1,0.4245741,-7.173,0.21121953,0
ZINC000622331879,Cc1nccn1CC(=O)N1CCNC(=O)CC1,0.43404743,-7.02,0.24589162,0
ZINC000889495594,Cn1nc(NC(=O)C(C)(C)O)c2ccccc21,0.55103,-8.004,0.37532395,0
ZINC000922815310,COc1cc(NC(=O)[C@@](C)(O)C2CC2)n(C)n1,0.3601966,-6.565,0.14690295,0
ZINC001122786607,C#CCNCCNC(=O)CC(C)C,0.3480198,-6.114,0.16966915,0
ZINC001170766744,CC/C=C/Nc1cc(C)c(=O)n(C)c1,0.56911916,-6.937,0.5220854,0
ZINC001343545257,CC[C@H](C)NN=C(C)[C@@H]1COCCO1,0.3630661,-6.327,0.17733036,0
ZINC001604358120,C[C@H](N[C@@H]1C[C@H]2CC[C@@H]1O2)[C@H]1C[C@@H]1C(=O)O,0.5174883,-6.883,0.42542338,0
ZINC000069963904,CCCc1nccn1Cc1ccccc1,0.5371823,-7.781,0.3710766,0
ZINC000308173555,C/C=C(/CC)C(=O)OCCCC#N,0.37823644,-5.947,0.24688733,0
ZINC000330475819,CCCN(CCO)/C(O)=N/C[C@@H]1CCCCO1,0.44846597,-6.223,0.3573119,0
ZINC000335522242,O=C(Nc1cc(F)ccc1O)[C@H]1CCCCN1,0.60318124,-8.121,0.4664672,0
ZINC000354226304,C/C=C\C[C@H](CO)NC(=O)CCC(F)(F)F,0.46371567,-6.983,0.3085084,0
ZINC000390162261,C=C/C(C)=C\CC(=O)NCc1n[nH]c(=N)o1,0.3854066,-7.512,0.098388866,0
ZINC000492856405,N#Cc1cnn(C(=O)/C=C\c2ccc[nH]2)c1N,0.42598045,-7.134,0.21805994,0
ZINC000522267815,C[C@@H]1CN(CCNC(=O)c2ccc[nH]2)CCO1,0.53288925,-6.845,0.45988184,0
ZINC000634983336,O[C@H](CNCc1ccon1)C1CCC1,0.41950783,-6.363,0.28539366,0
ZINC000661859563,CC[C@@H]1CC[C@@H](C)N(CCCCF)C1,0.48008046,-6.502,0.39093167,0
ZINC000797555477,CCc1occc1C(=O)OCc1ccsc1,0.5368324,-6.968,0.45490545,0
ZINC000802151694,COC[C@H](C)COC(=O)[C@H]1C[C@@H]1C(F)F,0.30630657,-6.236,0.07435548,0
ZINC000855134694,CN(Cc1cnc[nH]1)C(=O)CCCn1cccn1,0.3811688,-6.401,0.20549694,0
ZINC000895830838,COC(=O)C1CC(N[C@@H](C)COC(C)=O)C1,0.6352577,-6.132,0.73679006,0
ZINC000902712473,C(COC1CCSCC1)ON=C1CCC1,0.4564277,-6.739,0.31943852,0
ZINC000924125642,COc1ccc(COC(=O)[C@@H]2C[C@H]2OC)cn1,0.42151383,-7.136,0.20900398,0
ZINC000926365030,C[C@H](N[C@@H](C)c1ccns1)C(=O)NCCF,0.34154683,-6.685,0.09748393,0
ZINC000933332400,COC[C@H]1COCCN1Cc1cc[nH]n1,0.38610086,-5.858,0.27171874,0
ZINC001158202997,CCCc1nccnc1NCC1OCCO1,0.4533707,-6.297,0.35933447,0
ZINC001222492086,CCCC[C@H](CC)OCc1nncn1C,0.45986614,-6.387,0.3628447,0
ZINC001249571000,Cc1cc(CN2CC(C)(C#N)C2)ns1,0.5203868,-6.566,0.46412125,0
ZINC001252585926,C=CCC[C@@H](O)CNCCC#N,0.4255255,-5.505,0.38651425,0
ZINC001349444539,C[C@H]1SCC[C@@H]1NC(=O)Cc1ccccc1,0.60081047,-7.963,0.47819704,0
ZINC000002913586,c1ccc(Cn2nnc3ccccc32)cc1,0.6711772,-8.965,0.5134164,0
ZINC000048635064,NCC(=O)OCc1ccccc1Cl,0.52291936,-6.595,0.46612304,0
ZINC000070657943,CC[C@@H](COC)NCc1ccc(C(=O)O)o1,0.5186421,-6.235,0.49507698,0
ZINC000073443880,CC[C@@H]1C[C@H](C)CN1C(=O)NCCNC(C)=O,0.61998457,-7.205,0.59498316,0
ZINC000085957169,CN(C)C(=O)N1CCC(CCN)CC1,0.38299614,-6.285,0.2211764,0
ZINC000165383488,CC(C)N(C)C(=O)[C@@H](C)C(=O)O,0.30578718,-5.848,0.11366425,0
ZINC000174890126,Cc1ccc2[nH]c(CNC(=O)C3CCC3)nc2c1,0.6777816,-8.82,0.54157364,0
ZINC000331103737,CC(C)(C)OCc1cc(CNC(=O)CO)no1,0.43757418,-6.68,0.28822517,0
ZINC000331997916,O=S(=O)(N[C@@H](CO)CC(F)F)C1COC1,0.31451565,-5.979,0.11733541,0
ZINC000336741333,C[C@H](CCC1CC1)NCc1ccc(C#N)o1,0.63889545,-7.394,0.6127949,0
ZINC000453020724,Cc1noc([C@H]2CCC[C@@H]2c2ccccc2)n1,0.62539834,-8.903,0.42917827,0
ZINC000597337833,C[C@@H](CC#N)C(=O)NCC1(C)CC1,0.33405453,-6.698,0.08129084,0
ZINC000603420864,O=[N+]([O-])c1ccc(N2C[C@@H]3C[C@]3(O)C2)s1,0.41531008,-6.951,0.21594809,0
ZINC000608145560,COC(C)(C)CNC(=O)C1(C(N)=O)CC1,0.3495781,-6.484,0.1342897,0
ZINC000613009067,C=C[C@](C)(O)C(=O)N(C)[C@@H]1CCSC1,0.45595607,-6.104,0.3845207,0
ZINC000635982724,Cc1cn2ccc(C(=O)N3CCOC3)cc2n1,0.43726167,-7.956,0.15494947,0
ZINC000638000298,CCN[C@@H](C)C(=O)N1C[C@@H]2CCC[C@@H]2C1,0.40335584,-6.995,0.18769345,0
ZINC000681330835,Cc1cncc(CNC(=O)[C@H]2CCN(C)C2=O)c1,0.50411695,-8.204,0.2616009,0
ZINC000715985052,O=C(O)c1coc(NCC[C@H]2CCCS2)n1,0.3908577,-6.981,0.16439126,0
ZINC000761110711,FC(F)[C@@H]1CCN(Cc2cscn2)C1,0.5611067,-6.227,0.5800271,0
ZINC000841970598,C=C(Cl)CNC(=O)NCC(F)(F)CN,0.27509275,-6.078,0.028949928,0
ZINC000854864510,CON1CCN(C(=O)c2[nH]c(O)nc2C)CC1,0.42976952,-7.08,0.23117968,0
ZINC000864428002,O=C(/C=C\CN1CCOCC1)NC1CC1,0.40532964,-6.305,0.2633378,0
ZINC000900300860,C/C=C/[C@@H](O)C(=O)NCCCn1ccnc1C,0.5376892,-7.196,0.43289912,0
ZINC000918560384,Cc1nc(Cl)nn1CC[C@@H]1CCCC1(F)F,0.48052636,-7.583,0.27943105,0
ZINC001120371577,Nc1ccc(CNCC2(N)CC2)cc1,0.6393915,-6.881,0.6671104,0
ZINC001136870218,FC(F)(F)[C@H]1CCCCN1Cc1cnc[nH]1,0.43344724,-7.172,0.22890037,0
ZINC001143971766,CCC(=O)C(=O)NCc1ccc(C)c(F)c1F,0.44564152,-8.253,0.1406722,0
ZINC001218426780,Cc1cccc(OC[C@H]2C[C@H](O)C2)c1F,0.47957462,-7.59,0.276818,0
ZINC001240664364,Cc1c2nc[nH]c2ncc1C1=CCCNC1,0.7007621,-8.166,0.65508765,0
ZINC001241914880,NCc1ccc(-c2cnc(F)nc2F)cc1,0.55544776,-8.703,0.31140515,0
ZINC001355312239,C=CCOCCNc1cnc(N)c(Cl)n1,0.485504,-6.236,0.42932934,0
ZINC000088023404,O[C@]12CCCC[C@H]1CN(CC(F)F)CC2,0.41053444,-7.294,0.1708287,0
ZINC000133325775,Cc1nonc1COc1ccc(Cl)c(F)c1,0.6669774,-7.932,0.61249065,0
ZINC000163348282,CC#CCCNC(=O)c1cc(F)ccc1F,0.4536916,-8.356,0.14591052,0
ZINC000270479480,COCCCCn1ccc(-c2cccs2)n1,0.55074364,-6.781,0.5019034,0
ZINC000277483110,CC(C)[C@]1(C)C[C@@H]1C(=O)NCc1cccnn1,0.412463,-8.108,0.09002323,0
ZINC000307702214,COC(=O)N[C@@H]1CCOC[C@H]1OC,0.4962993,-5.322,0.54573596,0
ZINC000308516180,NC(=O)C1(NCC[C@@H]2CCCO2)CC1,0.40353405,-6.223,0.26830584,0
ZINC000308825499,C[C@H](NC(=O)[C@H]1CN(C)CCO1)C(=O)O,0.41126266,-6.487,0.2561693,0
ZINC000314016572,Cc1ccc(CN[C@H](C)c2nccs2)nc1C,0.533016,-7.535,0.3883986,0
ZINC000334348022,CC[C@H]1CN(C(=O)C2(C#N)CCC2)C[C@H]1O,0.44940653,-7.731,0.20239903,0
ZINC000338202427,C[C@H](C#N)C(=O)N1CCO[C@@H](C(=O)C2CC2)C1,0.40700647,-7.181,0.17558792,0
ZINC000349122764,Cc1ccoc1CN1C(=O)N[C@@H]([C@@H](C)O)C1=O,0.41101936,-7.707,0.1288526,0
ZINC000379325521,O=C(OCCO)c1scnc1Cl,0.3828196,-5.299,0.3233341,0
ZINC000379412762,CO[C@@H](C)CN(C)C(=O)C1(C)CC1,0.28741443,-5.908,0.07103171,0
ZINC000399277616,C[C@@H]1CC[C@H](O)CN1C(=O)COc1ccccc1,0.5044573,-8.48,0.23358135,0
ZINC000591241314,COC(=O)c1ccc(Cl)cc1OC[C@@H](C)O,0.44075745,-7.134,0.2473318,0
ZINC000621197765,C[C@]1(C(F)F)CN(C(=O)CC2CC2)CCO1,0.5335606,-7.027,0.4422904,0
ZINC000833600651,C[C@@H]1C[C@H](NC(=O)O)CCO1,0.365111,-5.569,0.26018497,0
ZINC000846922343,CCN1C[C@H](CN2C[C@H](C)[C@@H]2C)OC1=O,0.49866986,-6.542,0.42359707,0
ZINC000854863471,CC[C@H](C#N)C(=O)N1CCN(OC)CC1,0.39959815,-6.251,0.25759822,0
ZINC000886328527,c1ccc(-c2nnc(CN3C[C@@H]4C[C@@H]4C3)o2)cc1,0.6187817,-8.758,0.43114585,0
ZINC000889917735,CCC[C@H](C)C(=O)N1CCCSC[C@@H]1C,0.43906868,-6.628,0.29659176,0
ZINC000900066173,C/C=C\[C@@H](O)C(=O)Nc1ccccc1SC,0.41657794,-7.085,0.20452854,0
ZINC000923760835,O=C(NCC#CCO)N1C[C@@H]2CC=CC[C@@H]2C1,0.4673233,-8.649,0.14245254,0
ZINC001157073437,N=CNc1nnc(Cl)cc1Cl,0.54782134,-5.757,0.60257256,0
ZINC001251756653,CC[C@@H](O)CNc1nc2ccc(C)cc2[nH]1,0.57153547,-7.467,0.4717716,0
ZINC001357325873,CCO[C@H]1CCN(C(=O)NCCCF)C1,0.33334342,-6.073,0.14485902,0
ZINC000000253688,C[C@@H](C(=O)O)n1cnc2ccccc2c1=O,0.46922538,-8.344,0.17792907,0
ZINC000054931791,Brc1ccc(SC2CNC2)cc1,0.6346777,-6.499,0.69748664,0
ZINC000096033620,CCn1nccc1CNC[C@@H](C)O,0.33764556,-5.567,0.20598638,0
ZINC000157899231,C[C@H](C(=O)N1CCC[C@H](N)C1)c1ccsc1,0.5149497,-7.173,0.39024538,0
ZINC000187420020,O=C(Nc1ccc(O)nn1)[C@@H]1CCCO1,0.42164543,-7.379,0.18400171,0
ZINC000193423788,COc1cc(C)ccc1NC(=O)CCSC,0.41389775,-6.679,0.24142832,0
ZINC000300883640,C#CCN(CC#N)C(=O)c1ccc(F)cc1,0.44279206,-7.794,0.18274668,0
ZINC000302706049,Cc1ccc(N2CCC(O)CC2)nc1C#N,0.5642615,-8.103,0.39124212,0
ZINC000306765933,COC(=O)N1C[C@H](N)C(C)(C)C1,0.47386792,-5.831,0.44838434,0
ZINC000335374161,C[C@@H](NC1CC(C)(F)C1)[C@H]1CCOC1,0.45977408,-6.904,0.3089135,0
ZINC000345344199,COC[C@H](C)CNC(=O)[C@H]1CCO[C@H](C)C1,0.4330758,-6.85,0.26164058,0
ZINC000577612972,CC(C)(O)CCNC(=O)C1(CF)CCC1,0.40505826,-6.768,0.21466537,0
ZINC000633723931,CN1CCC[C@@H]1C(=O)NCC(C)(C)F,0.38119277,-6.936,0.14992426,0
ZINC000656550268,CCCNC(=O)NCc1cc(COC)cs1,0.5370951,-6.385,0.5160363,0
ZINC000823097570,C=CCN(C(=O)CO)C(C)C,0.24224433,-4.93,0.083229594,0
ZINC000890548147,C=CC[C@@H]1CCN1C(=O)c1c(C)[nH]nc1Cl,0.44068748,-7.137,0.24688134,0
ZINC000906319279,c1c(CN2CCCC3(CC3)CC2)nnn1C1CC1,0.47521874,-7.643,0.2626794,0
ZINC000929382883,C#CCNC(=O)Cc1ccc(OC)cc1C,0.5503939,-7.761,0.39932683,0
ZINC001120953214,Cc1nccn1CCNc1nccn2ccnc12,0.48840055,-7.063,0.34908986,0
ZINC001173797543,COc1ccc(Nc2ccc(F)cc2)nc1OC,0.50184184,-8.016,0.27663916,0
ZINC001218414315,Cc1c[nH]c2cccc(O[C@H]3C[C@@H](O)C3)c12,0.5832446,-7.499,0.49163955,0
ZINC001333023715,OC[C@H](O)CN1CC[C@@](F)(CO)C1,0.32943064,-5.398,0.20728314,0
ZINC000001733288,C[C@H](N)CNc1ccccc1,0.6123996,-6.015,0.7036738,0
ZINC000002034384,CCC[C@@H](O)C(C)C,0.30755007,-5.02,0.20323767,0
ZINC000036284497,CCCCS(=O)(=O)N[C@@H]1CCNC1,0.32212496,-5.533,0.17877623,0
ZINC000048444102,COC(=O)CNc1cc(Cl)ccc1C(N)=O,0.4895521,-6.805,0.3781934,0
ZINC000072222098,CCOc1ncc([C@H](C)N)cc1C,0.5805315,-6.719,0.5673561,0
ZINC000091907445,Cc1nc(N)cc(NCCCc2ccco2)n1,0.5951676,-7.253,0.5408327,0
ZINC000192382935,C=C(Cl)CN([C@H](C)C(=O)OC)C1CCC1,0.34003642,-5.922,0.17381562,0
ZINC000290534124,CC[C@@H](CNC(=O)[C@@H]1CC=CCC1)OC,0.38409805,-7.138,0.13467883,0
ZINC000335125135,Cc1cnc(CSc2nccn2C)nc1,0.44002542,-6.433,0.31875974,0
ZINC000335441921,Cc1ccncc1C(=O)N1CC[C@H](F)C1,0.38053483,-7.17,0.12429358,0
ZINC000335915573,N=C(O)CNC(=O)[C@H]1CCCC(F)(F)C1,0.36614066,-7.271,0.08527984,0
ZINC000351074732,CCc1noc([C@H](CC)CC(F)(F)F)n1,0.31857064,-6.876,0.03211329,0
ZINC000360593424,C[C@H](CF)NC(=O)C[C@@H]1CCC(=O)[C@@H]1C,0.450602,-7.435,0.23554012,0
ZINC000393513549,OCCNN=Cc1cscc1Cl,0.52912843,-5.481,0.5942374,0
ZINC000493693798,O=C(/C=C/C1CC1)N1CCNC[C@H]1C(F)F,0.43924248,-7.459,0.21054287,0
ZINC000529510018,CCCONC(=O)[C@@H]1[C@@H](C)[C@@H]1C1CC1,0.33612695,-6.42,0.11429781,0
ZINC000597654613,COC(=O)[C@@H](CF)NC(=O)[C@@H]1CC(=O)N1,0.32822168,-5.923,0.15030771,0
ZINC000600801600,CCCSCC(=O)NC[C@H]1CCCC12CC2,0.5422163,-7.108,0.45101565,0
ZINC000659001732,NC1(CNC(=O)Nc2cccnn2)CCCC1,0.49095795,-7.882,0.26901016,0
ZINC000809801484,CON=CC(=O)N1CC[C@@H](C(F)(F)F)[C@H]1C,0.3493239,-6.52,0.13004348,0
ZINC000864461120,C#CCSCCNC(=N)N[C@H]1C[C@H]1C,0.399709,-5.751,0.30979925,0
ZINC000866319368,C[C@H](O)CCN(C)C(=O)[C@H]1CCC(=O)O1,0.3337984,-6.213,0.13120547,0
ZINC000885575239,CCC[C@H](C)OC(=O)[C@@H]1C[C@H](C)CO1,0.35642877,-6.458,0.15056325,0
ZINC000886621906,C[C@H](N[C@H]1C[C@@H](O)C1)c1c(O)cccc1F,0.534716,-7.776,0.36671096,0
ZINC000888732226,Cc1nocc1NC(=O)NCCC[C@@H](C)O,0.39920726,-6.743,0.20567419,0
ZINC001179572582,CN(C[C@@H](O)CO)C(=O)CCO,0.28318658,-4.974,0.15975814,0
ZINC001182967074,C[C@H]1OCC[C@H]1CNC(=O)CC(F)F,0.29711282,-6.318,0.047618583,0
ZINC001350037790,C[C@@H](CC(=O)OCc1nc[nH]n1)c1ccccc1,0.5941898,-8.205,0.4399231,0
ZINC001355167003,Cc1nnc(CCC(=O)N2C[C@@H]3CCC[C@@H]3C2)o1,0.6960836,-8.801,0.57980365,0
ZINC001532223396,CC(C)CCCCNC(=O)c1nccs1,0.38139063,-6.671,0.17786637,0
ZINC000006931549,CNC(=O)[C@@H](C)NS(=O)(=O)c1ccccc1,0.3912269,-7.287,0.13330992,0
ZINC000270584375,C#CCCN1CCC[C@H](n2cncn2)C1,0.4660062,-6.954,0.3160606,0
ZINC000380934576,Cn1cnc(CNc2cccc3ccccc32)c1,0.6520437,-8.454,0.5286396,0
ZINC000388513230,CS[C@@H]1CC[C@H]1N[C@@H](C)C1CC1,0.34599143,-5.517,0.22771695,0
ZINC000408293131,CC(=O)N1CC[C@H](NC(=O)c2cn[nH]c2)C1,0.39440578,-6.89,0.18088032,0
ZINC000409430706,COC[C@H]1CN(N)C[C@@H]1C(F)(F)F,0.43731007,-6.083,0.34976786,0
ZINC000578884538,C[C@@H](CNC(=O)c1c(Cl)cnn1C)C(=O)O,0.4056199,-6.455,0.24831833,0
ZINC000623809660,CCNC(=O)[C@H](C)N=c1[nH]c(=N)[nH]c(=N)[nH]1,0.42087907,-6.818,0.2408068,0
ZINC000649497130,CCNC(=O)N1CCC(Cn2cnnc2)CC1,0.597518,-7.464,0.52355254,0
ZINC000661570229,C=CCCNC(=O)NC[C@@H](O)C1CCCCC1,0.4418224,-7.184,0.24424323,0
ZINC000680007629,C[C@H](O)C[C@H](C)NC(=O)C1(C)CCC1,0.34094188,-6.518,0.11364734,0
ZINC000739026527,CCc1cc(CNC(=O)N[C@@H](C)CO)n[nH]1,0.43427828,-6.651,0.28471127,0
ZINC000758068752,CCC/C=C/C(=O)OC[C@@]1(C)CCCO1,0.46213272,-7.277,0.27480757,0
ZINC000766506227,Cc1nc(C(=O)NCC2CCSCC2)no1,0.40464672,-6.824,0.20802826,0
ZINC000793146404,CC[C@H](C)CON=C(C)CN1C(=O)CCC1=O,0.67676044,-6.742,0.7555858,0
ZINC000852800362,NC[C@@H]1CC(C(=O)NC[C@@H]2CCCO2)=NO1,0.44251058,-7.318,0.23167542,0
ZINC000862701018,O=C(CCC1CCC1)NN1CCOC1=O,0.4592534,-7.387,0.25766802,0
ZINC000863114272,CC[C@H](C)CON=C[C@@H]1CC12CC2,0.4408172,-6.618,0.30109504,0
ZINC000874485058,C[C@@]1(C(F)(F)F)CCN(C(=O)c2ccoc2)C1,0.43732783,-7.679,0.18387827,0
ZINC000909395351,COc1cccnc1CNC(=O)CCF,0.344688,-6.05,0.16972275,0
ZINC001157002987,OCC1(Nc2ncnc3cc[nH]c32)CCCC1,0.43574762,-7.393,0.2104814,0
ZINC001245311440,CCc1nc(C)cc(-c2cc[nH]n2)n1,0.55663216,-6.746,0.51720667,0
ZINC001333624654,C[C@H](C(=O)NC/C=C\Cl)n1ccnc1,0.41571146,-6.191,0.29575503,0
ZINC001515281647,CC[C@H](F)C(=O)Nc1ccc(-n2cnnn2)cc1,0.40367842,-8.112,0.07220591,0
ZINC001523006054,C=CCCC(=O)N[C@@H]1CCN(C(=O)C(C)C)C1,0.43247658,-6.885,0.2568149,0
ZINC000000090001,COCc1cc(=O)oc2[nH]nc(C)c21,0.425367,-6.628,0.26944995,0
ZINC000019401432,CCNCC(=O)Nc1cccc(C)c1,0.5643615,-7.246,0.48053634,0
ZINC000054700485,CCC[C@H](C)Nc1ncccc1F,0.49862742,-6.824,0.3941955,0
ZINC000077223901,CC[C@@H](C)[C@@H](O)CNc1nnc(C)s1,0.3957163,-6.383,0.23618555,0
ZINC000078400866,N/C(=N\Cc1ccccc1)c1cccnc1,0.5992895,-8.149,0.45584705,0
ZINC000082325810,COc1cccc(NC(=O)Cc2cc(C)n[nH]2)c1,0.63271755,-7.725,0.5661453,0
ZINC000289265453,CO/N=C/C(=O)N[C@@H]1C(=O)NCC[C@@H]1C,0.33994704,-6.446,0.11916201,0
ZINC000335109870,O=C1C[C@H]2CC[C@@H](CN1)N2Cc1cscn1,0.40401515,-6.784,0.21093565,0
ZINC000335468566,Cc1oc(C#N)cc1C(=O)N[C@H]1C[C@@](C)(O)C1,0.631208,-8.367,0.4964108,0
ZINC000336619738,Cc1nc(=NC(=O)Cc2ccco2)n(C)[nH]1,0.4658736,-7.046,0.30623338,0
ZINC000368629136,CC(=O)NCC(=O)N1C[C@H]2CCCC[C@H]21,0.3789965,-7.252,0.112721324,0
ZINC000379393650,CC[C@H](C)Cn1nnc(C2CC2)n1,0.35840458,-6.619,0.13773912,0
ZINC000380222276,C[C@@H](CN1CCCC1=O)NCC1(F)CC1,0.3967424,-6.698,0.20546985,0
ZINC000644071619,O=C(Cn1cncn1)N1[C@@H]2CC[C@H]1CC(=O)C2,0.372458,-7.361,0.08843725,0
ZINC000695017392,C=CCCC(=O)N[C@@H]1CC=C(C(=O)O)C1,0.42661795,-7.221,0.21027796,0
ZINC000750817609,Cc1cccc(OC(=O)[C@H]2[C@@H]3CCCC[C@@H]32)c1,0.58550674,-8.943,0.34599808,0
ZINC000791390478,CC(C)(CO)NC(=O)[C@H](O)c1ccccn1,0.41213718,-7.11,0.19313279,0
ZINC000813124940,CC1(C)C[C@@H]1COC(=O)c1ccc(C#N)[nH]1,0.43426877,-7.041,0.24414688,0
ZINC000858553129,C/C=C\CNC(=O)NCc1nn(CC)nc1C,0.41359195,-7.063,0.20090076,0
ZINC000883401446,C=C(C)C[C@H](CO)NCc1cccnc1Cl,0.7148304,-6.882,0.81644416,0
ZINC000931660464,CC1(C)CNC(=O)[C@@H]1NC/C=C\Cl,0.545714,-6.225,0.54974353,0
ZINC001247496814,COc1ccccc1-c1noc([C@@H]2COCN2)n1,0.5739156,-7.679,0.45444626,0
ZINC001607850186,Cc1cccc(CN2C[C@H]3[C@H](C(=O)O)[C@H]3C2)n1,0.5887801,-7.957,0.4549898,0
ZINC000005306373,Cc1cc(O)n(/C(N)=N/[N+](=O)[O-])n1,0.347331,-6.344,0.14439316,0
ZINC000015829897,NNc1ncnc2ccc(F)cc21,0.60880345,-7.118,0.5818791,0
ZINC000020429394,N#CC1(c2ccc(OC(F)F)cc2)CC1,0.47782218,-7.885,0.24267754,0
ZINC000039258696,NC(=O)c1c[nH]c2ncccc12,0.43058482,-6.332,0.31055897,0
ZINC000039593455,O=C(O)c1cccc2ccoc21,0.44809023,-7.132,0.26206532,0
ZINC000065459685,c1nncn1Cc1noc([C@H]2CCCO2)n1,0.4187359,-7.074,0.20994687,0
ZINC000082560981,c1cnc2nc(NC3CCC3)ccc2n1,0.7269076,-7.631,0.7624998,0
ZINC000094895795,COC(=O)[C@@H]1CN(C(=O)CCC(C)=O)C[C@H]1C,0.35390905,-7.318,0.05616384,0
ZINC000156313980,CN(CCC1CC1)C(=O)c1cccc(Cl)n1,0.5538737,-7.438,0.4398001,0
ZINC000202842932,C/C=C\C(=O)N1CCC[C@H]1CC(=O)O,0.3484538,-6.816,0.09754682,0
ZINC000293520254,C[C@@H]1CN(CCn2ccc([N+](=O)[O-])n2)[C@H]1C,0.4839211,-6.888,0.35841,0
ZINC000306587115,NC(=O)[C@@]12CCC[C@@H]1CNC2,0.3284984,-6.051,0.13754864,0
ZINC000307180936,C[C@H](O)C(=O)NC[C@@H]1CCSC1,0.3345167,-5.66,0.19011986,0
ZINC000309599472,C(=C\c1ccccc1)\CNCc1cn[nH]c1,0.52911717,-8.381,0.2927227,0
ZINC000335106010,Cc1nc(N[C@@H]2CC23CC3)ccc1C#N,0.53899086,-7.992,0.35272312,0
ZINC000356937762,CSCCc1nc(Cn2cccn2)no1,0.37700623,-5.844,0.2551586,0
ZINC000403010047,O=C(NCCCO)[C@@H]1C[C@@H]2C=C[C@H]1CC2,0.38096386,-6.991,0.14375284,0
ZINC000417674040,C[C@H]1CCC[C@H](CCNC(=O)NCCN)C1,0.61023647,-7.164,0.57993543,0
ZINC000581889519,C=CC1CCN(Cc2ccc(C(=O)O)o2)CC1,0.7402753,-7.564,0.7959455,0
ZINC000626369126,CC(C)[C@H]1CCN1C(=O)c1cn(C2CC2)nn1,0.4063385,-7.613,0.12935278,0
ZINC000744304650,C=C(C)CCOC(=O)c1c[nH]cc1C,0.38842595,-6.909,0.1670595,0
ZINC000782429717,CO[C@H](C)CCC(=O)O[C@H]1CCOC1=O,0.32112303,-6.21,0.10640864,0
ZINC000834225612,O=C(O)NC[C@H]1CCN(C(=O)c2cnco2)C1,0.35838452,-6.984,0.09975296,0
ZINC000835817179,O=C(OCC1=CCCCC1)[C@@H]1CCCOCC1,0.50711113,-8.474,0.23946212,0
ZINC000851052911,C[C@H](CC(=O)OC[C@@H]1CC1(F)F)[C@@H]1CCCO1,0.45948297,-7.587,0.23733015,0
ZINC000876967064,C=C(Cl)C[C@H](N)C(=O)N1CC2CC1(CN)C2,0.44365034,-6.785,0.2893454,0
ZINC000905974644,O[C@@H](CN1CC[C@H]1C(F)F)CC(F)(F)F,0.40456122,-6.367,0.2553699,0
ZINC000933532336,Cn1nccc1[C@H]1CN(CCO)CCO1,0.38851866,-5.69,0.29397392,0
ZINC001018387396,COCC(=O)N1CC[C@H](NCc2ccccn2)C1,0.48443416,-7.137,0.33353955,0
ZINC001141072132,CCCCc1ncc(CN2CCCC(=O)C2)[nH]1,0.42051014,-7.652,0.15337093,0
ZINC000054157813,CC(C)N(C)S(=O)(=O)NC[C@H](C)C#N,0.29154733,-5.93,0.07693145,0
ZINC000131569292,COC(=O)CCCC(=O)N1CC(N(C)C)C1,0.36062253,-6.15,0.1908913,0
ZINC000165066195,Cc1noc(C)c1CNc1nc(Cl)cs1,0.40990376,-6.753,0.22582336,0
ZINC000223711407,C[C@@H](NCc1ccno1)c1ccc2c(c1)CCO2,0.6035604,-8.459,0.43207875,0
ZINC000295252611,Cc1nocc1CN(C)[C@H](C)c1cccs1,0.43344572,-6.591,0.2892998,0
ZINC000334971172,Cc1nnc(NC[C@H]2CC23CC3)s1,0.53031695,-6.773,0.46227166,0
ZINC000379352199,CS[C@H](C)[C@@H](C)OC(=O)C1CCC1,0.29595444,-6.099,0.06809177,0
ZINC000381507794,Cc1cnc(NC[C@H](C)S(C)(=O)=O)nc1C,0.5220813,-6.728,0.45063597,0
ZINC000611410951,CCc1nn(C)cc1CN(CC)CC#N,0.5318465,-5.773,0.5692645,0
ZINC000638721448,N[C@]1(C(=O)NCC2(C(F)F)CC2)CC1(F)F,0.33212924,-7.027,0.043273207,0
ZINC000647182418,CCc1nc([C@H](C)N[C@@H]2CO[C@@H](C)C2)cs1,0.43534607,-6.8,0.27133596,0
ZINC000660333847,C[C@H](NC(=O)NCC1CCC1)c1cscn1,0.42559963,-7.019,0.22926131,0
ZINC000740735804,C#CCCN1CCC(NC(=O)c2cc[nH]n2)CC1,0.54472744,-7.633,0.4014094,0
ZINC000803152035,CC(C)[C@@H](O)C(=O)N[C@H]1CC[C@H](C)C1,0.4271785,-7.405,0.19225922,0
ZINC000902396930,C=CCOCCSC[C@@H]1C[C@H]1CC,0.5532566,-5.118,0.6797716,0
ZINC000927215892,CONC(=O)CNC(=O)N1CN(C)C(=O)[C@@H]1C,0.32974815,-6.783,0.06392344,0
ZINC001263494800,O=C(Cc1cc[nH]n1)OC[C@@H]1CCCSC1,0.46642095,-6.965,0.3157386,0
ZINC001599964271,Cc1[nH]c(CNC(C)(C)CF)cc1C(=O)O,0.56475526,-6.808,0.52685213,0
ZINC000050104662,CN(CCO)Cc1ccc([N+](=O)[O-])cc1Cl,0.39127392,-6.692,0.19526105,0
ZINC000069679865,CC(C)(N)c1cn(CCn2cccn2)nn1,0.4142852,-6.993,0.2095515,0
ZINC000082530298,C[C@@H](N)c1cc(Cl)cc(Cl)c1,0.59408116,-6.293,0.63848495,0
ZINC000086269854,C[C@H]1[C@H](C(=O)O)CCN1CCCCC#N,0.5057764,-6.598,0.43185255,0
ZINC000127570894,CCCN(C)Cc1cccc(Cl)c1F,0.70524913,-6.839,0.80193484,0
ZINC000135347853,CCOCCN1CCC([C@@H](O)C(=O)OC)CC1,0.43413293,-6.439,0.30646345,0
ZINC000177781249,CCC[C@@H](C)OC(=O)[C@@H]1C[C@@H]1C(=O)OC,0.5321115,-5.999,0.5462938,0
ZINC000229934971,CC[C@@H](N)c1cn(CCOc2ccccc2)nn1,0.49597356,-7.628,0.3053522,0
ZINC000261818760,CC(C)CSCCNC1=NCCCN1,0.35115528,-5.986,0.18918744,0
ZINC000294079862,CC[C@@H]1CCN1C(=O)COc1ccc(F)cc1,0.5435841,-7.43,0.42024907,0
ZINC000341292654,CCC[C@@H](O)CNC(=O)c1ccnc(C2CC2)c1,0.4621904,-7.648,0.23635161,0
ZINC000348214172,C[C@@H]1CS(=O)(=O)C[C@H]1NCc1cc[nH]c1,0.3840201,-6.596,0.19087231,0
ZINC000613101858,COc1ccnc(NC(=O)Cc2n[nH]c(C)n2)c1,0.4795888,-7.236,0.313649,0
ZINC000614358122,CNC(=O)[C@]1(C)CCN(C(=O)CCCF)C1,0.40012702,-6.571,0.22537775,0
ZINC000632358955,C=CCOCCNC(=O)C1CS(=O)(=O)C1,0.31528386,-6.345,0.08080674,0
ZINC000634558425,NCc1noc([C@H]2CCCC23CC3)n1,0.5074104,-7.399,0.35181504,0
ZINC000664359387,CC(C)(C)OCCCNc1ccc(F)cn1,0.35389867,-7.078,0.08109441,0
ZINC000667658010,C[C@@H](O)C[C@H](C)NC(=O)Nc1cc(F)ccn1,0.5066346,-7.074,0.38406622,0
ZINC000706049108,C=C[C@@H](C)Oc1cc(Cl)nnc1Cl,0.52011347,-6.378,0.48312485,0
ZINC000751905092,Cc1cccc(NC(=S)NC2CC(C)C2)c1C,0.6297723,-8.039,0.5276667,0
ZINC000826910563,CCC1(CC(=O)Nc2nnn(C)n2)COC1,0.3417436,-6.662,0.10026482,0
ZINC000848754449,CCc1occc1C(=O)OCc1cnsn1,0.40785253,-6.991,0.19701684,0
ZINC000880733368,CCC(=O)c1ccc(C(=O)NC2CSC2)cc1,0.50053465,-7.922,0.2838223,0
ZINC000886345089,C[C@@]1(CNCc2ccco2)CCOC2(CCC2)C1,0.6909271,-8.088,0.64371455,0
ZINC000901226067,CC[C@](C)(CO)NC(=O)[C@H]1COC(=O)N1,0.33735093,-6.513,0.10705386,0
ZINC001201511095,CCCOC1CN(C[C@H](C)CC)C1,0.4199351,-5.687,0.35651898,0
ZINC001240717738,Cc1ncccc1-c1cnc2[nH]ccc2n1,0.6659552,-8.048,0.598406,0
ZINC001335361949,C[C@H](Cc1cccnc1)NC(=O)CC1COC1,0.51795876,-7.155,0.39807743,0
ZINC001349762874,CC(C)(CNC(=O)[C@@H]1C[C@@H]1F)C(C)(F)F,0.33884495,-6.925,0.06718063,0
ZINC001624526103,CC[C@H](C#N)C(=O)Nc1nc(C(C)C)co1,0.46619436,-7.362,0.2740165,0
ZINC000005800395,CC(=O)c1nc2c(C)c(C)sc2[nH]1,0.6097846,-6.668,0.63060594,0
ZINC000076058537,Cc1nc(NCCN(C)C)sc1C(=O)O,0.489483,-5.854,0.47692525,0
ZINC000123533371,C[C@H](C(=O)NCC(=O)O)c1ccsc1,0.5805662,-6.347,0.60609907,0
ZINC000171000904,CSC[C@H](C)C(=O)N[C@@H](C)C(N)=O,0.438374,-5.496,0.41290167,0
ZINC000197915059,C[C@@H](O)C(=O)Nc1cn[nH]c1,0.32060114,-5.393,0.1903125,0
ZINC000251222179,CC[C@H](C(=O)O)N1C[C@H](C)[C@@H](C(=O)OC)C1,0.33039716,-6.457,0.09910101,0
ZINC000337336101,O=C(N[C@@H]1CCC[C@H]1OC(F)F)c1ccoc1,0.4484837,-6.961,0.2806224,0
ZINC000739363361,CCCN1CC[C@@H](NC(=O)O)[C@@H](C)C1,0.43422943,-6.432,0.30738238,0
ZINC000741250912,CCOC(=O)[C@H]1CN(C[C@@H]2CCOC2)CCO1,0.42073202,-6.559,0.2674419,0
ZINC000795194535,Cc1cc2c(ncnc2N2[C@@H](C)C[C@@H]2C)s1,0.50818914,-7.622,0.33017397,0
ZINC000860575941,O=C(OC1CCC1)c1cccc(C(F)F)c1F,0.43697056,-8.339,0.114555046,0
ZINC000878164127,C[C@@H]1[C@@H](C)CCN1CCc1nnnn1C,0.3904272,-6.77,0.18547466,0
ZINC000887372417,O=[S@](CCC1CC1)Cc1cc[nH]n1,0.36066684,-5.981,0.20854881,0
ZINC000893647190,O=C(O[C@@H]1CO[C@@H]1c1ccccc1)C1CC=CC1,0.6971014,-7.979,0.66727734,0
ZINC000909112165,COC(=O)C1(C(=O)COC(=O)CO)CC1,0.3418593,-5.614,0.2094472,0
ZINC000932150419,O=C(C[C@H]1CCCC1(F)F)N[C@@H]1CCCOC1,0.40004835,-7.805,0.096931666,0
ZINC001121216084,N#Cc1ccc(NC(=O)[C@@H]2C[C@@H]2F)cc1F,0.47975644,-8.486,0.18402742,0
ZINC001202517169,CC(C)NC(=O)Nc1cnc2c(ccn2C)c1,0.60957384,-7.914,0.50065064,0
ZINC001209872343,OCc1cc(Nc2ncc(F)s2)ccc1F,0.5818526,-7.483,0.4905455,0
ZINC001242019110,COCOc1ccc(OC)cc1-c1ncc[nH]1,0.4582068,-6.687,0.32836884,0
ZINC000075673317,Cc1cccc2c1N[C@@H](c1ccco1)NC2=O,0.58150744,-8.181,0.41729558,0
ZINC000123991466,Cc1ccc(C#N)c(N[C@@H](C)CCO)n1,0.56712645,-6.771,0.53539586,0
ZINC000270620472,CC[C@H]1CN(C(=O)c2ccnn2C)C[C@H]1O,0.4648585,-7.184,0.2898757,0
ZINC000298420306,CCN(C(=O)COC)c1ccc(OC)cc1,0.3610595,-6.634,0.14143883,0
ZINC000316761645,COCCN(CC#N)C(=O)CC[C@H]1CCCO1,0.4887608,-6.402,0.41852295,0
ZINC000334436659,CC1(C)C(=O)NCCN1C(=O)COC(F)F,0.32475576,-6.677,0.06505404,0
ZINC000378863586,CC(=NNCCO)[C@H]1CCOC1,0.26633593,-5.454,0.07647633,0
ZINC000384790638,CN(CCCCO)CC1CCC(O)CC1,0.42234713,-6.713,0.254631,0
ZINC000408096183,N#C[C@H]1CN(C(=O)NCc2cccnc2)CCO1,0.499499,-8.012,0.27241403,0
ZINC000630580098,O=C(NC[C@H]1COCCN1)Nc1nccs1,0.36404967,-6.49,0.16233277,0
ZINC000645921113,C[C@@H](O)CN(C)C(=O)N[C@H]1CCS[C@@H]1C,0.35327035,-5.905,0.20179823,0
ZINC000646264432,O=C(Nc1nnc2nc[nH]n21)c1ccc(F)cn1,0.5809041,-7.906,0.44469035,0
ZINC000662766915,CN1CCCN(C(=O)C2(O)CNC2)CC1,0.43753386,-6.566,0.29999712,0
ZINC000672133877,CN1CCO[C@H](C(=O)N2CCC[C@@H]3C[C@@H]32)C1,0.517846,-7.101,0.40346795,0
ZINC000753529075,CCON(C)C(=O)NCCOC1CCC1,0.33246514,-5.861,0.16515937,0
ZINC000852798082,C[C@@H](N)c1ccc(CNC(=O)C(C)(F)F)cc1,0.50268525,-8.437,0.23454145,0
ZINC000858564657,OCc1cc(N[C@H]2C[C@@H](O)C2)ccn1,0.38568792,-6.289,0.22609273,0
ZINC000870308988,C[C@H](OC(=O)c1cnc2nccn2c1)C(F)F,0.39887643,-7.308,0.14627978,0
ZINC000877102113,Cc1cc(CC(=O)N(C)C[C@@H](C)N)no1,0.57972556,-6.341,0.60505766,0
ZINC000902764617,CCn1cc(Cn2ccn3c2ccnc3=O)nn1,0.39734498,-7.307,0.14335003,0
ZINC000905124666,Cn1nncc1NC(=O)c1ccnn1C1CCC1,0.36225283,-7.065,0.09899472,0
ZINC000908547313,CCC1(NC(=O)CNc2ccccn2)CC1,0.61687136,-7.362,0.5724939,0
ZINC000921968347,OCCCCCCNCc1cnn(CCF)c1,0.40584612,-6.258,0.26924714,0
ZINC001118480207,CCCCCOC(=O)c1ccc(C#N)c(OC)c1,0.5248823,-7.688,0.35638005,0
ZINC001178710169,CC[C@@H](NCc1n[nH]cc1C)[C@H](C)O,0.4866697,-6.598,0.3940039,0
ZINC001208802445,CC(=O)c1nn(C)cc1NC1=CCN(C)CC1,0.4851506,-7.042,0.34483522,0
ZINC001227685863,C#CC(C#C)Oc1ccn(C)n1,0.41896725,-6.272,0.29378343,0
ZINC001228839688,Cc1cn2cccc(OC[C@@H]3CCO3)c2n1,0.5080539,-7.232,0.3704516,0
ZINC001229438249,Cc1nc2[nH]cnc2c(O[C@@H]2C=CCCC2)n1,0.44112298,-7.664,0.19295555,0
ZINC001242073604,CN(C)c1nccc(C2=CCOCC2)n1,0.4804768,-6.999,0.34004724,0
ZINC001624944033,CSC[C@@H](C)C(=O)Nc1ccsn1,0.4216572,-5.736,0.3548361,0
ZINC000157621121,Cc1c(Cl)cnn1CCC1CCNCC1,0.50072026,-7.179,0.3614344,0
ZINC000273674812,Cc1cccnc1-c1noc([C@H]2CCCOC2)n1,0.636837,-8.414,0.50267506,0
ZINC000275203555,OCc1nnc(NCc2ccsc2)o1,0.5466016,-6.155,0.5587791,0
ZINC000341579727,C=CCCCN(C)Cc1nc2cccnc2s1,0.5008288,-6.963,0.38410538,0
ZINC000424789858,C[C@]1(C(=O)NCC2(CO)CCC2)C[C@@H]1F,0.41169438,-7.081,0.19527054,0
ZINC000602536413,CCN[C@@H](C)C(=O)N1CC[C@](C)(C#N)C1,0.36275166,-6.357,0.17358863,0
ZINC000658132651,CC[C@@H]1C[C@H](C)CC[C@@H]1NC/C=C\CO,0.54235107,-7.064,0.455857,0
ZINC000773615012,CC(=O)[C@H](C)OC(=O)c1ccc(CO)c(F)c1,0.529608,-7.848,0.3491072,0
ZINC000777327718,CC(Cl)(Cl)C(=O)OCC1(CC#N)CC1,0.39552346,-6.238,0.25087813,0
ZINC000824104562,CC(C)[C@@H](CCO)NC(=O)CNC(=O)O,0.41197255,-6.227,0.2846059,0
ZINC000852366790,O=C(NOC1CCC1)N1CC[C@@H]2COC[C@H]2C1,0.49849096,-7.732,0.2995268,0
ZINC000853871353,O=C(N=c1cc[nH]cc1)NOCC1CCC1,0.5146271,-7.135,0.39355686,0
ZINC000867561412,COC(=O)N[C@@H]1Cc2ccccc2NC1=O,0.4461247,-7.712,0.19787326,0
ZINC000935542041,C[C@@H]1CC[C@@H](NC(=O)c2ccc(C=O)cn2)C1,0.46723166,-8.047,0.20485668,0
ZINC001010078309,CC#CCN1CC[C@@H](NC(=O)Cn2cnnn2)C1,0.6201131,-7.757,0.53785014,0
ZINC001150574700,C[C@@H](NC(=O)c1cc(F)c[nH]1)c1ccns1,0.46988338,-6.939,0.32530043,0
ZINC001173881119,O=C1Cc2cc(N=c3cc[nH]cc3)cnc2N1,0.5920739,-8.295,0.42637512,0
ZINC001211589805,C=C(N)c1nc(-c2ccccc2N(C)C)no1,0.5534737,-7.677,0.41416067,0
ZINC001648322635,O=C(CC1CC1)N[C@@H]1CO[C@H]1c1ccccc1,0.6775285,-8.007,0.62559414,0
ZINC000002569267,O=[N+]([O-])c1cnc(Cl)c(C(F)(F)F)c1,0.42306033,-7.325,0.19241853,0
ZINC000035601607,C[C@@H](NC[C@H](C)O)c1ccc(Cl)c(Cl)c1,0.551947,-7.1,0.47112298,0
ZINC000037481857,C=CCN(CC=C)C(=O)[C@@H](N)CC(N)=O,0.61058426,-5.561,0.747277,0
ZINC000130756604,Cc1ccc(O)c(CN(C)C[C@H](C)O)n1,0.43926096,-6.254,0.33585474,0
ZINC000148959960,COC(CNc1cc(F)ccc1[N+](=O)[O-])OC,0.54139155,-6.699,0.49190265,0
ZINC000171355128,CCCNC(=O)CNC(=O)[C@@H]1C[C@H]1C(=O)OC,0.4480513,-6.512,0.3264452,0
ZINC000308855543,O=S1(=O)CCO[C@@H](CNCC2(F)CC2)C1,0.4606314,-6.388,0.36425662,0
ZINC000360981308,CO[C@@H]1CCN(C(=O)CN(C)C(C)=O)C1,0.3554849,-6.028,0.19339758,0
ZINC000397578429,N#CC[C@@H]1CCCN(S(=O)(=O)CC2CC2)C1,0.36456847,-7.43,0.06563535,0
ZINC000426477825,CC(C)n1ccc(C(=O)NCCc2cnn[nH]2)n1,0.3937804,-7.356,0.13119482,0
ZINC000578586528,COC1CC(Sc2nc3ccccc3[nH]2)C1,0.53425217,-7.286,0.41673398,0
ZINC000615026486,CCC[C@H](OC)C(=O)N1CC[C@@H]1C(F)(F)F,0.33476743,-6.401,0.113579996,0
ZINC000619544097,CCC[C@H](O)CC(=O)N1CC(C)(C#N)C1,0.3572408,-6.829,0.113601595,0
ZINC000645842433,O=C1NC(=O)N2CCN(CC3=CCCC3)C[C@@H]12,0.59540015,-8.218,0.4409692,0
ZINC000672133636,O=C(c1cccc(F)c1)N1CCC[C@H]2C[C@H]21,0.5149708,-7.88,0.31678537,0
ZINC000901165839,CCON=C1CC[C@H]2COCC[C@H]2C1,0.53328663,-6.928,0.45204014,0
ZINC000909352855,CCn1ncc(C(=O)OC/C=C(\C)COC)n1,0.41005057,-6.355,0.2674914,0
ZINC000934029452,OC[C@H]1CCN1Cc1cccc2nsnc21,0.61118174,-7.258,0.57203543,0
ZINC000934450021,C#CC1(O)CN([C@@H]2CCCN(C)C2=O)C1,0.4640493,-6.798,0.3284024,0
ZINC001200632011,Oc1c(Cl)cccc1NC(=S)NC1CC1,0.6484576,-7.244,0.64733106,0
ZINC000127486116,CCCC(=O)NCc1ccccc1OCCO,0.49856663,-6.881,0.38814917,0
ZINC000131140753,O=C(c1cn[nH]c1)N1CC(=O)N[C@H]2CCCC[C@@H]21,0.49192873,-8.299,0.2275807,0
ZINC000185733159,C[C@@H](Sc1ncnn1C)c1cccc(F)c1,0.5150887,-7.726,0.33302918,0
ZINC000339719681,Cc1cc(C(=O)NCc2cncnc2N)n(C)n1,0.50863993,-7.344,0.3599686,0
ZINC000379386571,O=C(CC1CC1)OCCC(Cl)(Cl)Cl,0.39096162,-6.077,0.25857958,0
ZINC000402891129,OCCN(CCc1cnccn1)C1CCC1,0.40143803,-6.289,0.25729224,0
ZINC000450002440,CCC[C@@H]1C[C@@H]1NC(=O)Cn1ccc(C)n1,0.4641606,-6.957,0.31209272,0
ZINC000611517310,N#Cc1cccc(OCCN2CC=CCC2)c1,0.74360114,-8.311,0.7248733,0
ZINC000619546913,CCC[C@@H](C)C(=O)NCC1(C#N)CC1,0.38334054,-7.097,0.13744073,0
ZINC000634585868,CCCCN1N=C2CC[C@H](C)[C@@H]2C1=O,0.46043426,-6.953,0.30512705,0
ZINC000767336984,C#Cc1ccc(C(=O)O[C@H]2CCCNC2=O)nc1,0.46361646,-8.08,0.1942645,0
ZINC000772006129,Cc1cccnc1COC(=O)[C@H]1CC12CCC2,0.4886329,-8.199,0.2314482,0
ZINC000820442872,CCN(CC(C)=O)C(=O)c1ccoc1C1CC1,0.43403298,-6.827,0.26592788,0
ZINC000830981188,CSc1cccc(C(=O)OCCF)n1,0.48623154,-6.269,0.4273398,0
ZINC000842348243,CS[C@H](C)[C@@H](C)OC(=O)Cc1cncs1,0.43261614,-5.87,0.36261377,0
ZINC000853440357,C#CC1CCC(=NOCC2CCC2)CC1,0.56037235,-8.132,0.38052315,0
ZINC000905166413,C=CC[S@](=O)[C@H]1CCCOC1,0.36896414,-5.904,0.23299018,0
ZINC001142004419,Cc1nnc(CC(=O)N[C@@H]2CC=CCC2)o1,0.5534924,-7.288,0.45463926,0
ZINC001174557959,CC(C)=CNc1onc(C)c1C#N,0.5686425,-6.851,0.530082,0
ZINC001174970062,Fc1ccc(Nc2ccno2)c(F)c1F,0.47478077,-7.912,0.2338458,0
ZINC001227793076,CCC[C@@H](C)Oc1nnccc1Cl,0.42493996,-6.307,0.3019761,0
ZINC001254071726,Cc1cc(F)cnc1-c1cn(C[C@H]2CO2)nn1,0.38132516,-7.132,0.12980974,0
ZINC001263534475,C[C@H](C(=O)O[C@H]1CCSC1)[C@H]1CCCO1,0.3720912,-6.365,0.19125769,0
ZINC001594823105,O=C(O)C(=O)COc1cc(Cl)cc(Cl)c1,0.36330158,-6.543,0.15534085,0
ZINC000013771738,CCn1ccc(NC(=S)NC2CC2)n1,0.36694822,-5.886,0.23086812,0
ZINC000068950342,CCOC[C@H](O)CN1CCC[C@H](CO)C1,0.42913544,-5.937,0.34875324,0
ZINC000070008582,Cc1cnn(CCNCc2cc(C)on2)c1,0.41616687,-6.891,0.22388312,0
ZINC000086501938,COC(=O)C1(C(C)=O)CCC1,0.350324,-5.753,0.21176416,0
ZINC000092711715,c1ccc(SCCSc2ncccn2)cc1,0.52933127,-7.135,0.4226845,0
ZINC000155178637,CC#CCCSc1nnnn1C1CC1,0.3838543,-6.858,0.16330558,0
ZINC000227147946,COCCS(=O)(=O)N1CC[C@H](C)[C@@H]1CO,0.30073667,-5.923,0.0958624,0
ZINC000253191730,COC(=O)CN1CC[C@@H](C)[C@H](CN)C1,0.44496036,-6.22,0.35067946,0
ZINC000256053894,Cn1cccc1CNc1ccn(CCO)n1,0.46722406,-6.871,0.327102,0
ZINC000309685483,Cc1ccc(Cl)c(NCC(=O)NC(C)C)n1,0.5112139,-6.713,0.430668,0
ZINC000321188169,C=CCC[C@H](CO)NC(=O)Cc1ccsc1,0.47589588,-6.588,0.3737016,0
ZINC000339004626,CC(C)[C@H](C)NC(=O)CN(C)C[C@H]1CCCO1,0.48469833,-6.962,0.3522563,0
ZINC000381846856,OC[C@H](CC1CC1)NCc1ccccc1Cl,0.41384163,-7.016,0.20628165,0
ZINC000611916803,CSc1cc(C)c(C(=O)NCC2(C)CC2)o1,0.52179813,-7.492,0.37064737,0
ZINC000636069634,Cc1nc[nH]c1CC(=O)N(C)Cc1c[nH]nc1C,0.43823498,-6.952,0.26125628,0
ZINC000648849071,C[C@H]1C[C@@H]1CN[C@H]1C[C@@H](O)C1,0.45054144,-6.007,0.38387918,0
ZINC000652915001,O=C(N[C@@H](CO)CCF)[C@H]1CCCS1,0.29068044,-5.986,0.06939231,0
ZINC000663502903,c1nc(CNCC23CC(C2)CN3)cs1,0.45888615,-5.909,0.41059768,0
ZINC000727062889,COCCC(=O)O[C@@H]1CCC[C@H](C)C1,0.35311145,-6.802,0.1082287,0
ZINC000825069824,CCn1ccc(NC(=O)CC2(CC)COC2)n1,0.4781105,-7.095,0.32537934,0
ZINC000839103542,CO[C@@H]1C[C@H](OC(=O)[C@@H]2CC=CCC2)C1(C)C,0.48448488,-8.04,0.2397615,0
ZINC000857161249,CC(C)CONC(=O)c1cc(F)cnc1O,0.40787467,-7.057,0.19019914,0
ZINC000860434064,CCc1nocc1C(=O)OCc1cnsn1,0.36366677,-6.632,0.14681157,0
ZINC000873401766,CC[C@H](OC(=O)[C@H]1CC1(F)F)C(C)=O,0.43518788,-6.248,0.32841015,0
ZINC000923374106,C(CNC1CC1)CN1CCCC2(CCCC2)C1,0.5072219,-7.482,0.34281278,0
ZINC001114825082,CC(=O)N[C@@H](C)CCCNc1ccc(C)nn1,0.38394734,-7.402,0.1069341,0
ZINC001201515498,CC[C@H](C)CN1CCC[C@@]2(CCO2)C1,0.4157495,-6.44,0.2699436,0
ZINC001212718559,Cc1nocc1Nc1csc2nccnc12,0.528522,-6.598,0.47690952,0
ZINC001233828134,O=c1ccoc2cc(O)cc(OC3CCC3)c12,0.4660604,-7.472,0.26231518,0
ZINC001244562312,Nc1cnccc1-c1cccc(F)c1CO,0.4315893,-7.867,0.15296575,0
ZINC001246299259,COC[C@H](C)N[C@@H]1CNC[C@H]1CO,0.30239484,-5.214,0.17285682,0
ZINC001574269310,NC1(C(=O)Oc2ccc3cncnc3c2)CC1,0.6600999,-8.049,0.5867033,0
ZINC000003163703,COc1ccccc1OCc1nc(C)no1,0.5414953,-7.203,0.43971097,0
ZINC000100060138,CC1=C/C(=N/O)C(C)=CC1=O,0.6114339,-6.79,0.6211897,0
ZINC000309228834,CCCCCCCNC[C@@H]1CCC=CO1,0.5214608,-6.79,0.44296104,0
ZINC000336237017,CS[C@@H]1CCN(S(=O)(=O)c2cnc[nH]2)C1,0.37637168,-6.205,0.216371,0
ZINC000344584367,Cc1cccnc1SCC(=O)CCC(C)C,0.59635276,-7.245,0.54401207,0
ZINC000493689136,C[C@@H]1CC[C@@H]1NC(=O)/C=C/c1cccnc1,0.4999144,-7.892,0.28571248,0
ZINC000624756988,CO[C@H]1C[C@@H](CN=c2[nH]c(=N)[nH]c(=N)[nH]2)C1,0.44604427,-6.752,0.29751837,0
ZINC000675589109,CCC[C@@H](O)CNC(=O)[C@H](C)c1ccco1,0.5590132,-7.11,0.48408082,0
ZINC000679963407,Cc1ccc(C(=O)NCc2cn(C)nn2)s1,0.38819835,-6.985,0.15870747,0
ZINC000726341417,C[C@@H]1C[C@H]1C(=O)OCc1cnc2ccccc2n1,0.5236078,-8.181,0.3026017,0
ZINC000776877879,Cl/C=C\CN1CC[C@H](n2cncn2)C1,0.60868174,-6.231,0.6738531,0
ZINC000842023072,CCC(=N)NOCCC1(OC)CCC1,0.5276854,-5.716,0.56694764,0
ZINC000849033000,CC(F)(F)CCNC(=N)NC[C@@H]1CCCO1,0.43725798,-6.141,0.3436348,0
ZINC000915970100,CCCCNN=Cc1cccc2cccnc12,0.6589107,-8.124,0.5765503,0
ZINC000931536598,CC[C@@H](CO)N1CCO[C@](C)(C(F)(F)F)C1,0.37970465,-6.731,0.1682888,0
ZINC001043703400,CCN1CC(N(C)C(=O)[C@H]2CNC(=O)N2)C1,0.45825878,-6.681,0.32909557,0
ZINC001054506777,CCN[C@@H]1CN(C(=O)CC(N)=O)C[C@H]1C,0.47177538,-6.158,0.41024333,0
ZINC001143429941,COC(=O)c1ccc(NC(=O)[C@H]2C[C@@H]2F)cn1,0.41769567,-6.922,0.22368865,0
ZINC001173299598,CCSC[C@H](C)N1CC[C@H](C)C1,0.48774645,-5.692,0.49032727,0
ZINC001176080251,Cn1[nH]nnc1=Nc1ncc[nH]1,0.2786594,-5.708,0.07448141,0
ZINC001194310292,C=CCOC(=O)N1C[C@@H]2COC[C@H](C1)C2(F)F,0.34125608,-7.18,0.045446314,0
ZINC001210461271,Cc1cc(Cl)cc(N=c2nc[nH]n2C)c1,0.5756237,-6.979,0.5306039,0
ZINC001211030134,COC(=O)c1cc(O)ccc1Nc1ccncn1,0.46868888,-7.331,0.28218073,0
ZINC001224821428,COCOCCO[C@@H](C)c1cn(C)nc1C,0.33005863,-5.825,0.16413498,0
ZINC000015015133,N[C@@H]1CC(=O)N(c2ccccc2Cl)C1,0.49985206,-7.191,0.35846698,0
ZINC000143914302,Cc1nc(-c2ccc(C)c(F)c2)no1,0.53763694,-7.784,0.37166536,0
ZINC000230405631,C[C@@H]1CC[C@@H](CNCc2cc[nH]c2)C1,0.5237949,-7.017,0.42398506,0
ZINC000261493857,CCOC(=O)CCc1cc([N+](=O)[O-])cs1,0.4049297,-6.511,0.24112916,0
ZINC000301088189,Fc1ccc(Sc2ncnc3[nH]ncc32)cc1,0.5247567,-8.252,0.2974963,0
ZINC000335812403,CCc1nc(C(=O)N2[C@@H](C)CC[C@@H]2CC)no1,0.4181473,-7.531,0.16126986,0
ZINC000357116413,CCCCn1ncc(NC(=O)CC#N)c1C,0.5703519,-6.858,0.5327405,0
ZINC000379327319,CNC(=O)CN(C)CC(F)(F)F,0.25502455,-5.231,0.077253215,0
ZINC000387709168,CC(C)C[C@@H]1C[C@H]1C(=O)N(C)CCO,0.31547567,-6.113,0.105306126,0
ZINC000491981646,C#Cc1cccc(NC(=O)/C=C\c2ccc[nH]2)c1,0.5854823,-8.378,0.40468878,0
ZINC000663843055,Nc1cccc2c1ccnc2NC1CC(F)(F)C1,0.445053,-8.254,0.13940245,0
ZINC000665113054,CCNC(=O)[C@@H]1C(C)[C@H]1C(=O)NCC,0.5058544,-6.289,0.46413165,0
ZINC000676621769,CCO[C@H]1C[C@H]1C(=O)NCC1(CO)COC1,0.35006508,-6.022,0.18328522,0
ZINC000717770298,O=S(=O)(N[C@@H]1COCC[C@H]1O)C1CCC1,0.52364075,-7.081,0.41702613,0
ZINC000769646263,C#C[C@@H](C)N(C)C(=O)c1ccc(O)c(F)c1,0.47497436,-7.94,0.2313183,0
ZINC000786177548,CC(C)OCCOC(=O)[C@H]1CCC(=O)N1C,0.41615972,-6.921,0.22075002,0
ZINC000791195777,COC(=O)c1occc1COC(=O)C(C)C,0.3955099,-6.258,0.24877201,0
ZINC000809108890,CO[C@@H](C)CC(=O)O[C@H]1C[C@@H](OC)C1,0.30426502,-5.721,0.1238523,0
ZINC000813353279,Cc1occc1-c1nc(-c2nc(=N)cc[nH]2)no1,0.61486745,-7.941,0.50832987,0
ZINC000902757873,CC(=O)C(C)=NOCC1(Br)CC1,0.36425862,-5.808,0.23364937,0
ZINC001118399164,Cc1nocc1COC(=O)c1cc(C#N)oc1C,0.4852108,-7.668,0.27987367,0
ZINC001228725408,C=CC(=O)OC[C@@H](C)Oc1ccc2ccoc2c1,0.49996486,-7.779,0.29756027,0
ZINC001241079669,Nc1ccccc1-c1cncc2nnoc21,0.50204176,-8.268,0.2508365,0
ZINC001276340378,CN1CCC12CN(Cc1ccc(F)cn1)C2,0.60911715,-6.846,0.61077845,0
ZINC001539189651,O=C(C=C1CCCC1)Nc1ccc(O)nn1,0.5119975,-8.373,0.25964186,0
ZINC000042638692,CC(C)C(=O)N(C)[C@H]1CCc2ccccc21,0.6728988,-8.557,0.55924356,0
ZINC000048068810,C[C@@H](NC(=O)NC[C@@H]1CCOC1)c1cccnc1,0.47068167,-7.978,0.21886428,0
ZINC000081830339,CCNC(=O)[C@H](C)c1ccc(Cl)c(Cl)c1,0.55908144,-7.463,0.44751704,0
ZINC000157826085,COc1cc(NC(=O)Cc2cnn(C)c2)ncn1,0.4168705,-7.439,0.16830528,0
ZINC000181966053,CC[C@@H](C)CN(C)C(=O)/C=C/c1ccncn1,0.4841504,-7.131,0.3336012,0
ZINC000183636725,CC(C)CCC(=O)NCC(=O)N1CCCO1,0.5111516,-7.047,0.39582103,0
ZINC000227383900,CO[C@@H](CN)C(=O)Nc1ccncc1C,0.4580945,-6.337,0.3645334,0
ZINC000306339679,Cc1cc(=O)n(CCC2CC2)cn1,0.36114922,-6.41,0.16490428,0
ZINC000336559323,CN(CC1(O)CCC1)c1ccc(Cl)cn1,0.42969084,-7.53,0.18424055,0
ZINC000343873314,CO[C@H](C)CN(C)C(=O)c1cnc(C2CC2)[nH]1,0.32092625,-6.379,0.08844906,0
ZINC000348205721,Cc1cccc(CN2C[C@H](C)O[C@@H](C3CC3)C2)c1,0.6817363,-8.396,0.59348786,0
ZINC000351559755,CC(C)(C)OC(=O)CSc1ncc(F)cn1,0.35358238,-6.399,0.15105863,0
ZINC000357918743,COC[C@@H](CNC(=O)[C@H]1CCCS1)OC,0.4218457,-5.872,0.34107053,0
ZINC000359458154,CC[C@](C)(OC)C(=O)N1CC[C@H](C(N)=O)C1,0.50546646,-6.69,0.421674,0
ZINC000455515955,O=C(NCCC[C@H]1CCOC1)N1CC[C@H](F)C1,0.42880118,-7.487,0.18694863,0
ZINC000566660891,CCN(C(=O)[C@H]1CCCC(=O)N1)C1COC1,0.3374324,-7.002,0.056377422,0
ZINC000612995799,Cn1ccc(CSC[C@@H]2CCOC2)cc1=O,0.5204672,-7.463,0.37102583,0
ZINC000628501025,COc1ccc(C)cc1CC(=O)N1C[C@@H]2C[C@@H]2C1,0.5126453,-8.143,0.28483653,0
ZINC000628778085,C[C@]1(C(=O)N[C@H]2C[C@H](C(N)=O)C2)CCCO1,0.44110817,-7.128,0.24865034,0
ZINC000656544454,CO[C@@]1(CO)CCCN(C(=O)NCC2CC2)C1,0.42840487,-6.836,0.25384343,0
ZINC000664391365,CC[C@H](NC(=O)C(=O)c1cnn(C)c1)C1CC1,0.38768998,-7.478,0.10644673,0
ZINC000716628163,CN(CCCF)Cc1cccc(O)c1Cl,0.5415524,-6.786,0.48317665,0
ZINC000725892360,O=C(NC[C@@H](O)c1cccc(F)c1)c1cnc[nH]1,0.5535817,-7.844,0.39701277,0
ZINC000755166593,CC(C)c1cnc(CN[C@@]2(C)CCO[C@@H]2C)o1,0.5916873,-7.249,0.53435445,0
ZINC000786036798,Cc1ccnc(NN=CCC[C@@H]2CCOC2)c1,0.52412087,-7.777,0.345619,0
ZINC000837808692,CC[C@@H](O)CC(=O)OCCC1CC1,0.3221491,-5.718,0.1595909,0
ZINC000856108211,C#C[C@@H](NC(=O)c1ncccn1)C1CCOCC1,0.43658283,-7.318,0.21993312,0
ZINC000881500422,O=C(NC[C@H]1C=CCC1)[C@@H]1COC(=O)N1,0.40534294,-7.473,0.14193542,0
ZINC000900710492,C/C=C/[C@H](O)C(=O)NCc1cc(C)[nH]n1,0.38185966,-6.857,0.15945835,0
ZINC000902877833,O=C(CCO)N1CCC2(C1)CCCCC2,0.42096323,-7.425,0.17786804,0
ZINC001009786007,CC(=O)N[C@@H]1CCN(CC(=O)N2CCC2)C1,0.51102537,-6.567,0.44547316,0
ZINC000005019030,FC1(F)SC(F)(F)S1,0.20338826,-4.819,0.017799113,0
ZINC000005494878,OCCNCN1CCN(CO)C1=S,0.44019827,-4.923,0.47608614,0
ZINC000016622413,COCCNc1cc(C)nn2cnnc12,0.43500733,-6.275,0.3252455,0
ZINC000025308848,COc1cc(F)ccc1NC(=O)[C@@H]1CCCO1,0.4979721,-7.063,0.36805022,0
ZINC000053712580,Cc1ccnc(N2C[C@@H](C)N[C@@H](C)C2)c1,0.7034237,-7.449,0.7349015,0
ZINC000085502293,COC(=O)C[C@@H](C)SCCF,0.25418133,-4.995,0.10011808,0
ZINC000111693795,CNC(=O)[C@@H]1CCCN(C/C=C/Cl)C1,0.56921846,-6.842,0.53215855,0
ZINC000124532736,C[C@]1(O)CCCN(Cc2nccn2C(F)F)C1,0.38388392,-7.034,0.14506681,0
ZINC000187600585,C[C@@H]1CCCN(C(=O)[C@H]2CNCCO2)[C@H]1C,0.4492166,-7.552,0.2206321,0
ZINC000378749190,CC[C@H](N[C@H]1C[C@@H]1C(F)F)c1cccs1,0.40846696,-6.777,0.22048204,0
ZINC000562793480,CCc1coc(NC(=O)NCC(C)(F)F)n1,0.41794127,-6.676,0.24975002,0
ZINC000634976499,c1cc(CNCCC2=CCCCCC2)no1,0.62087667,-7.693,0.54601634,0
ZINC000635856126,Cc1nc[nH]c1C(=O)NC1CC(F)(F)C1,0.4670073,-7.147,0.29797888,0
ZINC000640486884,COc1cc(CN2C[C@@H]3C[C@]3(O)C2)sn1,0.4764995,-6.459,0.38830853,0
ZINC000662624149,NCC(F)(F)CC(=O)N1CCC[C@@H]2OCC[C@@H]21,0.35554975,-7.063,0.08592448,0
ZINC000684764916,CC[C@@H]1C[C@H]1Nc1cc(OC)nc(COC)n1,0.4597844,-6.576,0.34303373,0
ZINC000786092298,N#C[C@@]1(F)CCN(C(=S)Nc2ccccc2)C1,0.5500472,-7.683,0.4067493,0
ZINC000865426840,Cc1nc(CCNc2ccc(F)nn2)cs1,0.4787806,-7.291,0.30633003,0
ZINC000868764453,C=CCONC(=O)C1([C@@H]2CCCCO2)CCC1,0.42924088,-7.291,0.20819637,0
ZINC000877847712,Cn1nncc1[C@@H]1NC(=O)c2ccc(F)cc2N1,0.5383829,-9.008,0.2458924,0
ZINC000908616039,C#C[C@H](CO)NC(=O)c1cc(F)ncc1C,0.48605502,-7.698,0.2784271,0
ZINC001116591905,Cc1nnc(SCc2nnc(C)s2)o1,0.4038653,-6.254,0.2657392,0
ZINC001159230056,Cc1cc(Cl)nc(NC2=CNCCC2)c1,0.5847072,-7.14,0.5318594,0
ZINC001211573038,Cc1nonc1Nc1ccc(CO)c(C)c1,0.51122063,-8.022,0.29459387,0
ZINC001223782883,CN1[C@@H]2C[C@@H](OCc3ccoc3)[C@H]1CC(=O)C2,0.59827733,-7.293,0.5428343,0
ZINC001230031912,CCc1cncnc1OC1CC=CC1,0.55742013,-6.765,0.51679236,0
ZINC001243108893,CSc1ncc(C2=CCNC2)cc1C,0.6606348,-7.206,0.6754036,0
ZINC001250357262,CSc1ccc(Cc2nc(C)no2)c(C)n1,0.69747084,-7.689,0.6981583,0
ZINC001253601821,C=C[C@H](O)CNC[C@H]1C[C@H](F)C1,0.39264145,-5.907,0.2795809,0
ZINC000119468520,CC[C@H]1CCN(Cn2cc([N+](=O)[O-])cn2)C1,0.512767,-7.195,0.38363448,0
ZINC000182749489,CC(C)OCCNC(=O)Cn1cccn1,0.32872114,-6.042,0.13892555,0
ZINC000228579874,N=C(N)NC[C@@H]1CCSC1,0.4227311,-4.885,0.44543585,0
ZINC000233022205,CC1(CN[C@@H]2CCC[C@@H]2CN)CC1,0.40347323,-6.307,0.2594525,0
ZINC000256053176,CCCCCNc1cc(C)n(C)n1,0.4824196,-6.441,0.4019071,0
ZINC000300820436,COCC[C@H](CO)NC(=O)c1ccnn1C,0.34503382,-5.539,0.22353286,0
ZINC000307300723,CCNC(=S)N(C)OC,0.35529783,-3.968,0.40719062,0
ZINC000307582772,C[C@@H](O)C(=O)NCc1ccon1,0.26282832,-5.548,0.059755545,0
ZINC000312704811,Cc1ccc(C(=O)NCC(=O)OC(C)C)o1,0.36687222,-6.693,0.1468195,0
ZINC000335146888,C[C@@H]1CCCCCN1CCc1cn[nH]c1,0.53002584,-7.066,0.43123382,0
ZINC000354293962,CCOC(=O)C1(CNC(=O)c2nc[nH]n2)CC1,0.36394593,-6.691,0.14123073,0
ZINC000491641234,C#CCn1ccnc1C=NNCCCOC,0.44296682,-5.656,0.40536556,0
ZINC000612027548,COC1CCC(CNC(=O)[C@H]2CC(=O)N2)CC1,0.56314504,-7.893,0.41086265,0
ZINC000619619440,CSCCCN(C)C(=O)C1(C(N)=O)CC1,0.27621835,-5.33,0.108943865,0
ZINC000640651276,Cn1c(O)nnc1CNC(=O)c1ccsn1,0.4762174,-6.733,0.35926387,0
ZINC000646561479,CCCCCNC(=O)[C@@H]1CC[C@@H]1C(N)=O,0.4843494,-6.629,0.38618478,0
ZINC000702016626,ClC1(Cl)C[C@H]1CCNC1CSC1,0.37710816,-5.69,0.27137077,0
ZINC000746083227,CC1(C)C(C(=O)O[C@@H]2CCOC2=O)C1(C)C,0.71852285,-7.417,0.7681384,0
ZINC000838362612,C/C=C/COC(=O)c1cc2c([nH]1)CCCC2,0.554226,-7.945,0.3877887,0
ZINC000871780540,C[C@H]1OC(=O)N(Cc2ccc(CF)cc2)C1=O,0.39299232,-7.729,0.09085547,0
ZINC000882342954,C#CCCCCC(=O)N1C[C@@H]2C[C@]2(O)C1,0.3977125,-7.44,0.13025102,0
ZINC001142295883,CC(C)OC1CN(C(=O)/C=C/c2ccccn2)C1,0.4418414,-7.567,0.20446306,0
ZINC001174116077,Cc1ccncc1N=c1cc[nH]c2c1CCC2,0.50987464,-8.394,0.2532534,0
ZINC001254082201,CC(=O)CCCCCc1nnc(C2CC2)o1,0.4513554,-7.282,0.25293887,0
ZINC000000493070,CN(C)/N=C/c1cncn1C,0.49188802,-4.894,0.58149374,0
ZINC000033826170,N[C@@H]1CC[C@@H](c2ccccc2)C1,0.5727014,-7.795,0.43998128,0
ZINC000050518996,NCc1ccnc(OC2CCC2)c1,0.38740757,-6.64,0.1930082,0
ZINC000164315051,C[C@]1(C(=O)N2CCCCO2)CCCN1,0.42500955,-6.531,0.2788263,0
ZINC000194436702,CONC(=O)NC[C@@H]1CCCC[C@H]1C,0.4827806,-6.907,0.35417545,0
ZINC000286033751,Cc1cc(CN[C@@H]2CSC[C@@H]2C)on1,0.54375017,-6.245,0.54377407,0
ZINC000306725193,Clc1sccc1CNc1nncs1,0.36449766,-5.946,0.21977602,0
ZINC000332824697,O=C(NCC[C@H]1CCOC1)NC[C@H]1CCCO1,0.47850984,-7.067,0.32908142,0
ZINC000334378518,C=C(C)[C@@H]1OCC[C@H]1CNC(=O)N1CC(F)C1,0.46269166,-7.598,0.2425427,0
ZINC000632269932,CCOC(C)(C)C(=O)NCc1cccc(O)n1,0.4619207,-7.566,0.24434231,0
ZINC000633726674,CC(C)(F)CNC(=O)CCOCC(F)(F)F,0.29625574,-6.452,0.031989757,0
ZINC000635336116,C[C@]1(C(=O)NCc2nccs2)CCNC1=O,0.36723274,-7.09,0.106260374,0
ZINC000635401308,CCC(C)(C)[C@H](O)C(=O)Nc1ccccc1O,0.44975206,-7.711,0.2051627,0
ZINC000749820400,C[C@H](CO)NN=Cc1ccc2ccccc2n1,0.6241929,-7.726,0.5491547,0
ZINC000759738042,COCc1nn(CN2C[C@H](C)[C@H](C)C2)c(=O)o1,0.40027496,-6.877,0.19385813,0
ZINC000778229352,OCCCN1CCC[C@H]1c1ncc[nH]1,0.40620944,-5.97,0.2999082,0
ZINC000792415798,O=C(OCc1cccs1)c1cc[nH]c1C1CC1,0.50173444,-7.001,0.38194877,0
ZINC000829782914,C[C@@H](C(=O)NC1CN(C(=O)O)C1)N(C)C,0.36204386,-6.184,0.1901721,0
ZINC000857047937,Cn1cc(CN2CC(C(C)(C)O)C2)c(Cl)n1,0.54333,-6.759,0.48950484,0
ZINC000874778647,Cc1nn(C)cc1CC(=O)N[C@H]1CC12CCC2,0.46862093,-8.06,0.20625718,0
ZINC000877051987,CSC[C@@H](C)NCc1nc(Cl)cs1,0.46581882,-5.022,0.5165458,0
ZINC001037991854,O=C(NC[C@H]1CCN1[C@H]1CCNC1=O)C1CC1,0.4581517,-7.425,0.25153506,0
ZINC001143551524,COc1c(F)cc(F)cc1CN1CC[C@H](C)C1,0.69660085,-7.754,0.68967736,0
ZINC001157822276,N#CNc1ccc2ncccc2n1,0.41441783,-6.852,0.22447298,0
ZINC001160472683,CCCNCCCNC(=O)Cc1cncs1,0.38276485,-6.236,0.2258124,0
ZINC000001083141,NN1C(=O)/C(=C\c2ccccc2)SC1=S,0.640506,-7.694,0.58479637,0
ZINC000037184613,CCNCc1c[nH]nc1-c1cccnc1,0.6511331,-6.452,0.7349697,0
ZINC000095732618,CCCOc1cc(S)ccc1F,0.5053129,-6.001,0.49300027,0
ZINC000143696552,COCc1cc(Cl)cnc1C(=O)O,0.54063636,-6.211,0.5411407,0
ZINC000158240973,COCc1cccc(CNC(=O)[C@@H]2CC2(C)C)c1,0.41702625,-7.943,0.116216466,0
ZINC000169286574,CCc1ccccc1C(=O)NCC1=CCNCC1,0.61296797,-8.437,0.45300156,0
ZINC000189638849,Cc1cncc(/C=C/C(=O)N2CCCCO2)c1,0.55043495,-8.319,0.3413969,0
ZINC000222439529,C[C@@H](N[C@H]1CCC[C@@H](C(F)(F)F)C1)C(=O)O,0.42656887,-7.412,0.19032383,0
ZINC000306279050,COCOc1nc(C)no1,0.35315803,-4.857,0.31052887,0
ZINC000308363882,COCCCNC(=O)NCC1CC1,0.38102755,-5.53,0.29576883,0
ZINC000360821351,NC(=O)c1cc(C(=O)NCCCCF)co1,0.45745665,-6.668,0.3288581,0
ZINC000547864270,CC(C)n1nccc1NC(=O)Cc1cncn1C,0.65113735,-8.062,0.5675977,0
ZINC000554586302,Cc1nnc([C@H](C)NC[C@@H]2CCO[C@H](C)C2)o1,0.580172,-7.572,0.47796363,0
ZINC000635059589,C[C@]1(C(=O)NC[C@H]2CCCO2)CCNC1=O,0.35075253,-7.14,0.068416454,0
ZINC000680850478,CCCNC(=O)C1(CC)CCCCC1,0.65232104,-7.038,0.6764005,0
ZINC000783736116,OC[C@]12C[C@H]1CN(Cc1ccoc1)C2,0.39216682,-6.714,0.19474259,0
ZINC000842510268,CN(CCN)C(=O)c1cccc(CN)c1,0.6281453,-6.989,0.6336047,0
ZINC000853301323,Cc1ccc(NN=C[C@H]2CC2(Cl)Cl)nc1,0.5737889,-7.471,0.47581953,0
ZINC000858247721,Cc1ccc(CN[C@H]2C[C@H](C(N)=O)C2)nn1,0.52898747,-7.487,0.38540858,0
ZINC000880303144,CO[C@@]1(C(F)(F)F)CCN(Cc2ncc[nH]2)C1,0.5020887,-6.453,0.43962222,0
ZINC000912696240,O=C(CCF)N1CC[C@H]2COC[C@H]2C1,0.3219847,-6.612,0.06632244,0
ZINC001176544935,C=CCn1cc(Nc2ccc(C#N)cc2)cn1,0.52889055,-7.695,0.36359227,0
ZINC001223007089,C[C@@H](CON)OCc1cnc[nH]1,0.38760868,-5.125,0.35091043,0
ZINC000020160260,O=C(CSCCO)NC[C@H]1CCCO1,0.31407747,-5.827,0.13226976,0
ZINC000020185991,COc1ccc(CNCc2cccc(F)c2)cn1,0.6160705,-8.49,0.45363733,0
ZINC000037829437,C=CC(=O)N1CCN(Cc2cc(C)no2)CC1,0.5063302,-7.157,0.3748343,0
ZINC000084418523,Cc1nc(C)c([C@@H](C)NC2CNC2)s1,0.5215045,-6.211,0.50324225,0
ZINC000090397502,C#CCCCCN[C@H](C)c1cncc(F)c1,0.6254154,-7.43,0.5823494,0
ZINC000092068455,CNS(=O)(=O)[C@H]1CCN(Cc2ccoc2)C1,0.49800754,-6.77,0.39858156,0
ZINC000105600017,C[C@@H]1C[C@@H]1NC(=O)COCC(=O)N[C@@H]1C[C@@H]1C,0.33648077,-6.66,0.090047605,0
ZINC000123499417,C[C@H](CCO)NC(=O)[C@H]1CCSC1,0.28017685,-5.679,0.08050222,0
ZINC000230410193,C[C@@H](CCO)CN[C@@H](C)c1csc(Cl)c1,0.57772976,-6.515,0.58301455,0
ZINC000253083651,COCC[C@H](N)C(=O)N1C[C@H](C)C[C@H]1C,0.43085656,-6.213,0.3234689,0
ZINC000309841467,Cc1nc2cc(NCC3(F)CC3)ccc2o1,0.62989104,-7.371,0.59734905,0
ZINC000334381622,CC[C@@H](C)C(=O)N[C@@H]1CC(=O)N(C)C1,0.36650494,-6.589,0.1569041,0
ZINC000334789456,C=C(C)CNC(=O)C1(O)CCCCC1,0.36394683,-7.117,0.09694432,0
ZINC000346067711,O=C(N=c1cccn[nH]1)c1cccc([N+](=O)[O-])c1,0.5306559,-8.575,0.27560198,0
ZINC000404159491,CC[C@H](C)C(=O)NCC1(CC#N)CC1,0.44124112,-7.227,0.23862137,0
ZINC000423427727,Cc1cc([C@@H](C)N[C@@H]2[C@H]3CNC[C@H]32)cs1,0.58736634,-7.155,0.5355675,0
ZINC000487113953,CCN(CC(F)F)C(=O)[C@@H]1CN(C)C[C@H]1C,0.43609935,-6.198,0.3354138,0
ZINC000595455487,COc1cc(CN2CC[C@](F)(C#N)C2)on1,0.56428003,-6.833,0.5233117,0
ZINC000597706158,COC(=O)C[C@H](C)CC(=O)N1CCOCCN1,0.42641526,-6.636,0.2706948,0
ZINC000647159889,Cc1c(N)ncn(CC2=CCCC2)c1=O,0.46753666,-7.805,0.23061989,0
ZINC000662553267,C[C@@H](CCN)NC(=O)[C@@H](C)Cc1ccco1,0.43589395,-6.941,0.2577625,0
ZINC000717749920,C#CC[C@H](CO)NCCc1ccc(Cl)cc1,0.7518234,-7.791,0.7952216,0
ZINC000780083602,Cc1cccc(OC(=O)c2cc[n+]([O-])cc2)c1F,0.6013548,-8.752,0.39724857,0
ZINC000815984872,C=C(C)CN(C)C(=O)c1cc(C=O)c[nH]1,0.52543586,-6.508,0.48015288,0
ZINC000822545872,CC/C(C)=C/C(=O)NCCCn1cncn1,0.40126684,-6.762,0.20777872,0
ZINC000829187758,C=C/C=C\CCNC(=O)[C@]12C[C@H]1COC21CCC1,0.5910308,-7.473,0.5097662,0
ZINC000831267796,CC[C@@H](C[C@H](C)O)NC(=O)C1(C(N)=O)CC1,0.64520025,-6.25,0.74421763,0
ZINC000896037858,C[C@@H](NC[C@@H]1CCc2ccccc21)C(F)F,0.77971405,-7.976,0.8312373,0
ZINC000904148723,CSC[C@H]1NC(=O)N(Cc2ccoc2)C1=O,0.32556385,-6.56,0.07881844,0
ZINC000909810762,C[C@@H]1[C@@H](C(=O)O)CCN1C(=O)[C@@H](O)C(C)(C)O,0.36456352,-6.849,0.12602799,0
ZINC001166737742,Nc1nccc(N2CC(=O)C2)n1,0.43433946,-5.514,0.40303826,0
ZINC001203789888,Fc1cccc(CN2Cc3ncsc3C2)c1,0.6091121,-7.805,0.511068,0
ZINC001242757657,C/C=C(\C)c1ccc(C(=O)OC)nc1C#N,0.46766892,-7.829,0.22838679,0
ZINC001247441041,Cc1cnccc1-c1noc(CC(F)(F)F)n1,0.5948324,-8.01,0.46146882,0
ZINC001589084890,CC(F)(F)CCNC1CC(C(=O)O)C1,0.5082437,-6.368,0.46065146,0
ZINC000004100283,CC1=C[C@@](C)(O)C=CC1=O,0.32726765,-6.178,0.12190733,0
ZINC000051889855,CN(CC(=O)NC1CC1)C[C@H]1CCNC1,0.33333948,-6.243,0.1271775,0
ZINC000052233147,COC(=O)[C@H](C)c1ccc(F)cc1,0.35421205,-6.683,0.122780494,0
ZINC000071545292,NC(=S)NNc1cccc(C(F)(F)F)c1,0.5432137,-7.295,0.43355033,0
ZINC000100203375,CCn1ncc(/C=N/O)c1C,0.33460426,-5.518,0.20505606,0
ZINC000124548380,Cc1cncc(CNC(=O)Cn2cccn2)c1,0.43762466,-7.701,0.18217906,0
ZINC000272514400,C[C@H](O)C(=O)N(C)Cc1ncc(Cl)n1C,0.36876816,-6.031,0.21939865,0
ZINC000308228182,C=CC[C@H](C)NC(=O)[C@@H](O)C(C)C,0.35285348,-6.428,0.14659983,0
ZINC000309714268,C#C[C@@H](CC)Nc1nc(C)nc2[nH]ccc21,0.4894001,-7.219,0.33485162,0
ZINC000335200436,CCO[C@H](C)C(=O)N1C[C@H](O)C2(CC2)C1,0.32993236,-6.374,0.106809154,0
ZINC000336699265,Cn1cc(C(=O)NC[C@H]2CCC[C@H](O)C2)nn1,0.36185914,-7.507,0.052263256,0
ZINC000390830362,CC(=O)N[C@H](c1ccsc1)c1cccs1,0.45919174,-6.65,0.3341665,0
ZINC000416655981,C[C@H]1[C@@H](C)N(S(=O)(=O)CCCF)C[C@H]1C,0.6370145,-6.626,0.6889124,0
ZINC000418125413,C[C@@H]1CN(Cc2cnnn2C)[C@@H](C)[C@H]1C,0.4841315,-7.437,0.30175108,0
ZINC000613237025,CC[C@@H]1CC[C@H](C)N1C(=O)C[C@H]1CC(=O)N1,0.3635421,-6.877,0.121093705,0
ZINC000618267749,CCOCCC(=O)N1C[C@@H](C)C(O)[C@H](C)C1,0.39857617,-6.548,0.22469679,0
ZINC000728343060,Cc1cccc(CC(=O)OCc2cscn2)c1,0.54995346,-7.087,0.4685254,0
ZINC000810930980,Cn1cnc(C(=O)OC[C@@]2(F)CCOC2)n1,0.35561216,-6.476,0.1470743,0
ZINC000816421867,CCc1c(C(=O)OC[C@H]2CC2(F)F)ccn1C,0.4638047,-7.615,0.24298012,0
ZINC000834647129,CC[C@@H]1CN(C(=O)CNC(=O)OC)CC[C@@H]1N,0.3829927,-6.701,0.17792103,0
ZINC000849008524,Cc1c2ccccc2oc1CNC(=N)N1CCC1,0.72382396,-7.974,0.7207321,0
ZINC000864451830,C[C@@H]1C[C@H]1NC(=N)NCCCCc1ccccc1,0.6417683,-7.962,0.5594347,0
ZINC000908465519,CN1C(=O)CS/C1=C\C(=O)NC1CC(=O)C1,0.43609363,-7.337,0.21698874,0
ZINC001167327436,c1noc2cc(NCc3cccnn3)ccc12,0.572661,-8.385,0.37856314,0
ZINC001203231878,N#Cc1cc2cccnc2nc1Nc1cnoc1,0.58938503,-8.256,0.42510313,0
ZINC001239769478,COc1ccc(C)cc1-c1ccnnc1,0.48595434,-8.129,0.23341967,0
ZINC001595182008,CC[C@H](COC(=O)CC1CC1)C(=O)O,0.40555546,-6.125,0.28249845,0
ZINC000013401336,Cc1cc(Cl)ccc1OC/C(N)=N/O,0.5156501,-6.992,0.4104501,0
ZINC000188186785,C[C@H](NC(=O)c1cn2ccnc2s1)C(N)=O,0.37895706,-6.354,0.2060019,0
ZINC000194699703,CCO[C@@H](C)C(=O)NC[C@H]1CCCN1C,0.50320494,-6.819,0.4037829,0
ZINC000307441611,CC(Cl)(Cl)C(=O)NC[C@@H]1CCSC1,0.34617648,-6.159,0.16133931,0
ZINC000336481842,CO[C@@H]1CCCN(C(=O)[C@]2(O)CCSC2)C1,0.34452465,-6.479,0.1247991,0
ZINC000354282755,CCCCOCC(=O)N(C)CC1(O)CCC1,0.32399616,-6.052,0.12852617,0
ZINC000372558508,O=C(C1=COCCC1)N1CC(F)(F)C[C@@H]1CO,0.46035406,-7.992,0.19695076,0
ZINC000532036319,CNC(=O)[C@@H]1CCCN([C@@H](C)CCOC)C1,0.53003436,-6.615,0.47813797,0
ZINC000661957790,O=C1CCCC12CCN(CCCF)CC2,0.5618227,-7.014,0.49962664,0
ZINC000776677099,Cc1nc(C(=O)NOCC(C)C)co1,0.43249106,-6.007,0.34812307,0
ZINC000792873002,COc1nccnc1C=NNc1ccc(C)cc1,0.6692451,-7.79,0.6317455,0
ZINC000821085109,CCc1nccn1Cc1ccc2nonc2c1,0.520854,-8.023,0.31357276,0
ZINC000885339143,Cc1ncc(CC(=O)OC[C@@H]2C[C@H]2C)o1,0.35014933,-6.51,0.13271819,0
ZINC000896799591,CO[C@H](C)c1nc([C@H]2CC2(Cl)Cl)no1,0.43489277,-6.952,0.2546357,0
ZINC000908999873,N#Cc1ccnc(COC(=O)[C@H](O)C2CC2)c1,0.42543045,-7.051,0.22559932,0
ZINC000929695303,COCCOCCOCCN1C[C@H](C)C[C@@H]1C,0.5358485,-5.669,0.58800423,0
ZINC000933507267,C=C1CN(C(=O)N[C@](C)(CC)C(F)(F)F)C1,0.35253328,-6.769,0.110514194,0
ZINC001174786877,C=CNc1ccc2c(c1)C(C)(C)C(=O)NC2,0.73904884,-8.213,0.72604406,0
ZINC001223184681,CC(C)(C)c1nc(CO[C@@H]2COC[C@H]2F)no1,0.48923197,-7.408,0.31486958,0
ZINC001255088198,C1C[C@H]2CN(C3CCSCC3)C[C@@H]1O2,0.38422468,-6.707,0.17973772,0
ZINC001352894802,COC/C(C)=C\COC(=O)c1ccc(C#N)nc1,0.47091252,-7.753,0.24271324,0
ZINC000002569364,C#CCCCO[C@@H]1CCCCO1,0.35108057,-6.693,0.1155377,0
ZINC000072212290,Oc1ncccc1[C@@H]1CCCN1,0.5272436,-6.597,0.47448114,0
ZINC000085163897,CC1CCN(C(=O)CSCCCO)CC1,0.32779822,-6.067,0.13449827,0
ZINC000086157254,C#CCNCC(=O)N(C)[C@@H](C)C(=O)O,0.4571077,-5.924,0.40551525,0
ZINC000171182387,CN(C)CC(=O)N(C)Cc1ccc(Cl)nc1,0.39658278,-6.684,0.20660913,0
ZINC000225792895,CCOC(=O)Cc1c(C)n[nH]c1OC(C)C,0.40801305,-6.106,0.28934202,0
ZINC000306553470,C[C@@H](CN1CCC1)C(F)(F)F,0.2755905,-5.419,0.09844748,0
ZINC000379359477,CCC(=NNC(=N)N)[C@@H]1CCOC1,0.5706527,-5.998,0.62274444,0
ZINC000596390821,CC[C@@H](CS[C@@H]1CCNC1=O)CC(F)F,0.32219854,-6.447,0.0838999,0
ZINC000628892662,CC(=O)NCC(=O)NCC[C@@H]1CC=CCC1,0.43013775,-7.82,0.1549766,0
ZINC000632989564,CC/C=C/CNC(=O)N[C@H](C)[C@@H](C)N,0.4636818,-6.254,0.38423023,0
ZINC000656439961,Cc1nc(-c2cn(C(C)C)nn2)cs1,0.56433296,-6.741,0.53298116,0
ZINC000742195004,C[C@@H]1C[C@H]1C(=O)N1CCN(C)[C@@H](C)C1,0.46399406,-6.948,0.31269854,0
ZINC000762400583,O=C1CNC(=O)N1OCCC(F)(F)F,0.28662938,-6.046,0.05512975,0
ZINC000766735665,C[C@H](CO)COC(=O)[C@@H]1CC[C@@H](C)C1,0.37510517,-6.92,0.13952866,0
ZINC000800104556,CCN(CC)CCCOC(=O)C1(C)CCCC1,0.586329,-6.202,0.6325892,0
ZINC000809081838,CCC(=O)OCCOC1(C#N)CCOCC1,0.4144041,-6.412,0.2701894,0
ZINC000813707650,CCC/C=C/C(=O)NCc1ccc(C#N)cn1,0.46896946,-7.728,0.24146327,0
ZINC000822298790,CC/C(C)=C\C(=O)N1CCO[C@@H](C)C1,0.35497138,-6.762,0.11607157,0
ZINC000852683937,O=C1OCCN1CCN1CCC2(COC2)C1,0.46481043,-6.549,0.35579687,0
ZINC000874464502,CCc1cc(CNC(=O)c2coc(CO)c2)n[nH]1,0.37685946,-7.456,0.087279625,0
ZINC000886974377,C[C@@H](NCC1(C2(O)CCC2)CCC1)C(N)=O,0.52655894,-6.714,0.46096113,0
ZINC000895307665,CC1=NO[C@@H](CN[C@@H](C)Cc2ccsc2)C1,0.58918315,-7.199,0.53459203,0
ZINC000926709314,CCSC1(CN[C@H](C)c2ccns2)CC1,0.55056214,-6.15,0.5671444,0
ZINC001171447671,NCc1nccnc1Nc1cncc2cc[nH]c21,0.5258255,-7.189,0.41012597,0
ZINC001222979625,C#C[C@@H](C)OCc1ccc(C#N)cn1,0.45160338,-7.426,0.23845945,0
ZINC001354084593,COc1c[nH]nc1NC(=O)/C=C(\C)C1CC1,0.5418489,-6.966,0.46505058,0
ZINC001355290357,C#CC(=O)NCCOC[C@@H]1CCOC1,0.32123062,-5.874,0.14155328,0
ZINC001520145028,C[C@]1(O)CCCN(C(=O)[C@H]2C[C@H]2F)CC1,0.37816072,-7.318,0.10420419,0
ZINC000005464839,COC(=O)[C@H]1C[C@H](C)N1C1CCCCC1,0.4836982,-7.018,0.34445322,0
ZINC000044823054,CC[C@@H](C#N)C(=O)N[C@@H](C)C(N)=O,0.40530977,-6.332,0.26049143,0
ZINC000073771235,CC(C)Cc1noc(CNc2ccccc2F)n1,0.6972423,-8.059,0.65923935,0
ZINC000086805878,C[C@H](c1cccnc1)N1CCO[C@H](C(=O)O)C1,0.5528153,-7.393,0.44238192,0
ZINC000095979625,O=C(N[C@@H]1CCOC1)[C@@H](O)c1ccccc1,0.40732354,-7.834,0.108328216,0
ZINC000127205638,C[C@@H](O)CNCCNC(=O)c1cc[nH]n1,0.32961687,-5.854,0.16024491,0
ZINC000187549438,C=C[C@@H](C)OC(=O)c1nccc2ccccc21,0.534077,-8.285,0.31252804,0
ZINC000271162323,C=C1CCN(Cc2cccc3[nH]ccc32)CC1,0.7394976,-8.183,0.7300518,0
ZINC000293610228,N#CCCOCCN1CCCc2occc2C1,0.5221854,-7.026,0.41986114,0
ZINC000306515197,CC[C@H](C)CN1CC[S@](=O)[C@H](C)C1,0.44211853,-6.168,0.35045618,0
ZINC000345807477,Cn1cc(C(=O)C(=O)N[C@@H]2C[C@@H]2C(F)F)cn1,0.37748975,-7.099,0.12564296,0
ZINC000526979001,COCCN(C)C(=O)NCc1ncccc1F,0.50569963,-6.787,0.41205156,0
ZINC000533112389,CC1(CNc2ncnc3ccncc32)COC1,0.4760177,-7.586,0.27018794,0
ZINC000645254681,Cn1ccc(CNC(=O)N[C@@H]2CC[C@H]3C[C@H]3C2)c1,0.6027476,-7.824,0.49648523,0
ZINC000668815634,Cc1n[nH]cc1CN(C)C[C@H]1CC1(C)C,0.45862034,-6.682,0.3297078,0
ZINC000885732487,COCCOC(=O)C1(C2CC2)CC1,0.43596044,-5.759,0.38077837,0
ZINC000901537856,C[C@@H]1C[C@H]1C(=O)CSc1n[nH]c(O)n1,0.37791345,-6.267,0.2129794,0
ZINC001222686974,C[C@@H](COC1COC1)OCc1ccccc1,0.40807107,-6.817,0.2155393,0
ZINC001250322841,c1ncn2cc(Nc3cncnc3)ccc12,0.5053817,-7.065,0.38252008,0
ZINC001255283094,COC(=O)[C@@]1(F)CCN([C@H]2CCSC2)C1,0.447671,-6.381,0.339311,0
ZINC001438080369,Cc1cc[nH]c1C(=O)Nc1[nH]nnc1C,0.4391573,-7.657,0.18978944,0
ZINC000000465316,O=C(NC[C@H]1CCCO1)c1ccc(F)cc1F,0.4823941,-8.01,0.23873872,0
ZINC000002897746,Cc1ccccc1C(=O)Nn1cnnc1,0.4645059,-7.507,0.25559717,0
ZINC000032386654,C[C@@H]1C[C@@H]1CNC(=O)c1csc2c1CCCC2,0.6311685,-8.211,0.5125507,0
ZINC000090413228,CC(C)Oc1cc(C(=O)O)cnc1F,0.38387764,-6.848,0.16439144,0
ZINC000127786440,COC(=O)N1C[C@H](C)[C@H](C)C1,0.27582076,-5.636,0.07634361,0
ZINC000193738318,CCCc1cc(O)nc(SCCN(C)C)n1,0.5081558,-6.041,0.49447328,0
ZINC000281088360,C=CCCC(=O)N(C)c1ccc([N+](=O)[O-])nc1,0.533016,-7.286,0.41428536,0
ZINC000807000086,CC1(CNC(=O)[C@H]2CCCC23OCCO3)CC1,0.46480745,-7.916,0.21367367,0
ZINC000841977539,C#CCCNC(=O)N[C@H]1CNCC[C@H]1C,0.41997454,-7.336,0.18516225,0
ZINC000873359765,CCn1cc(C(=O)OCc2ccc(C#N)o2)cn1,0.41545627,-7.508,0.15833032,0
ZINC000888346639,CCn1[nH]nnc1=NC(=O)N1CCC[C@H](C)C1,0.52410316,-7.528,0.37147075,0
ZINC000922440852,CONC(=O)CNC(=O)N[C@@H]1CSC[C@@H]1C,0.3537338,-6.607,0.12973431,0
ZINC000051884311,O=C(/C=C/c1ccco1)N1CC[C@H](CO)C1,0.3811742,-7.329,0.10903003,0
ZINC000071214916,Cc1ccnc(Nc2ccc3c(c2)CCCN3)n1,0.62356496,-8.707,0.4459233,0
ZINC000074121560,CCCN1CCC[C@@H]1C(=O)NCc1ccc[nH]1,0.47677135,-7.291,0.3023499,0
ZINC000134921732,CN1CCN(C(=S)Nc2ccccc2)CC1=O,0.67047304,-7.373,0.67753047,0
ZINC000185533736,CC(C)c1ccc(C(=O)NCC(N)=O)s1,0.3942284,-7.02,0.16701378,0
ZINC000235420061,C[C@H](CCO)CNC(=O)C(F)F,0.28040195,-5.815,0.06680921,0
ZINC000308297975,CCC(C)(CC)NCc1ccon1,0.3976847,-6.003,0.27959067,0
ZINC000309121353,CN[C@H](C)c1cn(CCC(F)(F)F)nn1,0.40480086,-6.404,0.251998,0
ZINC000336655463,CC[C@@H](O)CN=c1nc(COC)[nH]s1,0.4004722,-5.522,0.3351186,0
ZINC000344773067,CCc1nc(Cn2ccc(=O)c([N+](=O)[O-])c2)n[nH]1,0.4625424,-7.121,0.2918374,0
ZINC000376883145,C(Cc1nnc2n1CCCCC2)NC1COC1,0.42329407,-6.769,0.2506849,0
ZINC000423218726,Cc1cc([C@H](C)NC[C@H]2CCCNC2)oc1C,0.5890724,-7.744,0.4777129,0
ZINC000578901931,N#CC1(CNC(=O)N[C@H]2CC[C@@H](F)C2)CC1,0.4714768,-7.839,0.2348902,0
ZINC000615763718,O=C(c1nc2cnccc2s1)N1CCOC1,0.43568873,-6.899,0.26172242,0
ZINC000642700274,CC[C@@H](CN1CCC(F)(F)C1)OC,0.35180658,-5.976,0.19151723,0
ZINC000794994225,C=CCNN=C(C)c1ccc(NC(C)=O)cc1,0.44263998,-6.898,0.2755962,0
ZINC000842541595,CC[C@@H]1CCC1=NN(C)[C@H](C)CO,0.43984205,-6.509,0.3104953,0
ZINC000855481242,CC/C(C)=C/C(=O)N[C@@H](C)C1(CO)CC1,0.44144022,-7.162,0.24577339,0
ZINC000878846545,C[C@H](NC(=O)COC1CC1)C1CCCC1,0.4331586,-7.346,0.21023905,0
ZINC000902062438,C[C@H](NCc1cccs1)[C@H]1C[C@@H]1C(=O)O,0.6153526,-6.802,0.6277046,0
ZINC000923000002,C#CCOC(=O)[C@@H]1CCCC(=O)N1C,0.38810465,-6.906,0.1667349,0
ZINC000937850791,CC(=O)N1CC[C@H](NC(=O)c2c[nH]c(C#N)c2)C1,0.45950714,-7.902,0.20462972,0
ZINC001117232555,CC[C@H](C)OCc1nnc(Cc2ccccn2)o1,0.4541276,-7.718,0.21310252,0
ZINC001133442621,CC[C@@H]1CCC[C@H]1C(=O)NCCNCCF,0.5192211,-6.735,0.44424242,0
ZINC001169122869,CC[C@H](NC[C@](C)(O)C(F)F)c1noc(C)n1,0.40879762,-6.47,0.25305364,0
ZINC001241909646,Cc1ncc(F)cc1-c1cnn(C2CC2)c1,0.5839271,-7.564,0.4862339,0
ZINC001242915889,Cc1ccc(-c2ccncn2)nc1N,0.4718973,-7.567,0.2640011,0
ZINC001455716710,C=C/C=C\CC(=O)NCC[C@H]1CC(C)(C)CO1,0.4391645,-7.681,0.18730861,0
ZINC000003831475,O=C(O)[C@@H](S)[C@@H](S)C(=O)O,0.3612162,-4.465,0.3672448,0
ZINC000038027545,CCCN1CCCC[C@H]1CC(=O)O,0.44392845,-5.936,0.37816086,0
ZINC000080173675,C[C@H](C(=O)N[C@H]1CCOC1=O)C(F)(F)F,0.31465188,-6.715,0.04108856,0
ZINC000086711506,CCCN(C)c1ncc(Cl)cc1F,0.46390295,-6.155,0.39496064,0
ZINC000092846400,COc1ccc(F)cc1NCc1ccco1,0.454688,-7.35,0.25247103,0
ZINC000162838254,CCOC[C@@H](C)Nc1cccc(CC)c1,0.6575576,-7.132,0.6770011,0
ZINC000274451463,Cn1cc(CN2CC[C@@H](O)C2)c(C(F)F)n1,0.64923894,-7.069,0.6670723,0
ZINC000276673222,O=C(CCOCC(F)F)NC1=NCCS1,0.34057006,-6.009,0.16582799,0
ZINC000334650226,FC1(F)C[C@@H]1c1nc(C2CCSCC2)no1,0.45522112,-7.944,0.19177306,0
ZINC000570688756,CCNCCN[C@@H](C)Cc1ccsc1,0.4647589,-5.781,0.43553832,0
ZINC000599685902,COC1CC(C(=O)N[C@H](CCO)CSC)C1,0.35530493,-5.82,0.21466538,0
ZINC000606886981,CCc1cc(=NC(=O)C2CCCC2)[nH]o1,0.3985728,-7.467,0.12914819,0
ZINC000630607771,C/C=C/c1cn(C2CC(O)C2)nn1,0.4573141,-6.803,0.31454074,0
ZINC000634667876,CC(C)[C@H]1C[C@@H]1c1nc(-c2ccn(C)n2)no1,0.52528536,-8.069,0.31756857,0
ZINC000664002901,Cc1cnc(N2C[C@H](O)[C@@H](CO)C2)s1,0.53358847,-6.35,0.5127285,0
ZINC000693361934,CCc1nsc(NC2CC(C(=O)O)C2)n1,0.42501327,-6.681,0.26323923,0
ZINC000754436142,CO[C@@H]1CN(C(=O)C2=CCCCO2)C[C@@H]1OC,0.43119445,-6.974,0.24502246,0
ZINC000814931302,COCCCON=Cc1nc(C#N)cs1,0.40822566,-5.523,0.35037354,0
ZINC000861980201,NC(=O)c1ccc(C(=O)NC[C@@H]2COCO2)[nH]1,0.37501916,-6.992,0.13187297,0
ZINC000872121923,C[C@@H]1CC[C@@H]1NCc1ccc2oc(O)nc2c1,0.5158625,-8.482,0.25596616,0
ZINC000894595540,Cc1ncoc1CN1CCCC[C@@H]1C[C@@H](C)O,0.5033749,-6.763,0.40994143,0
ZINC000901504452,CC[C@H]1CC[C@@H]1NCC1(C(=O)O)CC1,0.41666767,-6.404,0.2755051,0
ZINC000908858668,CCN(CCC(=O)O)C(=O)C1=CCCCC1,0.3794092,-7.072,0.13225217,0
ZINC001163967426,Fc1cccnc1N1CC(F)(C2CC2)C1,0.49877164,-7.275,0.3475939,0
ZINC001234636442,O=C1CC(Oc2ccccc2-c2ccon2)C1,0.58903533,-8.024,0.44852984,0
ZINC001241887377,Cc1ccc(-c2cscn2)nc1C,0.51312006,-7.114,0.3927548,0
ZINC001438188376,Cc1coc(C(=O)NCc2cccnc2O)c1C,0.44648537,-8.004,0.1682306,0
ZINC000000123836,CC(=O)c1csc(-c2cc(C)on2)n1,0.46035078,-6.661,0.33531886,0
ZINC000039982996,CCCCC(=O)Nc1nnc(CCC)s1,0.3420073,-6.418,0.12615421,0
ZINC000080115653,C[C@@H](O)CCNC(=O)c1ccc2[nH]nnc2c1,0.43588373,-7.81,0.16739851,0
ZINC000095098441,Cc1nn(C)c(C)c1C(=O)C(F)F,0.42653573,-6.545,0.28039402,0
ZINC000125905025,COCc1ccc(Br)cc1Cl,0.4435552,-6.035,0.36712915,0
ZINC000276142994,CN(CCCO)Cc1cccc2cc[nH]c21,0.62685466,-6.924,0.6378057,0
ZINC000288750138,Cc1[nH]ncc1C(=O)N[C@@H](C)C(F)(F)F,0.38093877,-6.992,0.14359915,0
ZINC000306768091,C[C@@H]1CC[C@@H]1NCc1cn(C)nn1,0.46394482,-6.343,0.37549853,0
ZINC000310336847,Cc1ccc(F)c(OCOC2CCOCC2)c1,0.4455424,-7.871,0.1801897,0
ZINC000335098855,CN(Cc1cnn(C)c1)C(=O)[C@@]1(C)C[C@@H]1F,0.31412643,-6.463,0.066246375,0
ZINC000339356392,C=C(C)CN(C)C(=O)Cc1[nH]cnc1C,0.37538508,-6.239,0.21088186,0
ZINC000488353071,COc1ccc(CN(C)C[C@H]2C[C@H]2C)cc1,0.60084087,-7.72,0.50352025,0
ZINC000600386627,CSCC(=O)N[C@@H]1COCCC1=O,0.31094936,-5.564,0.15341555,0
ZINC000614753795,CC(=O)NCc1ccc([C@@H]2C[C@@H]2C)o1,0.4279254,-7.255,0.20933321,0
ZINC000657285554,COC[C@@H](C)NCc1nc(C)c(C)[nH]1,0.46010345,-5.803,0.4240291,0
ZINC000770901091,CCCn1cnnc1COC(=O)COC(C)C,0.3511527,-6.369,0.14936456,0
ZINC000841016297,O=C(Nc1ccccn1)C1SCCCS1,0.42901853,-6.754,0.26358396,0
ZINC000876791109,CCC[C@@H](CC)C(=O)NCC1CNC1,0.45054728,-6.341,0.34916714,0
ZINC000889560468,CC(C)(C)c1coc(CNC(=O)C2CC=CC2)n1,0.5354517,-8.461,0.29695374,0
ZINC001160145533,Cc1ncc(F)c(NC[C@H]2CCCCN2)n1,0.6753367,-7.306,0.6941305,0
ZINC001218281924,c1nc(O[C@@H]2CCCNC2)n[nH]1,0.56539977,-5.931,0.6193043,0
ZINC001229825989,COc1nc(C)cc(O[C@H](C)Cc2ccco2)n1,0.40013427,-7.89,0.08826503,0
ZINC001474723753,OC1CC2(C[C@@H]2NCc2ncccc2F)C1,0.51773655,-7.676,0.34347248,0
ZINC001588959732,C/C(=C\CN1CCC[C@@](C)(F)C1)C(=O)O,0.46343538,-7.129,0.29277456,0
ZINC000037486968,CCCCNCc1ccc(Cl)o1,0.64917177,-6.009,0.7771399,0
ZINC000037505569,Cc1ncc(CNCC2CC2)s1,0.46947706,-5.638,0.45975125,0
ZINC000051662870,CC#CCNc1cccc2c1CCCC2,0.567324,-8.374,0.36913466,0
ZINC000118153485,CCOCCCOC(=O)c1ccc(C)n1C,0.4201355,-5.818,0.34329677,0
ZINC000177178113,CN(Cc1cncn1C)Cc1nccs1,0.5295915,-5.483,0.59494674,0
ZINC000178232336,CN(C[C@@H]1CCCO1)C(=O)c1cn(C)cn1,0.32706514,-6.208,0.1183873,0
ZINC000329348687,CN(C(=O)[C@@H]1CCCO1)[C@@H]1COC[C@H]1O,0.3900382,-6.236,0.24022028,0
ZINC000331186780,COC[C@H](C)N(C)C(=O)c1nc(C)oc1C,0.554673,-6.467,0.54233146,0
ZINC000393692067,CCC(C)(CC)NCc1ncc(C)o1,0.45072275,-6.364,0.34712362,0
ZINC000515073703,CC[C@H](NS(=O)(=O)CC)[C@H](O)C(F)F,0.3843606,-5.889,0.2650486,0
ZINC000533835211,CCOC(=O)CC(=O)Nc1cnc(O)c(C)c1,0.59810334,-7.426,0.52866256,0
ZINC000600553065,C[C@H]1C[C@H]1CSc1cccc(F)c1C#N,0.44756126,-7.765,0.19520897,0
ZINC000638342478,CCCc1nc(C(=O)N(C)CCN)co1,0.36228177,-6.304,0.17816783,0
ZINC000638788528,CC(=O)N[C@@H](C)C(=O)N[C@@H]1CCN[C@H]1C,0.35823873,-6.405,0.15965867,0
ZINC000672207143,CC(C)(C)CCCCC(=O)NCc1cnn[nH]1,0.36033088,-7.214,0.07969704,0
ZINC000700886153,N#CCC1(CNC(=O)/C=C/c2ccco2)CC1,0.43666613,-7.677,0.18277541,0
ZINC000808463145,CC(C)Cn1ccnc1CNC(=O)C(C)(F)F,0.35301387,-7.019,0.085475504,0
ZINC000844088326,CCCONC(=O)c1cnn(C(C)C)c1,0.34341562,-6.536,0.116676286,0
ZINC000859190317,COC1([C@@H](C)NC(=O)OCCF)CCC1,0.31477544,-6.049,0.110572614,0
ZINC000898696175,C=C1CN(C(=O)[C@@H](C)OCC2CC2)C1,0.31400022,-5.869,0.12775029,0
ZINC000908926060,CC[C@@](C)(NC(=O)c1coc(C)n1)C(=O)O,0.32848203,-6.703,0.0697324,0
ZINC000909814524,O=C(OCCCCO)c1cc2cnccc2[nH]1,0.39483458,-7.018,0.16842246,0
ZINC001174382814,c1cnc2c(Nc3cncnc3)noc2n1,0.43911874,-6.787,0.28016078,0
ZINC001188191836,N#Cc1cnc(COc2ccccc2Cl)nc1,0.5317386,-7.452,0.39449692,0
ZINC001634296965,CCN1CC[C@H]1C(=O)Nc1nn[nH]n1,0.40345982,-5.941,0.29747635,0
ZINC000021950235,CC(C)c1noc(CCCCCN)n1,0.43971357,-6.563,0.30462682,0
ZINC000046294138,CC(=O)N[C@@H](C)c1ccc(Cl)s1,0.45881492,-6.281,0.37178236,0
ZINC000188912369,CNS(=O)(=O)CCNC(=O)C1=CCCCO1,0.5009324,-6.541,0.4281829,0
ZINC000259855703,N#Cc1cc(-c2ccccc2Cl)ncn1,0.69186485,-8.008,0.6538892,0
ZINC000294024097,Cn1ccc(C(=O)N2CCC[C@@H]2CF)c1,0.50855494,-6.679,0.42893556,0
ZINC000334762955,CS[C@H](C)C(=O)N[C@H]1COCC1(C)C,0.3397207,-6.16,0.14844704,0
ZINC000336569087,C=C[C@@H]1CCCCN1CC(=O)N1CCC1,0.50365597,-6.798,0.40685964,0
ZINC000346259192,C=CCNC(=O)CNc1nc2ccccc2n1C,0.47955176,-7.114,0.32625908,0
ZINC000378710525,NCCn1cc([C@@H](O)c2ccccc2)nn1,0.42852792,-7.456,0.1896302,0
ZINC000413103443,CC(C)CCCNC(=O)N1CCO[C@@H](CF)C1,0.37046933,-6.726,0.15051427,0
ZINC000495727536,CN(CC1CCCC1)C(=O)[C@@H]1COC(=O)N1,0.35154086,-7.14,0.06997804,0
ZINC000591267787,N#Cc1ccc(CN2CC[C@@H](C3CCC3)C2)o1,0.68777055,-8.298,0.6156295,0
ZINC000594886068,O=[N+]([O-])c1ncn(Cc2cc(C3CC3)no2)n1,0.40955502,-7.293,0.16899255,0
ZINC000658223115,C[C@@H]1CN(C2CC2)C[C@@H]1NC[C@@]1(C)CC1(F)F,0.44190618,-7.103,0.25283018,0
ZINC000724549034,O=C(NC[C@@H]1C[C@@H]2COC[C@@H]2O1)c1cn[nH]c1,0.3700405,-6.826,0.13926852,0
ZINC000729084568,C[C@@H](OC(=O)C[C@H]1CCCO1)C1CC1,0.34964392,-6.211,0.16280192,0
ZINC000764799884,C[C@H](OC(=O)c1cnn(C)c1)c1ccco1,0.43166798,-7.208,0.22163314,0
ZINC000800106950,C#CCOCCNC(=O)N(C)CC(F)(F)F,0.27409023,-5.834,0.052330963,0
ZINC000808027444,Cc1nccn1Cc1cnnn1-c1ccccc1,0.54316235,-7.902,0.37034312,0
ZINC000844574865,C=CC[C@@H]1CCC(=NNc2cnccn2)C1,0.52865964,-7.581,0.37498665,0
ZINC000855931423,C[C@@H]1CCN(C(=O)[C@H]2CCC=CO2)C[C@H](C)O1,0.452187,-7.581,0.22350132,0
ZINC000902212584,Cn1cc(NCCc2cccs2)c(C2CC2)n1,0.46342313,-6.578,0.35003388,0
ZINC000926946911,C[C@H](NC[C@@H]1C[C@H]1C(F)(F)F)C1CCCC1,0.5782495,-7.832,0.44712502,0
ZINC001189543139,C[C@]1(F)CCN(C(=O)c2cnc(O)[nH]2)C[C@H]1F,0.5200176,-7.74,0.34133747,0
ZINC001243709029,OCc1cccc(Cl)c1-c1nccs1,0.48694712,-6.913,0.36180514,0
ZINC000000559587,CC(=O)COC(=O)c1ccc(Cl)c(Cl)c1,0.55337536,-7.35,0.44796175,0
ZINC000132294429,FC(F)(F)c1ccc(NCc2ccoc2)nc1,0.4535443,-7.935,0.18938708,0
ZINC000157385528,Fc1ccc(C#CCn2ccnc2)cc1,0.7464407,-8.605,0.6999332,0
ZINC000330822384,COC(=O)[C@@H](C)CSCc1nnnn1C,0.28969142,-5.765,0.090408914,0
ZINC000339920105,CC[C@H]1C[C@@H](C)CN1C(=O)C(=O)NCC1CC1,0.39588094,-7.175,0.15417302,0
ZINC000381448101,C[C@H]1CN/C(=N/CCCn2cncn2)N1,0.32066613,-6.315,0.09458746,0
ZINC000398627527,CC[C@@H]1CN(CC(=O)OC)C[C@@H](CC)O1,0.39165127,-6.18,0.24923757,0
ZINC000456473023,CNC(=O)C[C@@H](C)NC(=O)c1ccccc1C,0.5813743,-7.628,0.4745233,0
ZINC000629033726,C/C=C/CNC(=O)CSc1n[nH]c(O)n1,0.36346886,-6.694,0.13997377,0
ZINC000651922030,CN(C(=O)c1cnc2cccnn21)[C@H]1CC1(C)C,0.44925222,-7.923,0.18213242,0
ZINC000665109870,Cc1nc(CC(=O)NCC2CCCCC2)n[nH]1,0.5208076,-7.622,0.35517004,0
ZINC000761088315,NC(=O)c1cccc(CN2CC[C@H]3C[C@H]32)c1,0.69514227,-8.081,0.6527922,0
ZINC000783203121,Cc1nc(CCC(=O)OC2CC2)cs1,0.4585565,-6.218,0.37782013,0
ZINC000813831353,CC[C@H](C)CONC(=O)NCC[C@@H](O)CC,0.47252068,-6.877,0.33697033,0
ZINC000821541108,O=C(Nc1ccc(Cl)nc1)Nn1cnnc1,0.59699404,-7.422,0.526881,0
ZINC000910015055,O=C(N1CC=CC1)C(F)(F)C1(O)CCCC1,0.39218923,-7.314,0.13240926,0
ZINC001175739096,CCOc1ccc(Nc2cnc(C)s2)cn1,0.49694252,-6.832,0.39002615,0
ZINC001193902213,COC(=O)Nc1ccc2c(cnn2C)c1,0.60200423,-7.026,0.57797503,0
ZINC001212963110,Nc1ncc(Nc2c(O)cc(F)cc2F)cn1,0.43437874,-7.676,0.17834827,0
ZINC001227715122,CC[C@@H](C)Oc1nc(O)nc2c1CO[C@@H]2C,0.506006,-7.346,0.3545431,0
ZINC001240516347,COc1cc(-c2c[nH]nc2C)ncn1,0.54148513,-6.568,0.50570726,0
ZINC001337680626,C[C@@H]1CCC(F)(F)CN1C(=O)c1ccncn1,0.40963587,-7.692,0.1276715,0
ZINC000005261171,CCCCCCC(=O)OCc1ccccn1,0.5064834,-7.1,0.38106367,0
ZINC000094592507,C[C@H](CNc1ccc(C#N)c([N+](=O)[O-])c1)C(=O)O,0.59574693,-8.163,0.44737408,0
ZINC000185592450,C[C@@H]1C[C@H]1C(=O)N1C[C@H](C)Oc2c(F)cccc21,0.51303005,-8.406,0.25825647,0
ZINC000225325059,Cc1nc(-c2nc(CCN)no2)co1,0.4882897,-6.413,0.41644615,0
ZINC000277264531,O=[N+]([O-])c1cnc(NC2CC(F)(F)C2)nc1,0.47740486,-7.011,0.33271444,0
ZINC000334466302,C[C@@H](O)C(=O)N[C@H](C)c1cccnc1,0.5163548,-7.241,0.38595927,0
ZINC000335742994,Cc1cnc(C(=O)N2CC[C@](C)(F)C2)c(O)c1,0.4483054,-7.688,0.20468818,0
ZINC000337593674,C[C@@H](CNC(=O)Nc1nncs1)N(C)C,0.35849366,-6.257,0.17555016,0
ZINC000356068259,C[C@@H]1CSC[C@H]1NC(=O)[C@@H]1CCCS1,0.37705243,-6.436,0.19370404,0
ZINC000379915442,CO[C@]1(CNc2ncc(Cl)s2)CCOC1,0.40465882,-6.177,0.2753162,0
ZINC000405150706,C[C@H]1NCC[C@H]1C(=O)N1CCC(F)(F)CC1,0.36176986,-7.131,0.091176465,0
ZINC000425505291,CCC(=O)N1CCN(C[C@@H](O)CSC)C1,0.5908519,-5.641,0.69987196,0
ZINC000516789473,Cc1cnc(CN2CC[C@H](OC(F)F)C2)o1,0.5044249,-6.665,0.42220986,0
ZINC000541258240,OCCCCc1nc(O)c2ccc(F)cc2n1,0.49094027,-8.025,0.2541085,0
ZINC000583561042,c1nc([C@H]2CCN(Cc3cncs3)C2)n[nH]1,0.5617349,-6.941,0.50704205,0
ZINC000596456145,Cc1ccc(NC(=O)N2CC(CC#N)C2)cc1,0.6335087,-7.695,0.57083136,0
ZINC000628361684,Cc1cnc(CN2CC[C@@H](C)[C@H](CO)C2)[nH]1,0.46036753,-7.213,0.27796453,0
ZINC000637732830,C=CCCOCC(=O)Nc1cc(C)nc(C)n1,0.37703338,-6.824,0.15332872,0
ZINC000641500368,Fc1cnccc1N1CCO[C@H](C2CC2)C1,0.53511685,-6.922,0.45628938,0
ZINC000738504517,Cc1ccc(C(=O)N(CC#N)CC(=O)O)cn1,0.35529894,-7.127,0.078773975,0
ZINC000762210814,CC(C)CCCONC(=N)Cn1cccn1,0.44837758,-6.161,0.3635825,0
ZINC000779797981,C[C@@H]1CN=C(NN=Cc2ccccc2O)N1,0.6533682,-7.672,0.6125623,0
ZINC000806752670,C#Cc1cncc(C(=O)N2CCCNC(=O)C2)c1,0.51013047,-8.704,0.2215317,0
ZINC000823659443,CO[C@@H]1C[C@H]1C(=O)N(C)C(C)(C)C,0.35272816,-5.595,0.23295267,0
ZINC000827406934,CN(CCCc1ccccc1)CC[S@](C)=O,0.558025,-6.947,0.4990692,0
ZINC000865114238,CO[C@@H](C)CCNC(=O)[C@@H](O)c1cnc[nH]1,0.36446118,-6.233,0.1898664,0
ZINC000870199506,CC[C@]1(C(=O)NS(=O)(=O)CC)CCNC1=O,0.3623507,-7.065,0.09918858,0
ZINC001162801281,F[C@H]1CNCC[C@H]1CNc1cnc2cc[nH]c2n1,0.54356116,-7.834,0.37820265,0
ZINC001170795811,NC1=CN([C@@H]2CCCOCC2)CC=C1,0.36775285,-6.827,0.13463296,0
ZINC001239067456,CC(C)n1ccc(-c2ncnc3c2COC3)c1,0.6439171,-7.954,0.564523,0
ZINC001246640351,C1C[C@@H](N2CC[C@H]3NCC[C@H]32)CN1,0.350938,-6.161,0.17056355,0
ZINC001353669477,O=C(c1ccns1)N(CC1CC1)CC1CC1,0.3568318,-6.213,0.17683256,0
ZINC001519121132,CCc1nocc1C(=O)Nc1nccnc1C,0.55570847,-7.583,0.42836,0
ZINC000019869455,COc1ccc(Cn2nc(C)c(N)c2C)cc1,0.47517028,-7.655,0.26133585,0
ZINC000070228329,CCO[C@H]1CCCN(C(=O)COC)C1,0.2901023,-5.788,0.08883169,0
ZINC000082426960,CC(C)C(=O)N[C@@H]1CNCC[C@H]1C,0.46248078,-6.792,0.3259191,0
ZINC000172162983,CSCC(=O)N(C)Cc1cnccn1,0.2623971,-5.09,0.106516376,0
ZINC000181454199,CNC(=O)c1cccc(C(=O)OCC=C(C)C)c1,0.6371301,-8.888,0.45397723,0
ZINC000306480306,Cc1conc1NC(=O)C1CC1,0.3397762,-6.215,0.14283901,0
ZINC000306792555,C=C(CC)CN1CCSC[C@@H]1C,0.34647977,-5.713,0.2083076,0
ZINC000331988069,Cc1cc(C(=O)NCC2(CO)COC2)c(C)o1,0.47484565,-7.353,0.29208955,0
ZINC000354925066,CCc1c(C(=O)NCc2nc(O)n[nH]2)ccn1C,0.48007402,-7.483,0.28893134,0
ZINC000384666973,C[C@@H]1C[C@H](N[C@H]2CC(=O)N(C)C2)[C@@H](C)O1,0.5439074,-6.858,0.48035628,0
ZINC000408168100,Cc1c[nH]cc(C(=O)N2CC[C@H](N(C)C)C2)c1=O,0.68115616,-7.338,0.7023314,0
ZINC000553167475,COCCNC(=O)c1nc(N)nc(N(C)C)n1,0.41509902,-5.998,0.31460667,0
ZINC000585145347,N#Cc1cccc(C#CCn2cccn2)n1,0.6355284,-8.199,0.5224349,0
ZINC000633280809,Cc1nocc1CNC(=O)[C@@H]1CCCC12CC2,0.4954805,-7.964,0.26944402,0
ZINC000639210966,Cc1cc(CNCC[C@@H](C)F)sn1,0.61232996,-5.94,0.71133316,0
ZINC000661004849,C=CCCNC(=O)NCC(=O)NCC1CC1,0.36308545,-6.525,0.15678401,0
ZINC000752998754,Cc1nnccc1C(=O)OCc1ccc(F)cc1,0.43139517,-8.205,0.11744173,0
ZINC000804288875,C=C(CO)C(=O)N(C)[C@@H]1CCCOC1,0.33946082,-6.149,0.14907584,0
ZINC000835075687,CCc1nn(C)c(Cl)c1CN1CC(CC)C1,0.6458532,-6.677,0.70111895,0
ZINC000843309947,Cn1cnc(CCCNC(=O)c2nccn2C)n1,0.4726911,-7.023,0.3221293,0
ZINC000866103140,CS[C@H]1C[C@H](Nc2snc(C)c2C#N)C1,0.48391825,-6.309,0.41859883,0
ZINC000878167096,C#CCN(CC)Cc1nc(CC2CC2)no1,0.46448773,-7.062,0.3018247,0
ZINC000928952111,C[C@H](C(=O)N1CCOCN1)N1CCSCC1,0.37795618,-6.166,0.22356427,0
ZINC001123319500,C=C(C)CCC(=O)OC[C@H]1C[C@@]12CCOC2,0.54365927,-7.888,0.372783,0
ZINC001260082474,CCC[C@H](NS(N)(=O)=O)c1cccc(F)c1,0.46031752,-7.524,0.24553299,0
ZINC000004344225,N/N=C(\N)c1nonc1-c1nn[nH]n1,0.42645618,-6.704,0.26370636,0
ZINC000013996366,CCc1cc(C(=O)NCCn2ccc(C)n2)on1,0.43364483,-7.388,0.20683576,0
ZINC000043209611,CCOC(=O)C(=O)c1ccccc1CC,0.57595116,-7.292,0.49871218,0
ZINC000082545196,CN(CCC(N)=O)CC1CCOCC1,0.37471396,-6.077,0.22639444,0
ZINC000183897674,c1c[nH]c(COCC2CCCCCC2)n1,0.5375138,-7.152,0.43712598,0
ZINC000217778869,COC(=O)CC[C@H]1CCC(=O)N(C)CC1,0.3614184,-6.936,0.110753,0
ZINC000308230503,C[C@H](CN(C)CC#N)c1nccs1,0.6385167,-5.637,0.7947074,0
ZINC000593976138,C[C@H]1CCC[C@@H]1NC(=O)CCCCC#N,0.38846135,-7.069,0.15049556,0
ZINC000634365599,CC(C)CC(=O)N[C@H](C)CC1CCC1,0.35967827,-6.622,0.1399503,0
ZINC000653889162,Cc1noc(CN(C)Cc2nnc(C)s2)n1,0.4622283,-6.407,0.36544466,0
ZINC000663915482,COC[C@H](COc1ccccc1F)OC,0.44985354,-6.272,0.35496634,0
ZINC000702546071,C[C@H](NCCOCCF)C1(Cl)CC1,0.33831027,-5.68,0.19555531,0
ZINC000724609335,COCCN(CCO)C[C@@H]1C[C@@H]2COC[C@H]2O1,0.47960126,-6.138,0.4278249,0
ZINC000761085758,O=C(CN1CC[C@H]2C[C@H]21)Nc1ccon1,0.51842004,-6.704,0.44587836,0
ZINC000787292789,O=C(NOCCO)c1ccc2cc[nH]c2n1,0.3436331,-6.966,0.072403006,0
ZINC000824432710,C[C@@H](CCNC(=O)C1(C)CC(F)(F)C1)N(C)C,0.46635097,-7.345,0.27609408,0
ZINC000829837135,NC1=CCN(C(=O)[C@@H]2CCCS2)N1,0.4390525,-6.023,0.35945725,0
ZINC000844902030,Nc1ccc(NCc2cccc3c2CCC3)cc1,0.7588819,-9.142,0.66875005,0
ZINC000857892225,CC(C)[C@H](O)C(=O)N1CCc2nc(F)ccc21,0.57361513,-7.92,0.42879602,0
ZINC000867771270,CCCS(=O)(=O)NC1CC(C(=O)OC)C1,0.32425264,-5.94,0.14067806,0
ZINC000930678685,O=C(Nc1ccc(C2CC2)cc1)NC1CSC1,0.45807162,-7.34,0.26021323,0
ZINC001210794625,C/C=C(\C)Nc1cc(CC)ccc1O,0.4669042,-7.34,0.27770975,0
ZINC001242615619,Cc1cc2c(nccc2-c2cnc(O)c(F)c2)[nH]1,0.514496,-8.773,0.22300602,0
ZINC001243066489,Cn1cncc1-c1ccc2[nH]ccc2c1F,0.4673982,-7.996,0.2104887,0
ZINC001243470658,Nc1nccc(-c2cccnc2N)n1,0.3713219,-6.807,0.14378212,0
ZINC001246072745,c1coc(CN[C@@H]2CCCNC2)n1,0.42871037,-5.895,0.3522777,0
ZINC001600392007,Cc1ccc(C)c(SC[C@H](F)C(=O)O)c1,0.42086825,-7.245,0.19639325,0
ZINC000001746590,Nc1cccc(-c2ccccc2)c1,0.5197234,-8.163,0.29677835,0
ZINC000048065449,Cc1noc(CN(CCO)C2CC2)n1,0.4337099,-5.87,0.36478037,0
ZINC000082093024,CC(C)c1cc(C(=O)N2CC=C[C@@H]2CO)n(C)n1,0.667481,-7.66,0.64176613,0
ZINC000110895360,CN(C)CCN(C)c1ccc(C#N)cc1Cl,0.45668694,-6.859,0.30747652,0
ZINC000120547000,CCCC1(CNC(=O)N[C@@H]2CCC[C@@H]2C)CC1,0.4900516,-7.573,0.29933935,0
ZINC000133996270,C=C(C)CN(CC)C(=O)Cn1ccc(C)n1,0.41971585,-6.382,0.2838304,0
ZINC000309413903,COc1ccncc1C1=CC(=O)C[C@@H](C)C1,0.44086483,-7.751,0.18339944,0
ZINC000336734297,Cc1nnc([C@@H](C)N[C@H](C)c2cn[nH]c2)s1,0.5226116,-6.848,0.4392109,0
ZINC000336746399,COC[C@H](CN[C@H]1CC[C@H]1C1CC1)OC,0.31164247,-5.794,0.13087706,0
ZINC000491662933,C#C[C@H](NC(=O)NCCF)c1ccc(F)cc1,0.57816464,-7.636,0.46733359,0
ZINC000491724870,C#C[C@H](CO)NC[C@@H](O)c1ccc(F)cc1F,0.4958068,-7.724,0.29504147,0
ZINC000495458293,COC(=O)N(C)CC(=O)N1CCOC(C)(C)C1,0.3435476,-6.365,0.13471544,0
ZINC000576530407,CN1C(=O)C[C@H](NC(=O)[C@H]2CC2(F)F)C1=O,0.37759268,-7.35,0.09975214,0
ZINC000594650776,OCCSCc1cn(CC(F)(F)F)nn1,0.31276506,-5.811,0.13133341,0
ZINC000739238959,CC[C@H](C)[C@@H](NC(=O)O)C(=O)OC,0.46480882,-5.788,0.43490946,0
ZINC000773516645,C=C(CC)COC(=O)c1ccc(C#N)cn1,0.3837466,-7.465,0.09998673,0
ZINC000828808694,CC[C@@H]1C[C@H]1CNc1snc(Cl)c1C#N,0.5332142,-6.957,0.44888175,0
ZINC000831178915,NC(=O)CC(=O)NC[C@@H]1CCCN1C(=O)O,0.3308769,-6.595,0.085704416,0
ZINC000849895971,N#Cc1ncccc1OC[C@@H]1CCC(=O)O1,0.5046317,-7.176,0.36949444,0
ZINC000873255810,N[C@H]1C[C@H](CN[C@H]2CCCc3n[nH]cc32)C1,0.78059214,-7.81,0.8502346,0
ZINC000874784546,Cn1cnn(CC(=O)N[C@H]2CC23CCC3)c1=O,0.36764258,-7.218,0.09376502,0
ZINC000893225476,C[C@H](O)CNC1CC(c2ccc(F)cc2F)C1,0.7238908,-8.073,0.71057206,0
ZINC000895830284,COc1ccc(CN2C[C@@H]3CC=CC[C@@H]3C2)o1,0.65088344,-7.833,0.5909022,0
ZINC000896908818,c1cc(CNCC2CC3(C2)OCCO3)no1,0.589869,-6.576,0.60071963,0
ZINC000912134991,COC(=O)CC(=O)Nc1n[nH]c(C)c1Cl,0.42513758,-6.469,0.28552562,0
ZINC000922844533,c1cc(CN[C@@H]2CCSC3(CCC3)C2)n[nH]1,0.46643746,-7.075,0.3043354,0
ZINC000931442749,CCCN1CCC(c2ncco2)CC1,0.5431248,-6.435,0.52278227,0
ZINC000934131632,CO[C@H]1CC[C@@H]1N(C)CCC(C)C,0.49317646,-6.168,0.45159727,0
ZINC001231308355,C[C@H]1CC[C@H](Oc2n[nH]c(O)n2)CC1,0.4318617,-7.06,0.23740338,0
ZINC001240378954,C/C=C(\NC=N)c1cnn(C)c1C,0.5411935,-6.372,0.52550626,0
ZINC001338918356,C=CCO[C@@H]1CCN(C(=O)[C@@H]2C[C@@H]2F)C1,0.31878322,-6.062,0.1171602,0
ZINC001603376608,O=C(NC/C=C\Cl)c1c[nH]c2ncccc12,0.55309206,-7.66,0.41517204,0
ZINC000000267684,C[C@@H](Nc1cc(=O)n(C)c(=O)[nH]1)c1ccccc1,0.650812,-8.688,0.5018724,0
ZINC000050104547,CCCCOCCN1CCC[C@@H](CO)C1,0.5386595,-6.302,0.5277641,0
ZINC000189879021,C[C@H](O)[C@@H]1CCN(CCOCC(F)F)C1,0.33246312,-5.921,0.15891755,0
ZINC000229691553,O=C(NC[C@@]1(O)CCOC1)C1CC1,0.34328687,-6.188,0.15260038,0
ZINC000298397148,CCc1nnc(SC[C@@H](O)CC)[nH]1,0.36681888,-5.627,0.2575383,0
ZINC000309693706,CC(C)=Cc1nc([C@@H]2CCCNC2)no1,0.62431157,-7.417,0.58151436,0
ZINC000336008423,C[C@H](NC(=O)C1=CCCCC1)C(=N)O,0.38733432,-7.354,0.1186336,0
ZINC000362585394,C=C[C@@H](C)NC(=O)c1ccc(C(F)(F)F)cn1,0.43783987,-7.578,0.19539279,0
ZINC000642873750,CNC(=O)C(C)(C)[C@@H](N)C(C)C,0.33641103,-5.831,0.17609467,0
ZINC000662453443,CCc1nc(CNC(=O)[C@@H](CC)NC)cs1,0.33311182,-6.274,0.12350368,0
ZINC000787394130,COC(=O)[C@H](NC(=O)C(F)F)c1ccccn1,0.3843784,-7.008,0.14874937,0
ZINC000800176320,C[C@@H](C(=O)OCCCN1CCCC1)C1CC1,0.49295673,-6.807,0.3847297,0
ZINC000816032930,C=C[C@H](C)OC(=O)c1cnn(CC)n1,0.33029082,-6.314,0.11375702,0
ZINC000838611870,C[C@@H]1CN(C(=O)NOCC2CC2)CC(=O)N1C,0.49058068,-7.31,0.32772964,0
ZINC000852789940,CSC(C)(C)C(=O)NCCN,0.33260828,-4.94,0.26119274,0
ZINC000894045915,CC/C=C\CNc1ncc([N+](=O)[O-])cc1OC,0.48615047,-6.804,0.37155902,0
ZINC000925508152,CC(C)OCCCN[C@H]1CNCCOC1,0.4077222,-6.251,0.27369124,0
ZINC001193379714,COCCOC(=O)Nc1ncccc1C(C)C,0.47380507,-6.703,0.35760415,0
ZINC001345871361,N#Cc1ccc(COC(=O)[C@@H]2C[C@H]2F)nc1,0.4671071,-6.921,0.32167217,0
ZINC001588995261,C[C@@H](CC(=O)O)NC(=O)CCCC(F)(F)F,0.42231014,-6.671,0.2589242,0
ZINC000040163967,SCCNC1=NCCCC1,0.433256,-4.998,0.4545369,0
ZINC000040856809,CNCC(=O)NCc1cc(OC)ccc1OC,0.4986741,-6.572,0.42048657,0
ZINC000054336787,C[C@H](CNC(=O)N(C)C[C@H](C)C#N)C(=O)O,0.40827107,-6.848,0.21271265,0
ZINC000082485671,Cc1cc(C(=O)O)c(NC(=O)CC2CC2)s1,0.43168303,-6.673,0.27728313,0
ZINC000083120120,C(c1nc(C2CCC2)no1)N1CCNCC1,0.42677948,-7.677,0.16319086,0
ZINC000224071294,C[C@@H](N)C(=O)NCC[C@@H]1CCCCO1,0.5278545,-6.343,0.5020978,0
ZINC000306786095,CC[C@H](C)N1CCC[C@H](C2CC2)C1,0.42181683,-6.621,0.26314515,0
ZINC000454752623,CC/C=C/CNC(=O)NC[C@@H]1CCO[C@@H](C)C1,0.4592257,-7.509,0.24492969,0
ZINC000602076878,CC[C@H](Cc1ccccc1)C(=O)N1CCC1,0.46346688,-7.58,0.24594967,0
ZINC000622850415,COc1nnc(NC(=O)[C@H]2C[C@H]3C[C@H]3C2)s1,0.5163916,-7.478,0.36139286,0
ZINC000640715065,Cc1[nH]nc(C(=O)NCCc2cnoc2)c1C,0.4357213,-7.159,0.23475657,0
ZINC000667553884,C[C@@H]1CCN(Cc2c(C3CC3)cnn2C)C1,0.596907,-7.512,0.517352,0
ZINC000678164365,C[C@@H](O)CNC(=O)C[C@@H]1CC[C@@H](C)C1,0.45818833,-7.202,0.27479133,0
ZINC000748347413,CC(C)N(C)CC(=O)NCc1ccccc1O,0.55651927,-7.757,0.41187656,0
ZINC000784523078,C[C@@H]1C[C@@H](C(=O)OCc2cncn2C)CO1,0.43830228,-6.671,0.29060316,0
ZINC000820545476,CC(CO)(CO)CNC(=O)COC(F)(F)F,0.32214707,-6.222,0.107189596,0
ZINC000833275327,O=C(O)Cn1cc(NC(=O)c2ncccn2)cn1,0.4348797,-7.107,0.23849548,0
ZINC000873256682,C=CCC[C@@H](NC[C@H]1C[C@H](N)C1)C1CC1,0.53820264,-6.397,0.51698256,0
ZINC000904235039,C[C@H](N[C@@H](C)C(=O)OC1CCCC1)C(=O)O,0.38724342,-6.854,0.17043498,0
ZINC001141015232,CN(CC#N)Cc1c[nH]nc1C(F)(F)F,0.4881594,-6.154,0.4431144,0
ZINC001173824777,COc1cccc(Nc2ccnn2C2COC2)c1,0.58392936,-7.841,0.45744056,0
ZINC001173999460,N#Cc1ccc(NC2=CCCC2)cc1,0.6384599,-7.888,0.5605745,0
ZINC001207101685,CN(Cc1cc(C#N)n(C)c1)CC(F)(F)F,0.5636126,-6.751,0.5305145,0
ZINC001239580573,COc1ccc(-c2cncn3cnnc23)cc1F,0.4655278,-8.339,0.17112432,0
ZINC001245447923,NC(=O)Cc1ccccc1-c1ncc(N)cc1F,0.47929168,-8.427,0.1892406,0
ZINC001249907050,COc1cc(OC)c(Nc2ccco2)cn1,0.4515807,-6.656,0.31846595,0
ZINC000082265838,C[C@@H](NC(=O)Cc1coc2ccccc12)C(=O)O,0.45253333,-8.05,0.17542875,0
ZINC000082699490,CNCc1cc(C(F)(F)F)ccc1F,0.6666585,-7.125,0.69575703,0
ZINC000187317322,COCCCNC(=O)Cc1cncs1,0.43908867,-5.761,0.3867672,0
ZINC000289799539,C[C@H](NCCc1cn[nH]c1)[C@@H]1CCOC1,0.5187099,-6.583,0.45903215,0
ZINC000308904887,C=CCNc1ccc(OC(F)F)cc1F,0.35156053,-6.8,0.10536444,0
ZINC000344895084,CCO[C@H](C)C(=O)Nc1ccc(C)c(F)c1,0.5061893,-7.457,0.34336627,0
ZINC000346010636,C/C(=C\c1nc(Cc2ccccn2)no1)C1CC1,0.4660056,-8.025,0.20471516,0
ZINC000359205076,CCc1nc(C(=O)N[C@H]2C=C[C@@H](CO)C2)no1,0.45729712,-7.454,0.24682727,0
ZINC000647496286,Cc1cc(CN2CC[C@@H](N)[C@H](C)C2)nn1C,0.59618205,-7.183,0.5501197,0
ZINC000674238646,CC(C)Cc1noc(C2(C)CCC2)n1,0.47641322,-7.497,0.28022414,0
ZINC000716916676,C#CC[C@@H](COC)NC1CCCC1,0.46707398,-6.172,0.3994748,0
ZINC000741701537,CC[C@@H](NC(=O)C1=COCC1)c1ccncc1,0.4346695,-7.487,0.19857325,0
ZINC000744286780,O=C(Cc1cc2ccccc2o1)OCCC1CC1,0.4455382,-8.425,0.12258592,0
ZINC000786197273,COc1ncccc1N(C)C(=O)c1cnn(C)n1,0.4972273,-6.805,0.39339727,0
ZINC000837453523,COc1nccc(COC(=O)/C=C(\C)C2CC2)n1,0.46491197,-6.98,0.31119,0
ZINC000858033636,C#CCN1CC[C@@H](Oc2ccc(C)cn2)C1,0.61865187,-7.175,0.595462,0
ZINC000902615985,CNc1ccccc1CN[C@H](CO)CCF,0.47247577,-6.467,0.3795062,0
ZINC000925553800,C[C@]1(CN[C@H]2CNCCOC2)CCCS1,0.38092312,-6.34,0.21135199,0
ZINC001120573152,C[C@H](NC(=O)NC[C@@H]1CCCNC1)C1(C)CC1,0.470328,-7.755,0.24134743,0
ZINC001205857178,CCC[C@@H](OCC(N)=O)c1ccccc1,0.41741738,-6.89,0.22646418,0
ZINC001227131321,COc1ccc(OC(=O)[C@H](C)O)c(C)c1,0.405956,-6.995,0.19284415,0
ZINC001242457731,Cn1ccc(-c2ncnc3cnccc32)n1,0.46562266,-7.01,0.30947894,0
ZINC001249779482,Cc1cc(Nc2cnc(Cl)nc2)cnc1N,0.47910354,-7.104,0.32641083,0
ZINC001347083535,C[C@H](C#N)CN(C(=O)[C@@H]1C[C@H]1F)C1CC1,0.34311002,-6.049,0.1667009,0
ZINC001540305222,COc1nsc(C(N)=O)c1Br,0.52307564,-5.263,0.6049113,0
ZINC001540616242,CNC(=O)/C=C/c1ccsc1C(F)(F)F,0.3992034,-7.212,0.15690787,0
ZINC000026515972,OCCN[C@@H]1CCc2ccccc21,0.6668854,-7.169,0.69163203,0
ZINC000173008383,C[C@@H](NC(=O)CCC(F)(F)F)c1ccccc1,0.49675,-8.322,0.23474003,0
ZINC000281678806,CO[C@@H](C(=O)NCCCc1ccccn1)C1CC1,0.5488783,-7.196,0.45506367,0
ZINC000297055997,CC(C)SCCNC(=O)Nc1ncn(C)n1,0.39877892,-6.204,0.26086164,0
ZINC000353086082,C=CC[C@@H](CC)NS(=O)(=O)N1CC[C@H](C)C1,0.34883684,-6.753,0.104855314,0
ZINC000448256995,O=C(NCCCCCO)NC[C@H]1CCSC1,0.34520066,-6.261,0.1488021,0
ZINC000547606976,CCO[C@@H]1C[C@@H](NC(=O)NCCCF)[C@H]1OC,0.484061,-5.839,0.4677442,0
ZINC000596163344,COC(=O)CCCSc1cc(C#N)cnn1,0.37156248,-6.44,0.1824131,0
ZINC000606283780,C#CC(=O)N1C[C@@H](C)S(=O)(=O)[C@@H](C)C1,0.6594514,-6.898,0.70508003,0
ZINC000618592836,CC[C@H](C)CC(=O)NC[C@@H]1CCC[C@@H](C)O1,0.38733727,-7.32,0.12217417,0
ZINC000628997473,O=C(CNC(=O)c1ccoc1)C1CCCC1,0.50824904,-7.641,0.32831734,0
ZINC000637483493,C/C=C\CNC(=O)NC[C@H](O)C1CCC1,0.39748272,-6.933,0.18250503,0
ZINC000695081924,C#CC(=O)N1CCC(OC(C)C)CC1,0.3410253,-6.675,0.097490445,0
ZINC000716055209,CCOCC(=O)NCC[C@@H]1CCCS1,0.35922915,-6.067,0.19676006,0
ZINC000762030774,Cc1cnc(COC(=O)[C@@H]2CCSC2)cn1,0.38823128,-6.438,0.21564043,0
ZINC000790968115,C#CCN(C)C(=O)CCc1csc(C)n1,0.3689099,-6.68,0.15220746,0
ZINC000832441749,CC(C)(O)[C@H]1CCCN(C(=O)[C@H]2C[C@@H](O)C2)C1,0.4114478,-7.759,0.124295205,0
ZINC000838711910,C=CCONC(=O)N[C@H]1CSC[C@H]1C,0.44101995,-6.348,0.32956666,0
ZINC000846546271,C=C[C@@H](C)ONC(=O)[C@H]1CCn2cncc2C1,0.4426627,-7.531,0.20983265,0
ZINC000864847026,O=Cc1cc(C(=O)NCC2CCC2)ccc1F,0.62103355,-8.333,0.47979093,0
ZINC000886032788,C#CCN(CC)C[C@H]1C[C@]12CCOC2,0.4524576,-6.504,0.3360054,0
ZINC000903390728,COCC[C@H]1CCC[C@@H]1N[C@@H](C)C(C)(C)O,0.39715,-6.356,0.24183258,0
ZINC001140927137,C[C@]1(O)CCCCN(Cc2cnco2)C1,0.40192774,-6.503,0.23601428,0
ZINC001184258750,CC[C@](C)(O)CC(=O)N1C[C@H]2[C@H](CC2(F)F)C1,0.4279661,-7.709,0.1622146,0
ZINC001604246454,C[C@H](Cn1ccnc1)N[C@H]1CC[C@H](C(=O)O)C1,0.54362583,-6.936,0.4716894,0
ZINC000003398079,COc1cc(OC)cc(C(=O)OCC(N)=O)c1,0.55995685,-6.56,0.5431297,0
ZINC000005473099,Nc1nc(SCC(=O)NC2CC2)n[nH]1,0.29440892,-6.016,0.073659204,0
ZINC000020941897,Cc1noc2ncnc(NCCC(C)C)c12,0.51628745,-6.906,0.4206534,0
ZINC000047915915,C[C@H](C(N)=O)N1CCC[C@H](O)C1,0.36075565,-5.752,0.23253226,0
ZINC000050478905,NCc1cc(-c2ccc(F)c(F)c2)[nH]n1,0.64069766,-7.67,0.58767116,0
ZINC000220485253,Oc1cnc2c(c1)CCCN2,0.5248791,-6.234,0.50753576,0
ZINC000338841780,N#Cc1cnc(N[C@H]2CCC[C@@H]2F)cn1,0.39278528,-6.97,0.16935322,0
ZINC000343268462,CN(c1ccnc2ccncc21)[C@H]1CCCOC1,0.4486202,-7.981,0.1748506,0
ZINC000343422956,C=CCN(CC=C)C(=O)COC1CCOCC1,0.4444294,-6.442,0.32654792,0
ZINC000382005691,CC[C@@H](O)CCNCc1conc1C,0.49675813,-6.492,0.4250083,0
ZINC000383560881,C#CCN(CC)C(=O)[C@H]1CCC[C@@H](C)C1,0.5009197,-7.438,0.334903,0
ZINC000385056080,O=C(/C=C\c1ccco1)NC1CCC(CO)CC1,0.48101974,-7.689,0.26938835,0
ZINC000409440239,CCc1[nH]nc(-c2ccccc2)c1CN=[N+]=[N-],0.4634552,-7.792,0.22388643,0
ZINC000425332787,C=CCCn1cc(C(=O)NC[C@H](O)CC)nn1,0.42355397,-6.801,0.24787295,0
ZINC000566740204,O=C(CCc1ncc[nH]1)NC1(CF)CCC1,0.4065294,-6.915,0.20229703,0
ZINC000597013358,COc1cccc(CNC(=O)[C@@H](C)CC#N)n1,0.5096692,-7.777,0.3169916,0
ZINC000621846717,CC1CC(CNC(=O)NCC2CCNCC2)C1,0.55418974,-7.871,0.3954102,0
ZINC000650344915,Cc1ncccc1Cn1cc(C2CC2)cn1,0.5958933,-7.364,0.5307304,0
ZINC000795976530,C#CCOC(=O)c1ccnc(C#N)c1,0.42083204,-6.99,0.22283205,0
ZINC000814881688,C[C@@H](CC#N)NN=Cc1cccc(O)c1Cl,0.7665275,-7.833,0.81998265,0
ZINC000834109956,O=C(O)N1CCCN1C(=O)Cc1ccncc1,0.34796673,-7.416,0.03420429,0
ZINC000844411066,Cl/C=C/CN1CCC(Cn2cnnc2)CC1,0.6294337,-7.037,0.63116676,0
ZINC000855421017,O=C(N[C@H]1C=CCC1)c1cnn2cccnc12,0.47172064,-8.096,0.20865475,0
ZINC000871694243,N#CCSC[C@@H]1OCCc2ccccc21,0.3970948,-7.41,0.13214628,0
ZINC000886271949,Cc1cnc(CN[C@@H](C)c2ncco2)s1,0.53890747,-5.927,0.5672413,0
ZINC000920796648,C#CC[C@H](CO)NC(=O)NCCOC1CCC1,0.36261907,-6.45,0.16365743,0
ZINC000922256970,Nc1cccnc1C(=O)N1CC=C[C@@H]1CO,0.45236716,-7.273,0.25587872,0
ZINC000929823160,CC[C@@H]1CCN(CCc2nnc(C)o2)C1,0.5664071,-6.959,0.5144259,0
ZINC001116645186,Cc1noc(C2CC2)c1NC(=O)CC#N,0.37644717,-6.732,0.16173206,0
ZINC001170576341,CC(=O)N[C@H]1C[C@H](Nc2ncccc2Cl)C1,0.5863372,-6.872,0.5629504,0
ZINC001176545109,C=CCn1cc(Nc2ccc(F)cc2)cn1,0.5619812,-7.482,0.451286,0
ZINC001224661525,CC[C@H](C)COC[C@@H]1CCCCO1,0.5944127,-6.04,0.6654443,0
ZINC001224819340,COCOCCO[C@@H]1CCCOC1,0.3154977,-5.108,0.20983243,0
ZINC001237968036,Cc1sccc1CN1CCC(=O)C(F)(F)C1,0.50057715,-7.379,0.34035826,0
ZINC001589246605,C[C@]1(F)CCCN(C(=O)CCCC(=O)O)C1,0.34399503,-6.674,0.103477165,0
ZINC000042652472,CC(=O)N[C@H](C(=O)NCC1CC1)C(C)C,0.33162355,-6.321,0.11566934,0
ZINC000047608680,COc1cccc(CNC(=O)c2cnns2)c1,0.507936,-7.614,0.33050427,0
ZINC000047969790,O=C(NCC1CC1)C(=O)Nc1nccs1,0.42695573,-6.348,0.30170673,0
ZINC000065526361,CCCn1c(Cc2ccccc2)n[nH]c1=O,0.40450102,-7.489,0.13860428,0
ZINC000126705026,C[C@H](CCO)N[C@@H]1CC[C@@H](C)C1,0.36028612,-6.106,0.19479927,0
ZINC000130971196,CCC(=O)N1CCC[C@H](C(=O)OC(C)C)C1,0.3577401,-6.94,0.10305079,0
ZINC000149752487,C[C@@H](NC(=O)CN1CCCC1)C(C)(C)C,0.44133887,-7.103,0.25170642,0
ZINC000194563898,CSCC(=O)Nc1cc([C@H]2C[C@@H]2C)n[nH]1,0.40903348,-6.694,0.23023318,0
ZINC000293882630,CO[C@H](C)CCN[C@H]1CCn2ccnc21,0.5134016,-6.197,0.48864654,0
ZINC000307699556,O=C(CCc1ccc(Cl)cc1)NO,0.5796388,-7.426,0.49208593,0
ZINC000331446161,CN(Cc1ccc(-c2cc[nH]n2)o1)[C@@H]1CCOC1,0.6313163,-7.8,0.55557233,0
ZINC000383667847,CC(C)=CCN=c1[nH]c(=N)nc(C(F)(F)F)[nH]1,0.402163,-7.939,0.087189585,0
ZINC000388404592,C=CCNN=Cc1scnc1C,0.6185019,-5.611,0.7577629,0
ZINC000409431275,N#CC1CCN(CC(=N)NO)CC1,0.4561006,-5.731,0.42358518,0
ZINC000457350355,C[C@@H]1CC[C@H](CNC(=O)COCC2CC2)O1,0.39474234,-6.335,0.23924643,0
ZINC000496657542,CN(Cc1ccccc1)C[C@H]1CN(C)C(=O)O1,0.72832614,-7.523,0.7765378,0
ZINC000570542659,COCc1cc(=NC[C@@H]2CCCC[C@@H]2C)[nH]cn1,0.53718704,-7.493,0.4010274,0
ZINC000581465042,CNC(=O)CNc1ccc(-c2ccco2)cc1F,0.52051264,-7.837,0.33223367,0
ZINC000611582494,COC(=O)C[C@@H](O)CSc1cccnn1,0.40144622,-6.159,0.27082366,0
ZINC000638518415,CCN(CCN)C(=O)c1cc2occc2s1,0.44576117,-6.529,0.3201413,0
ZINC000665241178,CC[C@H](N[C@H]1CCNC1)[C@@H]1C[C@H]1C,0.45476702,-6.167,0.37561563,0
ZINC000768994204,O=C(N[C@@H]1CCSC1)[C@@H](F)c1ccccc1,0.3884218,-7.38,0.118084766,0
ZINC000848979396,C=CC(=O)N1CCCn2nccc21,0.41381893,-6.293,0.28140184,0
ZINC000869282985,C=CCCONC(=O)C1CS(=O)(=O)C1,0.35711935,-6.806,0.11575215,0
ZINC000879538342,CC[C@H]1[C@H](C)CCN1C(=O)COC1CC1,0.53580403,-6.375,0.51451826,0
ZINC000887142711,Cc1cc(CN(C)CCCF)ncn1,0.61318207,-5.997,0.70709515,0
ZINC000915962046,Cn1cccc1C=NNc1ccc(C#N)cc1,0.70377433,-8.545,0.6216527,0
ZINC000923772601,O=C(NCC#CCO)N1CC(F)C1,0.3815499,-6.35,0.21155395,0
ZINC000926482433,O=C(O)C1(CNC(=O)O[C@H]2CCOC2)CC1,0.36242536,-6.567,0.15111004,0
ZINC001140707425,c1cc(CN2CCc3ncccc3C2)c[nH]1,0.73336565,-7.666,0.7716539,0
ZINC001156344765,CCSc1ccnc(NCC(=O)OC)c1,0.37153935,-6.034,0.22457623,0
ZINC001161770455,Cc1ccc(N[C@H](CO)[C@@H](C)O)nc1,0.44192383,-6.736,0.29101956,0
ZINC001194282855,C=CCOC(=O)N1CCC[C@@H]1c1cc(C)on1,0.36742914,-6.979,0.11818936,0
ZINC001202538561,CCNC(=O)Nc1cc(C)cnc1O,0.41569337,-6.584,0.25486177,0
ZINC001207049521,CC(=O)CN(C)Cc1ncc2ccccn21,0.552601,-6.767,0.5070381,0
ZINC001242017907,CN(C)c1ncccc1-c1ncc[nH]1,0.47187808,-6.075,0.41907567,0
ZINC001337166837,C[C@@H](CC[S@@](C)=O)NC(=O)c1ccns1,0.5525584,-5.972,0.58960426,0
ZINC001342111165,C=C[C@H](C)NC(=O)NC[C@H]1C[C@@H]1C1CCCC1,0.6140999,-7.854,0.5158542,0
ZINC001595521545,CC/C=C\CCOC(=O)C12CC(C(=O)O)(C1)C2,0.5664968,-6.759,0.5353961,0
ZINC001651933932,Cc1ccc(OCc2csnn2)c(Cl)n1,0.47566208,-6.867,0.34423283,0
ZINC000001688660,O=[N+]([O-])c1cccc2ncsc21,0.44433054,-6.291,0.34205052,0
ZINC000004538148,CC1=CC(C)(C)CCC1=O,0.3785131,-6.389,0.20148379,0
ZINC000008733346,CC(=O)N1CCC2(CC1)NCCc1nc[nH]c12,0.52727014,-7.661,0.36391717,0
ZINC000052291768,C[C@@H]1C[C@H]1Nc1ncccn1,0.46030664,-5.68,0.43721905,0
ZINC000060280982,CCN(CC)C(=O)Cn1ccnc1CN,0.4250004,-5.843,0.35033464,0
ZINC000062785121,N#Cc1ccc(Cl)cc1SCCC(=O)O,0.44498783,-7.189,0.24999386,0
ZINC000067753439,CSc1nnc(Cc2cccc(F)c2)o1,0.40275767,-7.329,0.15178496,0
ZINC000082275204,CN(C)c1ccccc1CNC(=O)CC#N,0.5327512,-6.988,0.44474173,0
ZINC000261530239,C[C@@H]1CSCCN1C(=O)[C@H]1CCN1,0.35456893,-5.709,0.22474732,0
ZINC000270350531,O=C(CCCn1cccc1)N1CC[C@H](CO)C1,0.50974846,-7.125,0.38493246,0
ZINC000306375274,CCC1(C(=O)N2CCC(=O)CC2)CC1,0.37195697,-6.559,0.17082298,0
ZINC000331182890,CC(=O)c1ccc(C(=O)NC[C@@H]2CC=CCC2)[nH]1,0.5129778,-8.507,0.2476527,0
ZINC000356069446,N#Cc1csc(CN2CCC[C@@H](CO)C2)n1,0.54514194,-6.863,0.48228198,0
ZINC000625355515,C/C=C\CNC(=O)C(=O)N1CCC(C)CC1,0.41772816,-7.569,0.15648903,0
ZINC000638372616,Cc1cccc(CNC2CC(n3cccn3)C2)n1,0.6897296,-7.584,0.69373965,0
ZINC000647194231,CCNCCCNS(=O)(=O)c1cnnn1C,0.35370895,-6.366,0.15474012,0
ZINC000649417222,Nc1ncccc1CN1CC=CCC1,0.60167783,-6.77,0.603943,0
ZINC000745087674,C[C@@H](OC(=O)[C@H]1CCCCN1C)C(N)=O,0.46280864,-6.221,0.38593137,0
ZINC000766654100,C[C@H](CO)COC(=O)c1ccc(Cl)s1,0.41105005,-6.388,0.26604047,0
ZINC000780560436,O=C(O[C@@H]1C=CCC1)c1cccc(Cl)c1F,0.65118253,-8.484,0.5238149,0
ZINC000811041393,C/C=C(/CC)C(=O)OCC1(C#N)COC1,0.36875665,-6.601,0.16011697,0
ZINC000828312895,CCCONC(=O)N(C[C@H](C)O)[C@@H](C)CO,0.3525047,-5.935,0.19716263,0
ZINC000848399117,CCn1ncnc1C=NNc1cccc(C)c1,0.662203,-7.887,0.60771126,0
ZINC000859549084,O=C(OCCOC1CCOCC1)[C@H](O)C1CC1,0.3923682,-6.677,0.19898815,0
ZINC000864575292,O=C1CNC(=O)N1c1ccc(C2CC2)cc1F,0.54105175,-8.331,0.3215621,0
ZINC000865288842,c1cnc(CCSCCCC2CC2)cn1,0.5147572,-6.383,0.47199476,0
ZINC000906740580,C[C@@H](O)CCNC(=O)C1(C2CC2)CCC1,0.371139,-7.147,0.10807243,0
ZINC000912155335,Cc1cc(C(=O)NN2CCCC[C@H]2C)on1,0.486698,-7.225,0.32887527,0
ZINC001144721947,CC(=O)CN(C)Cc1cc(F)c(F)cc1Cl,0.47766906,-6.838,0.3512234,0
ZINC001180141831,N#Cc1n[nH]cc1NC(=O)[C@H](F)c1ccccc1,0.43224937,-8.155,0.12433196,0
ZINC001355678286,Cc1ccc(NC(=O)CO)cc1-c1ncco1,0.5273205,-7.318,0.39967617,0
ZINC001356509297,O=C([C@@H]1CC1(F)F)N1CCC[C@H]1C(F)F,0.3127628,-6.619,0.047326922,0
ZINC000041317996,C=CCNC(=O)[C@H](C)Cc1ccccc1,0.50723374,-7.405,0.3508414,0
ZINC000083797373,Cc1ccc(C(=O)O[C@H](C)Cn2cccn2)o1,0.50845,-6.708,0.42571276,0
ZINC000095764057,NCC(F)(F)c1cccc(F)c1,0.62575126,-6.804,0.6480955,0
ZINC000108536937,CCCO[C@@H]1CCCN(C(=O)NCC)CC1,0.41184562,-6.89,0.21542707,0
ZINC000181708234,COC(=O)[C@@H](C)N(C)Cc1noc(C)n1,0.4042751,-5.662,0.32809696,0
ZINC000336694496,C[C@H]1CN(Cc2nnn(C)n2)C(C)(C)C1,0.46938506,-6.974,0.3206746,0
ZINC000361015605,O=C1NCCN1CCSC1CCOCC1,0.31703854,-6.098,0.10996142,0
ZINC000529075821,C[C@@H]1CN(C(=O)COCC(F)F)CC[C@@H]1O,0.36055267,-6.602,0.14376166,0
ZINC000529760962,Cc1c[nH]cc1C(=O)NC[C@@H](O)[C@H]1CCCO1,0.47171137,-7.361,0.28504914,0
ZINC000542484314,Fc1ccc(CCNC2CCCC2)c(F)c1F,0.6584441,-8.648,0.5211495,0
ZINC000665884875,CSc1ccc(O)c(C(=O)NCC2CC2)c1,0.4492285,-7.467,0.22949256,0
ZINC000668699298,C[C@@H](O)C1(NC2CSC2)CC1,0.3096458,-4.734,0.23712254,0
ZINC000720513781,C[C@H](C[C@H](C)N)NC(=O)C1(C)CC(F)(F)C1,0.34792662,-6.967,0.08080417,0
ZINC000720958184,O=C(NC[C@H]1C[C@H](O)C1)Oc1ccccc1,0.53451604,-7.956,0.3476016,0
ZINC000787636515,CCC/C=C/C(=O)N1C[C@H]2CN(C)C[C@H]2C1,0.4472411,-7.456,0.22669925,0
ZINC000829738863,COC(=O)[C@H]1C[C@H]1CNC(=O)[C@@H]1C[C@H]1OC,0.40426767,-6.57,0.23368397,0
ZINC000859726226,CC(C)[C@H](NC=O)C(=O)N1C[C@H](C)[C@H](C)C1,0.45415714,-7.202,0.2668059,0
ZINC000866253991,O=C(NCC(F)F)[C@]12C[C@H]1CCCC2,0.3676163,-7.591,0.05493479,0
ZINC000908871504,O=C(O)CCN(C(=O)[C@@H](O)C1CCC1)C1CC1,0.4011893,-6.521,0.23268017,0
ZINC001156567956,CC1(F)CN(C(=O)c2cncnc2C2CC2)C1,0.40671343,-7.36,0.15639807,0
ZINC001205546863,c1ccc(C2=NO[C@H](COCC3CC3)CC2)cc1,0.49779424,-8.204,0.24907619,0
ZINC001206624637,NC[C@@H]1CCCCN(Cc2ccnnc2)C1,0.40313467,-7.512,0.13350654,0
ZINC001234653656,CCc1cc(O[C@@H]2CCOC[C@H]2F)no1,0.4125666,-7.251,0.17932466,0
ZINC001250418570,Cc1cc(C/C=C/C(C)(C)O)n(C)n1,0.49530187,-6.981,0.37128568,0
ZINC001336789611,CN(C[C@@H]1CN(C)C(=O)O1)c1ccsc1,0.38257948,-6.049,0.24488628,0
ZINC001342493010,CCOC(=O)CCOC(=O)C1(C)CC=CC1,0.5710347,-6.385,0.58326745,0
ZINC001356526243,O=C(COC1CC1)NCC[C@@H]1CCCNCC1,0.46257466,-6.891,0.3158127,0
ZINC000011802867,CCc1ccc([C@H](O)CN)cc1,0.45013762,-6.877,0.2926315,0
ZINC000037664562,CN(CCCC#N)CC(F)(F)F,0.27939638,-5.469,0.100788444,0
ZINC000042937984,O=C(NCc1ccsc1)c1cc[n+]([O-])cc1,0.5667958,-7.394,0.469972,0
ZINC000135341106,CC(C)CONC(=O)c1nccc2ccccc21,0.62432903,-8.228,0.49723506,0
ZINC000167777800,Clc1nc2ccccn2c1CNc1ccon1,0.51832485,-7.748,0.3371526,0
ZINC000226344905,CO[C@@H](C)C(=O)N1C[C@H](C)C[C@H](C)C1,0.33437595,-6.434,0.10937377,0
ZINC000336721936,C[C@H](NC1CC1)c1cnn(C2CCCC2)c1,0.47417292,-7.396,0.28628653,0
ZINC000361114690,Cn1ccc(=NC(=O)c2ccnc(C3CC3)c2)[nH]1,0.55466914,-8.177,0.3645472,0
ZINC000379319044,C[C@H](CF)N[C@@H](C)CC1CCC1,0.59662896,-6.204,0.6527846,0
ZINC000408260703,Cc1n[nH]cc1CNC(=O)N1CCO[C@H](C#N)C1,0.5252175,-7.59,0.36723235,0
ZINC000409435164,CCN(CCCN)[C@H]1CCSC1,0.25463215,-5.321,0.067119196,0
ZINC000616569581,CCCC(=O)N1CCC[C@H]2NCC[C@H]21,0.43772915,-6.711,0.2853093,0
ZINC000716325808,C[C@H](c1ccns1)N1C(=O)CNC1=O,0.4543576,-6.047,0.38728014,0
ZINC000752542154,COC[C@H](OC(=O)[C@H]1C[C@@H]1C)C(F)(F)F,0.40105805,-6.479,0.23678659,0
ZINC000773800677,CS[C@H](C)CCC(=O)OCc1nncn1C,0.3434609,-6.397,0.13121681,0
ZINC000849020627,CC1(C)CC(CNC(=N)N2CCCCC2)C1,0.6549957,-7.52,0.6315886,0
ZINC000860913937,CN1CC[C@@H](C(=O)OCCC[N+](=O)[O-])CC1=O,0.49444044,-6.256,0.44495237,0
ZINC000865720912,C#CCN(C)c1ccsc1[N+](=O)[O-],0.4647337,-6.251,0.38662583,0
ZINC000879797725,CCON(CC)CCCc1nc(C)no1,0.4796352,-5.816,0.46136826,0
ZINC000894481148,C=CCCCCNCc1ocnc1C,0.54817706,-6.497,0.52634466,0
ZINC000903899577,C=C(C)CN(C)Cc1cncc(C(=O)O)c1,0.53570485,-7.211,0.4274088,0
ZINC001143932983,C=C/C=C/CC(=O)NCc1nnc(O)n1C1CC1,0.45512617,-7.496,0.23816039,0
ZINC001250143621,CC(C)(C)n1cc(CC2CCC2)cn1,0.43610263,-7.412,0.20920935,0
ZINC000182396813,COCc1noc(CN(C)c2cnn(C)c2)n1,0.42152745,-6.157,0.31081066,0
ZINC000271292556,COC(=O)[C@@H]1C[C@@H]1C(=O)NCC(=O)C1CC1,0.4938428,-6.418,0.42692655,0
ZINC000367999312,CCCCNC(=O)[C@@H]1C[C@H]1C1CCNCC1,0.5249984,-7.474,0.37885818,0
ZINC000614076982,NC(=O)[C@@H](O)CNC(=O)C1=CCCCC1,0.47093114,-7.447,0.27456275,0
ZINC000615488947,Cc1cc(C(=O)N2CCOCCN2)n[nH]1,0.3819294,-6.663,0.17976531,0
ZINC000856030099,C=CCCONC(=O)c1cccc(C)c1O,0.4790412,-7.78,0.2560084,0
ZINC000875718272,C#C[C@@H](C)NC(=O)N[C@H]1CCC[C@@H]1O,0.37173054,-7.056,0.11870488,0
ZINC000877814463,Cc1csc([C@@H]2CCN(Cc3ncc[nH]3)C2)n1,0.57673943,-6.698,0.5620276,0
ZINC000910004503,Cc1nn(C)c(C)c1C(=O)C(=O)N1CC=CC1,0.44505855,-7.059,0.2636491,0
ZINC001162657974,COc1cc(Cl)nnc1NC(=N)C(C)(C)C,0.44397798,-6.697,0.2991432,0
ZINC001199046338,CC(C)Oc1cccc(C(=O)NC#N)n1,0.4099213,-6.932,0.20724869,0
ZINC001203388890,FC(F)c1cccc(NC2=CCOC2)c1,0.4942118,-7.774,0.28668377,0
ZINC001223538481,Cc1ccncc1CO[C@H](C)C1CCOCC1,0.5967142,-7.895,0.47715217,0
ZINC001241887612,CC(C)Oc1ccnc(-c2cscn2)c1,0.47430232,-6.722,0.35661387,0
ZINC001242511346,Fc1nccc(-c2ccc3ncncc3c2)n1,0.5416324,-8.564,0.29848903,0
ZINC000000036641,Cc1cc(C(N)=O)c2ccccc2n1,0.5614588,-7.791,0.4181267,0
ZINC000005320422,COc1cc(C#N)ccc1OCc1cc(C)on1,0.505685,-7.694,0.31772807,0
ZINC000038094290,CC[C@@H](O)CNC[C@H]1CCOC1,0.32252187,-5.589,0.17374057,0
ZINC000076914661,CC(C)OC(=O)OC(C)C,0.23111285,-4.999,0.054005705,0
ZINC000078516610,O=[N+]([O-])c1ccccc1NCCOC1CCC1,0.511946,-7.043,0.3978105,0
ZINC000090707067,COc1cc(C(=O)N2CC(O)C2)on1,0.34012702,-6.115,0.15393028,0
ZINC000092442136,C[C@H]1OCC[C@@H]1C(=O)NCc1ccon1,0.33575386,-6.949,0.058562383,0
ZINC000135911470,CON(C)C(=O)[C@H]1CCn2cncc2C1,0.5635363,-6.62,0.5439825,0
ZINC000228522574,C[C@H](N[C@@H]1CCC(C)(C)C1)C(F)F,0.39114517,-6.776,0.1862731,0
ZINC000334303515,CC1(C#N)CN(C(=O)N2CCSCC2)C1,0.4488594,-6.77,0.30122355,0
ZINC000355297144,CC(C)[C@@H]1C[C@@H]1C(=O)NCCNc1cnccn1,0.49820104,-6.907,0.38472196,0
ZINC000640995966,COC[C@@H]1CCCN1C(=O)N[C@H](C)C(F)F,0.34639892,-6.386,0.13818036,0
ZINC000666266988,CN(C(=O)[C@@H](O)C1CC1)C1CC1,0.2966398,-5.506,0.13109946,0
ZINC000667830554,Cc1nnc(CC(=O)N2CC[C@H](C)C2)s1,0.38513842,-6.74,0.17811695,0
ZINC000683538432,C[C@H](NC(=O)c1nccs1)c1nncn1C,0.4703745,-7.02,0.3178523,0
ZINC000776284917,COc1ccccc1COC(=O)[C@@H]1CC[C@@H](C)C1,0.588235,-8.66,0.38082412,0
ZINC000805477077,CCN1CCO[C@@H](C(=O)OCC2(C#N)CC2)C1,0.40155888,-6.689,0.2159465,0
ZINC000839002326,C[C@]1(OC(=O)C2=CCCCC2)CNC(=O)C1,0.4702354,-7.563,0.2611249,0
ZINC000845639976,COC/C(C)=C\C(=O)NCc1ncc(C)s1,0.43833512,-6.731,0.28443044,0
ZINC000884359381,CNC(=O)CC(=O)N[C@@H]1C[C@H](N)C1(C)C,0.3870119,-6.476,0.2092743,0
ZINC000928587719,CC(C)CC(=O)N[C@H](c1ncccn1)C1CC1,0.42793497,-6.726,0.26434854,0
ZINC001242919469,Cc1c(-c2ccncc2)cncc1-c1ccncn1,0.5497418,-8.327,0.33919215,0
ZINC000004955493,O/N=C/C(=N/O)c1ccc(Br)cc1,0.48667452,-7.192,0.33225954,0
ZINC000019723118,O=Cc1csc(-c2ccccc2Cl)n1,0.51619387,-7.376,0.37160552,0
ZINC000040504641,N#CCOc1cccc(NCc2cscn2)c1,0.55464023,-6.961,0.49090883,0
ZINC000052044880,CCNC(=N)NCCn1cccn1,0.39018074,-5.526,0.31431627,0
ZINC000062577904,COCCONC(=O)c1cccnc1,0.36799288,-6.09,0.21172908,0
ZINC000101570747,O=c1c(O)c(NCc2ccco2)c1=O,0.40075466,-6.753,0.20769978,0
ZINC000139894562,C[C@@H](Nc1cccc(F)c1C#N)c1ncc[nH]1,0.60114956,-7.649,0.5115131,0
ZINC000307646868,C[C@@H]1CCCN(Cc2cn[nH]c2)C1,0.5594795,-6.668,0.5309561,0
ZINC000380228784,C[C@@H](NC(CN)CN)c1ccccc1,0.50896025,-6.987,0.39771786,0
ZINC000388291033,C=CCSc1n[nH]c(=N)n1CC=C,0.40010142,-5.729,0.31286383,0
ZINC000422699752,O=C(Cc1ccc2c[nH]nc2c1)N1CCNCC1,0.4983141,-8.263,0.24397224,0
ZINC000529122188,CCON(C)C(=O)c1cc2cscc2s1,0.3847699,-6.467,0.20576876,0
ZINC000577058381,C[C@H]1C[C@@H](Nc2ncnc3[nH]ccc32)CO1,0.48799065,-7.144,0.33985686,0
ZINC000611673918,CC[C@](C)(O)CNC(=O)[C@H](OC)[C@@H]1CCOC1,0.3650507,-6.789,0.13323082,0
ZINC000640190452,Cc1cc(N(C)Cc2ccncc2)n[nH]1,0.46886748,-6.659,0.3523976,0
ZINC000643300176,CCCN(CCC)C(=O)[C@H]1CC12CC2,0.4339543,-6.118,0.33948168,0
ZINC000657709499,C=CC[C@@H]1CC[C@H](NC[C@@H]2CCC(=O)N2)C1,0.578417,-7.644,0.4670018,0
ZINC000658138321,C[C@@H](NC/C=C\CO)C(C)(C)C(F)F,0.32787657,-5.703,0.17249598,0
ZINC000732206154,C#CCNC(=O)CN1CC[C@H](c2ccco2)C1,0.68862,-7.732,0.6761552,0
ZINC000765940397,C/C=C/C(=O)N[C@H](CC)[C@H](O)C(F)(F)F,0.35671255,-6.558,0.1407291,0
ZINC000776569259,CON(C)CCNC(=O)c1csnn1,0.25398663,-5.226,0.07571702,0
ZINC000824518528,O=C(C(F)F)N1CCC[C@@H](n2ccnn2)CC1,0.43605945,-7.41,0.2093317,0
ZINC000850891522,O=C(O[C@@H]1CCCOC1)[C@H]1[C@@H]2COC[C@@H]21,0.45012674,-6.975,0.28242165,0
ZINC000852018515,CON(CCc1cnn[nH]1)CC1CCOCC1,0.43060866,-6.591,0.2836798,0
ZINC000863111930,Cl/C=C\CON=C[C@@H]1CC12CC2,0.49383903,-6.14,0.45582074,0
ZINC000863620017,COC/C=C\C(=O)Nc1cc(C)cc(O)c1,0.5076115,-6.879,0.40627417,0
ZINC000876500777,Cn1nccc1/C=C/N1CCCC1=O,0.5130055,-6.912,0.4135284,0
ZINC000896923227,C=C1CC(C)(c2noc([C@@H](COC)OC)n2)C1,0.4267577,-7.227,0.20993102,0
ZINC000902423348,CCOC[C@@H](C)NCCCON,0.4933788,-4.606,0.61438817,0
ZINC000903455984,Cc1nc(CN(C)C[C@@H]2CC[C@H](N)C2)no1,0.54509676,-6.506,0.51930726,0
ZINC001141007418,CN(CCC(=O)c1ccccc1)Cc1ncco1,0.644573,-7.434,0.619883,0
ZINC001257499401,c1ncc(-c2nnc(C3CCCC3)o2)o1,0.50616467,-7.732,0.31472778,0
ZINC001342264201,C=CCO[C@@H]1CCN(C(=O)CC(C)C)C1,0.38715333,-6.594,0.1972869,0
ZINC001464929548,C=CCN(C(=O)c1ccnc2[nH]nnc21)C(C)C,0.40422073,-7.406,0.146678,0
ZINC000039118503,Nc1cn2ncsc2n1,0.39111036,-4.673,0.40483814,0
ZINC000040350304,CC[C@@H](C(=O)N[C@@H](C)C#N)c1ccccc1,0.46958145,-7.625,0.25338376,0
ZINC000043704146,CCNC(=O)CN1CCO[C@H](C(=O)O)C1,0.45184803,-6.053,0.38168514,0
ZINC000052136423,Cc1cc(C(=O)OCc2nnc(C)o2)[nH]n1,0.36826086,-6.802,0.13823836,0
ZINC000073876162,Cc1cncc(C(=O)NCC2(O)CCC2)c1,0.482287,-7.838,0.25640815,0
ZINC000074546409,COC(=O)CCC(=O)N(C)Cc1nccs1,0.27512735,-5.66,0.07247494,0
ZINC000089415269,CCc1onc(C)c1NC(=O)N(CC)CCO,0.46233004,-6.424,0.36387885,0
ZINC000155899545,CC(C)N(C)C(=O)C[C@@H]1CSCCS1,0.34221622,-6.141,0.15536575,0
ZINC000268044896,N#Cc1ccc(F)c(COC(=O)C=C2CCC2)c1,0.53089845,-8.789,0.2538344,0
ZINC000336065027,O=C(NCC(F)(F)F)[C@@H]1CCC[C@@H](O)C1,0.5311746,-7.395,0.3993056,0
ZINC000361390113,CN(CC1(CO)CC1)[C@@H]1COC[C@H]1O,0.30939066,-5.953,0.10988634,0
ZINC000402904295,CC[C@H](CO)N(C)CCc1cnccn1,0.43596154,-5.934,0.36258703,0
ZINC000404908919,CCOC(=O)[C@H](C)N[C@H]1C[C@@H](N)C1(C)C,0.3670119,-6.234,0.19481519,0
ZINC000599941902,COC(=O)[C@H](CF)NC(=O)c1cocc1C,0.4028983,-6.704,0.21704033,0
ZINC000602807606,CCN(C#N)CCN[C@@H](C)[C@@H]1CCOC1,0.4515839,-6.351,0.35018095,0
ZINC000625202921,C[C@@H]1CCCN1Cc1ncccc1Cl,0.5367277,-6.708,0.48172843,0
ZINC000657761055,CC1(C)C[C@]1(C)NCc1ncc[nH]1,0.36265057,-6.13,0.19698796,0
ZINC000726738495,CC(=NNC(=N)N)c1sc(C)nc1C,0.59527105,-6.407,0.6289903,0
ZINC000735793182,Cc1ccccc1/C=C/C(=O)c1nccn1C,0.5834271,-8.157,0.42359334,0
ZINC000747335370,C[C@@H]1CCC[C@@H](C(=O)NCc2ccon2)C1,0.5104712,-7.707,0.32585776,0
ZINC000747949732,C[C@H]1CC/C(=C/C(=O)N(CCO)C2CC2)C1,0.4025936,-7.15,0.17006928,0
ZINC000764809019,COC(=O)[C@@H](C)OC(=O)[C@H]1C[C@]12CCOC2,0.34883922,-6.734,0.1068353,0
ZINC000790168562,Cn1ncc(C(=O)Nc2cnccn2)n1,0.36729524,-6.125,0.2067084,0
ZINC000846113527,CC(C)[C@@H]1CC[C@H]1NC1CC2(CCC2)C1,0.6123957,-7.852,0.51268625,0
ZINC000857211153,Cc1cc(C=NNC2=N[C@@H]3CCCC[C@H]3N2)on1,0.5965601,-7.893,0.47705486,0
ZINC000874667084,Cc1n[nH]cc1C(=O)N[C@@H](C)c1nccnc1C,0.4334424,-7.136,0.23263344,0
ZINC000881143882,Cc1cc(C(=O)Cn2cc(CON)nn2)c(C)[nH]1,0.4091485,-7.177,0.18024698,0
ZINC001163182513,N#CCNc1nccnc1OC(F)F,0.37050512,-5.946,0.23167625,0
ZINC000026423347,COC(=O)[C@@H](N)c1cccc(Br)c1,0.5451184,-6.755,0.49346334,0
ZINC000035082679,CCOC(=O)CNC(=O)N(CC)CC,0.39308104,-5.381,0.33513615,0
ZINC000061184683,COc1ccccc1OCC(=O)O[C@@H](C)C#N,0.638097,-6.619,0.6917844,0
ZINC000090172774,CCn1cncc1CN[C@H](C)c1ccc(C)s1,0.7413435,-7.245,0.83122563,0
ZINC000238255127,CCC[C@H](NC(C)C)C(=O)c1ccccc1,0.60708886,-7.066,0.58388877,0
ZINC000285037442,O=S(=O)(c1ccsc1)N1CC[C@H](O)C1,0.4141218,-6.614,0.24862973,0
ZINC000294328533,CCONC(=O)c1cc(C(=O)OCC)c(C)[nH]1,0.44354478,-6.864,0.28092325,0
ZINC000306846973,CC#CC(=O)NC[C@H]1CCC=CO1,0.38170388,-6.834,0.16154096,0
ZINC000308518271,CC[C@H](NN=C1CCO[C@H]1C)C(=O)O,0.3170522,-6.113,0.10842906,0
ZINC000308996539,CN(C)S(=O)(=O)N1CC[C@@](C)(C(N)=O)C1,0.39834237,-6.49,0.2302635,0
ZINC000333469735,CCOC1CN(C(=O)Nc2ccnnc2C)C1,0.46063647,-7.068,0.29357192,0
ZINC000335635256,C[C@]1(C(=O)N2CC(O)(C3CC3)C2)C[C@@H]1F,0.40954268,-7.075,0.19163197,0
ZINC000381058375,CNc1cnc(C(=O)NCCCCF)cn1,0.38359922,-6.012,0.25075296,0
ZINC000382585846,C=C1CCN(C(=O)[C@@H]2CNc3ccccc32)CC1,0.63041985,-9.306,0.39722836,0
ZINC000491809384,C#C[C@H]1COCCN1CCOCCCC,0.53416216,-6.098,0.5400636,0
ZINC000611190358,COC(=O)CNC(=O)Cn1cnc(C)cc1=O,0.36921498,-6.39,0.18296108,0
ZINC000634597374,Cc1nn([C@@H](C)C2CC2)c2c1CCC2,0.44778216,-6.833,0.29253998,0
ZINC000665112190,C=CCNC(=O)c1nnn(C(C)(C)C)n1,0.3698923,-6.809,0.1407423,0
ZINC000666097814,C[C@@H](NC1CC=CC1)c1ccn(C)n1,0.52804136,-6.744,0.46077883,0
ZINC000832222203,C#CCN(C(=O)C[C@@H]1CCC(=O)N1)C1CC1,0.4507228,-6.492,0.33381647,0
ZINC000841508856,O=C(NCc1ccc(Cl)cn1)OCCCF,0.38873026,-6.752,0.1839845,0
ZINC000852268081,O=C(NCC1=CCCC1)NC[C@H]1CCC=CO1,0.5155178,-8.159,0.2888632,0
ZINC000874172724,CN(CCC#N)C(=O)[C@]1(C)CCC(=O)N1,0.34551302,-6.567,0.11760821,0
ZINC000897360802,C#C[C@@H]1CCCCN1c1cnc(F)cn1,0.41435367,-7.515,0.15541846,0
ZINC000917022756,CNC(=S)NN=C(C)CCc1ccco1,0.6216869,-6.534,0.6681143,0
ZINC000924982741,CN1C[C@H](O)C[C@H]1CNC(=O)C1(O)CCC1,0.43207648,-7.017,0.24229926,0
ZINC001202559285,C=CCNC(=O)Nc1cnn(C)n1,0.44327953,-5.661,0.4054652,0
ZINC001205339049,C[C@@H]1CCN(CCCO)CC[C@H]1O,0.38568363,-6.303,0.22462872,0
ZINC001206717711,Cc1cc(CN2CC(C)(CN)C2)no1,0.4673963,-6.332,0.38347918,0
ZINC001254047857,COc1cc(-c2nnc(C3CC3)o2)ccc1O,0.6620394,-8.029,0.5926245,0
ZINC001556933118,CCC1CN(C(=O)c2ccc(C#N)[nH]2)C1,0.39227566,-7.285,0.13559537,0
ZINC001601739421,O=C(O)C1=NO[C@@H](CSc2ccccc2)C1,0.3960535,-7.338,0.13756888,0
ZINC000002382259,N#Cc1cccc(F)c1C(F)(F)F,0.39012924,-7.321,0.12760083,0
ZINC000050291053,O=C(CNC(=O)C1(C(=O)O)CC1)NC1CC1,0.36637405,-6.93,0.121193446,0
ZINC000069628848,CCOCC(=O)N1C[C@@H](C)N[C@H](C)C1,0.3501849,-6.05,0.1806116,0
ZINC000080115527,C[C@@H](O)CCNC(=O)CCOCC(F)(F)F,0.3873586,-6.266,0.23179334,0
ZINC000167215397,CC(C)(C#N)CNC(=O)CC[C@@H]1CCCO1,0.45372376,-7.474,0.2376695,0
ZINC000179896976,C#CCCCCC(=O)N1CCC(C#N)CC1,0.4226609,-8.129,0.108041085,0
ZINC000196360378,CN(CCO)Cc1cccn1C,0.50600755,-5.206,0.5770268,0
ZINC000330370559,CO[C@@H](C(=O)N[C@H](C)CC#N)c1cnn(C)c1,0.34152064,-6.384,0.12872484,0
ZINC000335143988,CCNS(=O)(=O)N(C)C[C@H]1CC=CCC1,0.35743952,-6.837,0.11316352,0
ZINC000339397179,Cc1nocc1CN[C@H](C)c1ccncc1F,0.4326481,-7.839,0.15797403,0
ZINC000339959300,CCCN(CCO)C(=O)[C@@H]1C[C@@H]1C(=O)OC,0.32796243,-5.851,0.15727952,0
ZINC000628844045,CCC(F)(F)CNC(=O)CC1CCC1,0.31882828,-6.718,0.049049765,0
ZINC000629228243,CC(C)c1cnc(SCCc2cnoc2)[nH]1,0.49648812,-7.11,0.3602243,0
ZINC000631215766,C[C@@H](NCC[C@H](O)C(F)F)[C@H]1C[C@H]1C,0.37974402,-6.201,0.22346717,0
ZINC000654563754,C[C@H](O)CN(C(=O)N[C@@H]1CC[C@H]1C)C1CC1,0.3707215,-6.552,0.16910337,0
ZINC000788082532,CC(C)CC(=O)O[C@@H]1CCN(CCF)C1,0.5032416,-6.473,0.4398267,0
ZINC000849156704,COCCNc1nnc([C@H]2CCCO2)o1,0.4254692,-6.154,0.3189308,0
ZINC000869656070,CCC[C@H](C)OC(=O)[C@@H]1C[C@@H](C)O[C@H]1C,0.36563256,-6.302,0.18501335,0
ZINC000892665824,CC(=O)OC[C@H](C)N[C@H]1CCCN(C)C1,0.40541798,-6.13,0.28170627,0
ZINC000901494054,CC1CC(Cn2ccc3occc3c2=O)C1,0.4204101,-7.765,0.14142498,0
ZINC000914012200,Cc1nnn(NC(=O)c2c(C)nn(C)c2C)c1C,0.587916,-7.79,0.47063994,0
ZINC000917006301,Cc1cc(OC[C@@H](O)C(C)C)nnc1C,0.48384395,-7.43,0.30190924,0
ZINC001117848442,C=C(C)CCNC(=O)[C@@H]1C[C@H]1c1ccccc1,0.47159863,-8.186,0.1990564,0
ZINC001140042302,CNc1nccc(CN2CCC(C(C)=O)CC2)n1,0.5114948,-7.107,0.3902631,0
ZINC001144670253,C[C@]1(O)CCN(Cc2sccc2C(=O)O)C1,0.5420991,-6.688,0.4944479,0
ZINC001168279267,NC(=Nc1cnc(Cl)cn1)c1nccs1,0.5921257,-6.512,0.6118436,0
ZINC001192000094,CCCCCCNC(=O)NCC1(F)CCC1,0.47221497,-7.144,0.30860668,0
ZINC001194980849,N#CNC(=NC(=O)OCCF)c1ccncc1,0.4009979,-6.771,0.20631027,0
ZINC001203656626,Cc1cnc(C)c(Nc2cnn(C)n2)c1,0.3780466,-6.846,0.1530486,0
ZINC001227056938,CC[C@@H](C)Oc1cc(C#N)ccc1F,0.38401785,-7.257,0.12214839,0
ZINC001228663634,C=C[C@H](C)Oc1ccc2nn[nH]c2c1,0.4120347,-7.197,0.18388495,0
ZINC001459236364,CC[C@H]1CCN(C(=O)c2cncc(OC)n2)[C@@H]1C,0.5208304,-7.648,0.35251212,0
ZINC000002888894,Cc1ccc(S(=O)(=O)NC2CC2)s1,0.42177704,-6.518,0.2737745,0
ZINC000030773256,Cc1cc(N[C@H](C)C2CC2)n2ncnc2n1,0.4709936,-7.077,0.3131528,0
ZINC000048496425,CCCNC(=O)C(=O)Nc1ccccc1N(C)C,0.5426163,-6.974,0.46573898,0
ZINC000098213314,OC[C@H]1OC(O)(O)[C@@H](O)[C@@H]1O,0.31378227,-5.997,0.11401132,0
ZINC000167344551,C[C@H]1CCN(C(=O)CN(C)C)[C@@H](C(=O)O)C1,0.37355974,-6.248,0.20633037,0
ZINC000178586444,C#CCCC/N=C(\N)Nc1ccc2c(c1)CCC2,0.5369715,-8.905,0.25380486,0
ZINC000300816257,CCOC(=O)[C@H](C)N(CC)CCN,0.41713247,-5.021,0.4202065,0
ZINC000614242232,C[C@@H]1C[C@@H](C)N1C(=O)c1ncoc1C(F)(F)F,0.52468514,-7.099,0.4172236,0
ZINC000627102368,C/C=C\CNC(=O)NC[C@H]1CNCCO1,0.34564656,-6.25,0.15082896,0
ZINC000630590462,FCCn1cc(C[C@@H]2CCNC2)nn1,0.5033241,-6.388,0.44882694,0
ZINC000653130588,CCn1ccc(CC(=O)N[C@H](C)CN)n1,0.34023127,-6.478,0.11639827,0
ZINC000657037471,CCCN(C)C(=O)N[C@H]1COC(C)(C)C1,0.39145505,-6.255,0.24105164,0
ZINC000711730122,CCC(C#N)(CC)C(=O)NC[C@@H]1C=CCC1,0.5131401,-7.083,0.3960174,0
ZINC000726225253,O=C(OC[C@@H]1CCCO1)C1(C(F)(F)F)CC1,0.38126168,-6.836,0.16045703,0
ZINC000754562639,CC(C)CCOC(=O)c1csc(C=O)c1,0.5996021,-6.657,0.61157894,0
ZINC000810537979,C#Cc1ccccc1CC(=O)OCC(=C)C,0.4459106,-7.589,0.2102366,0
ZINC000837442028,CCc1cnc(NC(=O)C#CC2CC2)s1,0.5078639,-7.405,0.35208964,0
ZINC000838904843,Cn1cncc1CCN1CC[C@H](C(F)(F)F)C1,0.53921634,-7.52,0.40224022,0
ZINC000848880829,CC[C@H](C)CN(C)Cc1cnc(Cl)n1C,0.5337877,-6.654,0.48151854,0
ZINC000896288678,O=C(NC/C=C\Cl)NCCC[C@@H]1C=CCC1,0.6017749,-6.987,0.5815753,0
ZINC000902285338,CC[C@@H]1C[C@H]1CSCc1cc(C)on1,0.43370205,-6.743,0.27400523,0
ZINC000929437360,CC[C@@](C)(O)C(=O)NOCc1ccccc1,0.49593243,-7.814,0.28593367,0
ZINC000934529254,C[C@@H]1CC[C@H](NC(=O)Nc2ccnn2C2CC2)C1,0.55689853,-7.599,0.42905396,0
ZINC001596332847,CC(=O)CCN(C)C(=O)c1cc(Cl)n(C)n1,0.385199,-6.497,0.20349997,0
ZINC000000966753,COc1cc(O)c(C=O)cc1[N+](=O)[O-],0.4170988,-6.495,0.26689842,0
ZINC000022125015,NNc1nc2cc(Br)ccc2s1,0.56210595,-6.53,0.55050576,0
ZINC000042164077,CC(C)Cc1noc(C[C@H]2CCCN2)n1,0.5542298,-7.627,0.42085648,0
ZINC000131317248,CCc1noc(C)c1CN1CC[C@H](CO)C1,0.52474767,-6.761,0.45248702,0
ZINC000140677675,CCOc1ccc(/C=N/O)cc1Cl,0.49857822,-6.532,0.42445517,0
ZINC000306711588,CCN[C@@H]1CCC[C@@]1(C)CO,0.39226043,-5.627,0.3079357,0
ZINC000331751640,CCn1cc(C(=O)C(=O)N2CCC2)cn1,0.42610627,-6.544,0.2796473,0
ZINC000336193946,C[C@H]1CCC(=O)[C@@H](Oc2ccc(C#N)cc2)C1,0.6527991,-8.555,0.51963586,0
ZINC000629845977,CN(CCNC(=O)[C@H]1CCCN1C)CC(F)F,0.33705336,-6.72,0.08494406,0
ZINC000631000877,CC1(C)CO[C@@H](CSc2ncccn2)C1,0.5627101,-6.703,0.5337169,0
ZINC000775280842,CC(C)=CCOC(=O)CCC1CCOCC1,0.40196225,-7.579,0.124218576,0
ZINC000833568361,C[C@@]1(NC(=O)O)CCOC1,0.52191114,-5.036,0.62620413,0
ZINC000839199475,C#C[C@@H]1COCCN1CC1(C)CCC1,0.43382022,-6.755,0.27299172,0
ZINC000845338760,C[C@H](C#N)OC(=O)[C@H]1C[C@H]1C1CCCC1,0.383792,-6.895,0.1593356,0
ZINC000877884262,CCc1ncn(Cc2coc(C(C)(C)C)n2)n1,0.45505866,-7.139,0.27514142,0
ZINC000878677399,C=CC[C@H](C)N1CC[C@H](OC)[C@@H](C)C1,0.5002895,-6.395,0.44208795,0
ZINC000926731099,C[C@H](N[C@H]1C[C@H](O)C1)c1coc2ccccc21,0.7461181,-7.997,0.7625036,1
ZINC000927139607,CCc1onc(C)c1CN[C@H](C)c1cccnc1,0.4754141,-7.1,0.3195182,0
ZINC000934112575,CO[C@@H]1CC[C@@H]1N(C)Cc1cn(C)cn1,0.4193312,-5.949,0.3280844,0
ZINC001125961251,CCCCNCCNC(=O)c1csnc1C,0.40274435,-6.182,0.27100402,0
ZINC001205058422,COC(=O)CCO[C@H](C)C1=CC=C[CH]1,0.4831617,-6.627,0.38403997,0
ZINC001218436848,C=C[C@H](CCCC)Oc1cccnc1N,0.5618593,-6.958,0.5055211,0
ZINC001345913223,CS[C@@H](C)[C@@H](C)OC(=O)c1[nH]cnc1C,0.3371725,-6.041,0.15577093,0
ZINC001348494911,O=C(NC1(c2ncon2)CCC1)c1ccc[nH]1,0.426106,-7.506,0.17963445,0
ZINC001472020090,CCc1ncc(CNC(=O)[C@@H]2CCCC23CC3)[nH]1,0.4671477,-7.919,0.21799761,0
ZINC000000053855,Cc1nonc1NC(=O)c1cccs1,0.38153544,-6.671,0.1781532,0
ZINC000006412839,Cc1cc(C)c2c(n1)[nH]nc2N1C(=O)CCC1=O,0.5809323,-8.831,0.34858048,0
ZINC000013283649,Nc1nc2snnc2c(N)n1,0.49930355,-5.499,0.5332857,0
ZINC000095343719,Cc1cccc(C)c1NC(=O)CCc1nnn[nH]1,0.46380103,-8.398,0.16156995,0
ZINC000334851463,C/C=C(/CC)c1nc(C2(N)CCC2)no1,0.47324216,-7.25,0.29962137,0
ZINC000408482548,O=C(NS(=O)(=O)C1COC1)c1cncs1,0.5373057,-6.223,0.5332954,0
ZINC000451635670,CCCCCNC(=O)CN1CC(=O)N[C@@H](C)C1,0.49889594,-6.774,0.39992553,0
ZINC000642840533,CC1(C)CC[C@@H]1NCC1CC=CC1,0.5984401,-7.309,0.5414933,0
ZINC000647880807,CCc1ncn(CCOc2cccc(CC)c2)n1,0.5460077,-7.63,0.40425736,0
ZINC000664492444,CCn1nccc1CNC(=O)Nc1cc(C)on1,0.505469,-7.139,0.37499976,0
ZINC000752454097,CC1(NC(=O)[C@H]2CSC(=O)N2)CCOCC1,0.34079203,-7.035,0.059601743,0
ZINC000772388978,CCc1nc(C(=O)OCCOC)co1,0.3728109,-5.676,0.2643138,0
ZINC000789084503,C[C@@H]1CC[C@H](COC(=O)Cc2cc[nH]n2)O1,0.4068994,-6.464,0.2499172,0
ZINC000924849611,CC(C)(C#N)CN1C(=O)[C@H]2C[C@@H](O)CN2C1=O,0.43082714,-7.754,0.16320376,0
ZINC000929891610,CC(C)(C)[C@@H](NC[C@H](O)CO)c1ccccc1,0.56314427,-7.153,0.48779365,0
ZINC001205037655,C/C=C/CO[C@@H]1CCC[C@@H]1C,0.38655794,-6.262,0.23062313,0
ZINC001210100494,Cc1cc2n[nH]cc2cc1Nc1cnn(C)c1,0.5488062,-7.73,0.3994047,0
ZINC001212557990,Cc1nn[nH]c1-c1nc(-c2cc(C)ccn2)no1,0.61966634,-8.39,0.47115666,0
ZINC001225490779,O=[N+]([O-])c1ccc(O)cc1O[C@@H]1C=CCC1,0.55346745,-7.653,0.4166433,0
ZINC001258476428,CCOC(=O)CC[C@@H](C)NCc1cc(C)no1,0.6005487,-6.224,0.65847,0
ZINC001580753258,O=C(N[C@@H]1CC[C@H]1O)N[C@H]1CCNC1,0.34224176,-6.223,0.1468914,0
ZINC000000286539,CCc1ccc(/C=C/C(=O)O)s1,0.39286578,-6.674,0.20028572,0
ZINC000071874183,CCC[C@H](C)C(=O)NCc1cc(F)cc(F)c1,0.54274327,-8.337,0.3242891,0
ZINC000192648580,CCO[C@H]1C[C@@H]1C(=O)OCc1cccnc1,0.36914656,-6.991,0.12034383,0
ZINC000264645007,C[C@H](NC(=O)Cc1cccnc1)C1CC1,0.52002144,-7.183,0.39925244,0
ZINC000338749567,N#CCCNC(=O)N1C[C@@H]2COC[C@H](C1)O2,0.35644612,-6.757,0.119512714,0
ZINC000701859099,Cc1ncc(Cn2cnc3c2C[C@H](C)[C@H](C)C3)o1,0.5324999,-8.686,0.26771492,0
ZINC000738793068,CC(C)[C@H](CNC(=O)c1ccon1)NC(=O)O,0.45854986,-7.107,0.28538394,0
ZINC000797310900,C=CCOCCOC(=O)C1=COCC1,0.32396796,-5.941,0.14001018,0
ZINC000899401468,CC[C@@H]1C[C@H]1C(=O)NC[C@@H]1C[C@@H]1[C@@H]1C[C@@H]1C,0.5535952,-7.835,0.39797512,0
ZINC000934017031,COc1ccc(C#N)cc1CN1CC[C@@H]1CO,0.44296262,-7.406,0.22342212,0
ZINC001122622803,CC[C@H](F)C(=O)OCc1nonc1C,0.32834157,-6.377,0.10334606,0
ZINC001213429307,N#Cc1cc(Nc2ncccc2Cl)ccc1N,0.5830501,-7.882,0.45143628,0
ZINC001217823136,Cc1ccc(CO[C@H]2CCNC2)nc1,0.39959812,-6.819,0.19854721,0
ZINC001236230729,COC(=O)[C@@H]1CN(C[C@H](C)N)Cc2ccccc21,0.5377365,-7.886,0.36125833,0
ZINC001240828403,C=Cc1ccc(/C=C/C(=O)OCC)cn1,0.5881088,-7.138,0.53880554,0
ZINC000001737097,N#C[C@]1(C(N)=O)O[C@@H]1c1ccccc1Cl,0.48989636,-7.694,0.2864523,0
ZINC000003119450,O=C1C=CC(=O)N1c1cccc2c1CCCC2,0.5482592,-8.793,0.2878086,0
ZINC000054298404,O=C(O)C[C@H]1CCCN(CCCCO)C1,0.42361692,-6.728,0.25558692,0
ZINC000064684752,N#CCOC(=O)[C@@H]1C[C@H]1c1cccc(Cl)c1,0.51680267,-7.836,0.32498857,0
ZINC000095402029,Cn1cc([C@H]2OCC[C@H]2CNCC2CC2)cn1,0.5274148,-6.398,0.4955089,0
ZINC000103656643,Cc1nn(C)c(C)c1CCC(=O)OCC(F)F,0.35595623,-7.029,0.090264365,0
ZINC000147157987,CCOC(=O)[C@H]1C[C@H]1CNC,0.38798675,-5.031,0.36143184,0
ZINC000272180593,C=C(C)Cn1cc(CCO)c(C(F)(F)F)n1,0.46096802,-6.914,0.31023896,0
ZINC000495171179,CN(C/C=C\c1ccncc1)C[C@@H]1CCCCO1,0.65088445,-7.484,0.6271874,0
ZINC000563121252,CC(C)C[C@H](N)c1noc([C@H](N)CC(F)F)n1,0.49211958,-7.239,0.3381594,0
ZINC000569449738,C[C@@H](Nc1ccc2c(c1)CC(=O)N2)[C@H](C)O,0.6203953,-7.654,0.5491174,0
ZINC000575513330,C#CC1CCN(C(N)=O)CC1,0.38233122,-6.257,0.22277024,0
ZINC000597858671,CN(C(=O)CC#N)[C@@H](CO)Cc1ccccc1,0.41624618,-7.221,0.1897324,0
ZINC000654011677,Cc1ccc(CC(=O)NC2(C)CC=CC2)o1,0.47778505,-7.577,0.2746246,0
ZINC000654095891,COCC1(CNC(=O)[C@@H](C)OC)CC1,0.4068533,-5.721,0.32707036,0
ZINC000675681194,Cn1nccc1C(=O)N[C@@H]1CCC(F)(F)C1,0.4402572,-7.384,0.22035013,0
ZINC000797726525,CCc1cc(CNC(=O)c2ccoc2CC)n[nH]1,0.5636443,-7.8,0.42152017,0
ZINC000805675226,C/C=C/COC(=O)C1=NN(C)C(=O)CC1,0.36577916,-6.949,0.11803975,0
ZINC000822342080,CCC[C@@H]1CCC[C@@H]1C(=O)N(C)OC,0.40371406,-6.264,0.26439995,0
ZINC000842699667,O=C(OCCOC1CCCCC1)C1(F)CC1,0.38442433,-7.106,0.13865197,0
ZINC000842704581,COc1ncncc1CN[C@H]1CCC1(C)C,0.5171861,-6.806,0.43282992,0
ZINC000849884860,C[C@H](O)[C@H](C)SC[C@H]1CCC(=O)O1,0.32759944,-5.74,0.16810033,0
ZINC000850369450,O[C@H]1C[C@@H](NCc2ccco2)c2ccccc21,0.5731267,-8.448,0.37293592,0
ZINC000856342344,COc1ccnc(C(=O)NOCC2CCC2)c1,0.46038482,-7.483,0.24992879,0
ZINC000898281402,C=C(C)CONC(=O)Cc1sc(C)nc1C,0.45118412,-6.671,0.31612092,0
ZINC000911092875,C[C@@H](O)CNC(=O)Cc1ccc(C(=O)O)cc1,0.41503823,-7.723,0.13515024,0
ZINC000927424767,O=C(NC[C@]12C[C@H]1CCCC2)C1(F)CC1,0.43641594,-8.228,0.12499627,0
ZINC001085447433,CC(=O)N(C)C[C@H]1CCN1Cc1ocnc1C,0.6312896,-6.309,0.71052814,0
ZINC001169866876,Cc1cc(NCCc2cncs2)cnc1C,0.54970056,-7.388,0.4367317,0
ZINC001181582862,O=C(Nc1cc(C2CC2)[nH]n1)[C@@H]1CCO1,0.52396494,-6.767,0.45031273,0
ZINC001195331410,Cc1ccc(O)c(C(=O)NC=N)n1,0.45303175,-6.549,0.3324644,0
ZINC001212907947,CCn1cc(Nc2nccs2)ccc1=O,0.50545,-6.677,0.422993,0
ZINC001250318706,CCn1cc(Cc2ccccn2)cn1,0.35921454,-6.89,0.111169636,0
ZINC001261553748,C(=C/C1CC1)\CNCc1cc2n(n1)CCCC2,0.65628046,-8.087,0.5751867,0
ZINC000070656808,CC[C@@H](COC)NCCc1nc(C)cs1,0.564596,-5.786,0.63278675,0
ZINC000306676358,CC1(CC(=O)NC2(C)CCC2)CC1,0.33425435,-6.502,0.10206342,0
ZINC000307752840,Cc1nc(CNc2nccs2)n[nH]1,0.48635942,-5.612,0.4958967,0
ZINC000337250084,C[C@H](O)CNC(=O)c1ccc(OC(F)F)cn1,0.4020334,-7.063,0.17800432,0
ZINC000399175158,COc1cc(CN[C@H](C)CCCO)sn1,0.4372221,-5.437,0.41675365,0
ZINC000596541223,CO[C@@]1(C)C[C@H]1Nc1cnc(C#N)cn1,0.41284946,-6.555,0.25224316,0
ZINC000615646913,CCNC(=O)CN1CC[C@@](F)(C#N)C1,0.37560847,-6.815,0.1514418,0
ZINC000618298437,CC(C)[C@H](O)C(=O)N1CCC[C@@](O)(C2CC2)C1,0.64971423,-7.461,0.6272603,0
ZINC000632798191,CC[C@H](NC(C)=O)C(=O)NC[C@H]1CCSC1,0.3387674,-6.634,0.097280264,0
ZINC000879278745,O=C(COC1CC1)N[C@H]1CCOC1,0.50554556,-5.656,0.52932835,0
ZINC000892853689,CC(C)(C#N)OC(=O)[C@@H]1CC[C@H](C(N)=O)C1,0.44720435,-7.297,0.24315658,0
ZINC000895512948,COC(=O)/C(C)=C\CNc1ncc(C=O)cn1,0.45778844,-6.844,0.3112179,0
ZINC001120839728,CCC1(CNC(=O)C(=O)Nc2ccccn2)CC1,0.44928837,-7.76,0.19915003,0
ZINC001176365855,Cc1nsc(Nc2csc(CO)c2)n1,0.5341745,-6.049,0.5451822,0
ZINC001209032949,COCOCCCN(C)Cc1ccno1,0.41600156,-5.238,0.39540634,0
ZINC001242564945,N#Cc1cc(-c2ccnnc2)ccc1O,0.58077615,-8.121,0.42208472,0
ZINC000001683100,O=C(O)c1cc2c(cccc2Cl)[nH]1,0.44872394,-7.312,0.24460728,0
ZINC000018227441,CCCSc1nc(O)cc(=O)n1C,0.42758477,-6.04,0.33497334,0
ZINC000040474262,CN(Cc1ccco1)C(=O)c1ccoc1,0.34497532,-6.598,0.11332024,0
ZINC000051839724,C[C@@H](O)CN(C)c1ncc(C(=O)O)cc1Cl,0.37331438,-6.85,0.14325868,0
ZINC000054944894,CCCNC(=S)N[C@H](C)c1nncn1C,0.36033592,-6.479,0.15611973,0
ZINC000136337300,O=[N+]([O-])c1cc(CNCc2ccoc2)cs1,0.6824429,-7.159,0.7234897,0
ZINC000218301247,COCCSc1cc(C(=O)O)ccc1C,0.5105405,-6.857,0.41436344,0
ZINC000226512586,C[C@H](CC#N)NC(=O)[C@@H]1CCO[C@@H]1C,0.39496267,-6.001,0.2744065,0
ZINC000296247243,CCC[C@H](CNC(=O)c1ccc(C=O)[nH]1)OC,0.50388986,-6.734,0.41397658,0
ZINC000308178554,C=C[C@](C)(CCOC)C(=O)NOC,0.35257325,-5.479,0.24470551,0
ZINC000351296083,FC(=C1CCC1)c1nc([C@H]2CCCOC2)no1,0.5469939,-8.818,0.282703,0
ZINC000362666061,CCCCCNC(=O)N1C[C@@H](OC)[C@H](OC)C1,0.5708048,-6.516,0.5691928,0
ZINC000381245265,C[C@@H](c1cccs1)c1noc(CCN)n1,0.4926621,-7.072,0.35659593,0
ZINC000424774552,CC[C@@H](C#N)NC(=O)[C@@H]1CCC[C@@H](F)C1,0.4097013,-7.394,0.15878199,0
ZINC000596065440,NC(=O)NC(=O)CCNCC1=CCCC1,0.37869197,-6.852,0.15370326,0
ZINC000608498222,CC#CCN(C)C[C@H](C)CO,0.4133207,-5.432,0.36992693,0
ZINC000620065031,C=CCC(CC=C)C(=O)NC1([C@@H](C)O)CC1,0.41944325,-7.057,0.21311544,0
ZINC000744888597,O=Cc1cccc(OCCC(=O)OCCF)c1,0.4638248,-6.782,0.3296211,0
ZINC000755892306,C[C@@H]1CN(C2CC2)CC1=NNCC(F)F,0.5869238,-6.487,0.604138,0
ZINC000816179188,C#C[C@@H](C)NC(=O)Cc1cnn(C)c1C,0.38575912,-7.3,0.12112726,0
ZINC000821501323,CC1=NO[C@H](C(=O)N2CCOC[C@@H]2C)C1,0.3781676,-6.889,0.14881791,0
ZINC000852857102,NC[C@H]1CC(C(=O)NCc2cccnc2)=NO1,0.47435135,-7.74,0.25087672,0
ZINC000884553776,O=C(OCCCOC(F)(F)F)[C@H]1CC12CC2,0.3865107,-6.224,0.23448016,0
ZINC000932972597,CCO[C@H]1CCN([C@H](C)c2csnn2)C1,0.40929052,-6.553,0.24540111,0
ZINC001225540992,FCc1ncc(OC(C2CC2)C2CC2)cn1,0.38787955,-6.943,0.16244242,0
ZINC001253555488,CCCCC[C@H](O)CNCc1cc[nH]c1,0.47775713,-6.311,0.40618628,0
ZINC001336056228,CCOc1ccc(CNCCn2cncn2)o1,0.5802607,-6.443,0.5955134,0
ZINC001461459591,Cn1ncc(CNc2cncc(F)c2)c1C1CC1,0.5333242,-7.869,0.3542854,0
ZINC000110472259,Cc1noc(C)c1CC(=O)N(C)CC1CCC1,0.39093176,-7.458,0.11494766,0
ZINC000170722983,O=C(CCc1ccc(F)cc1)OCc1ccoc1,0.5253865,-8.115,0.31298667,0
ZINC000226813657,CS(=O)(=O)CCN[C@H]1CCc2cccnc21,0.5056209,-7.169,0.37218168,0
ZINC000346562158,CCCCN(C)C(=O)c1cnn2ccccc12,0.4693976,-7.319,0.28483224,0
ZINC000389952916,Fc1ccc(CNc2cnc[nH]2)c(F)c1,0.46541545,-7.106,0.299088,0
ZINC000491761164,C#C[C@@H](C)N(C)C[C@H](O)CC1CCCC1,0.5055937,-6.661,0.42494106,0
ZINC000641726526,COc1cnn(Cc2ccno2)c1,0.3444543,-5.495,0.22695921,0
ZINC000756839613,Cc1ccccc1C=NN=c1cc[nH]cc1Cl,0.65654916,-8.32,0.5514956,0
ZINC000794191029,CSCCONC(=O)Cc1cncn1C,0.3482402,-6.19,0.16220453,0
ZINC000804537646,CSc1cnc(N(C)C[C@@H](O)C2CC2)nc1,0.37412184,-6.176,0.21492916,0
ZINC000816118110,CCNC(=O)CCOC(=O)Cc1ccoc1,0.34379244,-6.56,0.11492765,0
ZINC000825747709,C/C(=C/CN1Cc2ccccc2[C@@H](C)C1)C(=O)O,0.8025108,-8.612,0.8102752,0
ZINC000848075127,Cc1ccc(CC(=O)N[C@H]2C[C@H](C)OC2=O)o1,0.418668,-7.859,0.1282015,0
ZINC000859878623,Cc1ccnn1CC(=O)N1CC[C@](C)(O)C1,0.42702276,-7.302,0.20265885,0
ZINC000901237474,C=CCNN=C(C)c1nn(C)cc1OC,0.5570771,-6.004,0.59522855,0
ZINC000903987319,CC(C)(N)CN[C@H]1c2ccccc2OC[C@H]1F,0.6252164,-7.596,0.5646974,0
ZINC001174280653,CCc1nnc(Nc2ccc(C)nc2)s1,0.4491495,-6.868,0.2916098,0
ZINC001211252090,COc1cccc(O)c1Nc1cncn1C,0.45944735,-6.751,0.3241726,0
ZINC000019796291,COc1ccc2c(c1)CCC[C@@H]1O[C@@H]21,0.43904436,-7.564,0.1992343,0
ZINC000020117157,CN(C)C(=O)COc1ccccc1Cl,0.4106201,-6.648,0.23815839,0
ZINC000070735948,O[C@H](c1ccc(F)c(Cl)c1)C1CC1,0.52774024,-6.97,0.43668672,0
ZINC000088499767,CC[C@@H](C)Cn1c(=O)onc1-c1ccccc1,0.48200634,-7.736,0.26645645,0
ZINC000089756690,Cn1ccc(NCc2cc3cc(F)ccc3o2)n1,0.692692,-8.446,0.60999197,0
ZINC000159424564,C[C@H](O)[C@@H]1CCN(S(C)(=O)=O)C1,0.28388733,-5.835,0.07163415,0
ZINC000251708927,CC[C@@H]1C[C@H](NCC[C@H](C)O)CCO1,0.42358497,-6.012,0.32996106,0
ZINC000261492911,CC[C@H](C)COC[n+]1ccn(CC)c1,0.40226054,-5.951,0.29406106,0
ZINC000274620516,CC(C)[C@@H]1C[C@H]1C(=O)NCc1nnc[nH]1,0.41903588,-6.863,0.23247729,0
ZINC000308189655,O=C(NCCCF)NCC1CCC1,0.38837665,-6.112,0.2498203,0
ZINC000357431916,C=C[C@@H](C)Nc1nccc(C(N)=O)c1[N+](=O)[O-],0.51497525,-6.82,0.42699492,0
ZINC000659302140,C[C@H](N)[C@@H]1CCCCN1C(=O)CCCF,0.42759752,-6.382,0.2994433,0
ZINC000673975601,CC(=O)Cn1c(=O)scc1C(F)(F)F,0.37049153,-6.403,0.18413827,0
ZINC000895076632,Cc1ccc(NCc2cnc[nH]2)c(Cl)c1C,0.7248024,-7.232,0.79981065,0
ZINC000921900655,O=C(c1cc2ncccn2n1)N1C[C@@H]2C[C@]2(O)C1,0.42645127,-7.778,0.15204042,0
ZINC001593577011,c1ccc(Nc2cc(-c3nn[nH]n3)cnn2)cc1,0.4798239,-8.498,0.18291347,0
ZINC000070733754,Cc1csc([C@@H](C)NC[C@H](O)CN(C)C)n1,0.43951157,-5.713,0.3925951,0
ZINC000070913585,CC(=O)C1CCN(CCC(F)(F)F)CC1,0.5516664,-6.736,0.5084096,0
ZINC000077967603,C#CCCNc1nc2ccccc2cc1CO,0.64540195,-7.997,0.562994,0
ZINC000107915408,COc1cccc(C(=O)NC[C@@H](N)C2CC2)c1,0.60570854,-7.507,0.5353068,0
ZINC000108282600,O[C@H]1CC[C@@H](C(F)(F)F)C1,0.47876766,-6.483,0.39030647,0
ZINC000141380761,O=C([C@H]1CCCNC1)N1CCC[C@@H](F)C1,0.42589092,-7.476,0.18232724,0
ZINC000228558957,CCc1cc(C(=O)NCC(F)(F)CO)n(C)n1,0.38016093,-7.018,0.13935532,0
ZINC000307704063,CSC1(C(=O)NC2CCCC2)CC1,0.31912374,-6.263,0.09693819,0
ZINC000330994291,CO[C@@H](C)[C@H](C)N/C(O)=N/CC1CCCC1,0.4573021,-7.007,0.29330856,0
ZINC000633237731,COC1(C(=O)N2CC[C@@H]2C(F)F)CCC1,0.30287245,-6.407,0.049775183,0
ZINC000718211692,C#C[C@H](CO)NS(=O)(=O)c1cn(C)c(C)n1,0.38592488,-7.185,0.13341138,0
ZINC000811657536,Cc1cc(C)c(C=NNC[C@@H]2CCSC2)[nH]1,0.54761785,-7.155,0.45682937,0
ZINC000884512343,Cn1cnc(C(=O)OC[C@H]2C[C@@]23CCOC3)c1,0.39543676,-7.503,0.119193345,0
ZINC000892441130,CCC[C@H](C)NC[C@@H]1C[C@]1(C)Br,0.39990947,-6.013,0.2829581,0
ZINC000906829698,C#CCCCNC(=O)[C@H](C)c1cnccn1,0.4455369,-7.719,0.19598117,0
ZINC000914212220,CC[C@@H]1C[C@@H](C)CN1S(=O)(=O)CC1(F)CC1,0.4044599,-7.125,0.17636529,0
ZINC001205952988,N#C[C@H]1CC[C@@H](NC(CF)CF)C1,0.54968417,-6.197,0.56051904,0
ZINC001228750946,O=C1CCCc2nc(OC[C@@H]3COCO3)ccc21,0.55913407,-8.345,0.35592604,0
ZINC001233259222,C[C@H]1CN(Cc2ccc(S)cc2)C[C@@H]1O,0.60046744,-7.588,0.5165037,0
ZINC001242253352,CCC/C=C/c1ncc2c(C#N)c[nH]c2n1,0.5714418,-7.983,0.4179412,0
ZINC001518179699,C[C@H](NC(=O)[C@H]1C[C@H]1F)c1ccsc1,0.39527556,-6.623,0.21036139,0
ZINC000013080274,CCCNC(=O)COc1ccccc1C(=O)O,0.5092458,-7.361,0.35940143,0
ZINC000049447276,CC[C@@H](OC)C(=O)Nc1ccccc1OC,0.48510554,-6.987,0.35046393,0
ZINC000125801332,Nc1nnc(SCCC2CCCC2)[nH]1,0.39784595,-7.038,0.17230844,0
ZINC000132811473,C[C@H](NC[C@H]1C[C@H]1C)c1ccsc1,0.43951344,-5.98,0.36484075,0
ZINC000270787536,CC[C@H](NC(=O)CO)c1cccc([N+](=O)[O-])c1,0.5800497,-7.634,0.4712757,0
ZINC000294760540,CC[C@@H]1C(=O)NCCN1C(=O)[C@H]1COC(=O)N1,0.37319094,-7.182,0.10849844,0
ZINC000320230439,C=CCC[C@@H](CO)NCc1cnc(C)s1,0.3665475,-5.86,0.23277739,0
ZINC000491636519,C#CCNC(=O)c1cnnc(-c2ccccc2)c1,0.4760067,-8.831,0.14073229,0
ZINC000635775880,O=C([C@H]1C[C@@H](O)C1)N1CCc2ccncc21,0.48014817,-8.005,0.23480958,0
ZINC000808467361,CC(C)[C@H]1CCCN(C(=O)C(C)(F)F)C1,0.39227885,-7.517,0.111482315,0
ZINC000825049936,CC[C@H](C#N)NC(=O)c1nc[nH]c1C(F)(F)F,0.37602484,-7.122,0.12034997,0
ZINC000829343268,Cc1cccc(C(=O)N[C@H]2C=CCC2)c1F,0.55707145,-8.589,0.3264733,0
ZINC000850972800,Cc1ccn([C@@H](C)CC(=O)OC2CC2)n1,0.34923697,-6.557,0.12602462,0
ZINC000888053409,COC(=O)[C@H]1CCN1C(=O)[C@@H](C)OC,0.5727278,-5.865,0.64068204,0
ZINC000897533589,Cc1ncoc1CNCC[C@@H]1CCCC[C@@H]1O,0.5254261,-7.703,0.35589778,0
ZINC000906046795,CCO[C@@H]1[C@H](C)[C@@H]1C(=O)NC[C@@H](C)O,0.5650893,-5.837,0.62846184,0
ZINC000908830657,CC(C)c1scnc1C(=O)Nn1ccnn1,0.38771898,-6.49,0.20921952,0
ZINC001176079476,N#Cc1cnc(Nc2ncc[nH]2)c(Cl)c1,0.56200546,-6.737,0.5287864,0
ZINC001226666257,C=CCC(CC=C)Oc1cc(C)[nH]n1,0.37588772,-6.204,0.2155163,0
ZINC001472028688,C=CCC(F)(F)C(=O)NC[C@@H](C)c1ncon1,0.37952003,-7.277,0.11115937,0
ZINC000001665166,CC(C)[C@H]1CCC[C@@]1(N)C(=O)O,0.63659316,-6.545,0.69649875,0
ZINC000096526762,CCOC[C@]1(CO)C[C@H]1CS(C)(=O)=O,0.27748176,-5.557,0.087847,0
ZINC000124067201,C[C@@H](NCCOC(F)(F)F)C1CCC1,0.33875105,-5.982,0.16503164,0
ZINC000124779409,CCn1nccc1C(=O)O[C@H](C)c1ccccc1,0.54883677,-7.832,0.38886097,0
ZINC000158965682,O=C(NCc1ccc(O)c(O)c1)C1CCCCC1,0.60960877,-9.123,0.3750287,0
ZINC000307480874,CN(C)C(=O)N(C)CCF,0.22970605,-4.548,0.09810623,0
ZINC000307684766,C/C=C(/C)C(=O)N[C@H](C)C(N)=O,0.51063246,-5.785,0.52599376,0
ZINC000335680024,CC(C)[C@@H](O)C(=O)N1CCC(=O)[C@@H](C)C1,0.40937316,-6.888,0.21073729,0
ZINC000355673651,CCC[C@@H](C)CC(=O)NCCc1n[nH]c(C)n1,0.36963904,-7.135,0.10634875,0
ZINC000491803868,C#C[C@H](C)N(C)C(=O)NCC#Cc1ccccc1,0.7168382,-9.118,0.58796024,0
ZINC000527875474,C[C@@H](O)CN[C@@H]1CCc2cc(F)c(Cl)cc21,0.6783146,-8.142,0.6131164,0
ZINC000572594477,c1cc2ncncc2cc1OCC[C@H]1CCNC1,0.62595296,-8.176,0.505858,0
ZINC000692042748,O[C@@H](CNCC1CC=CC1)C1CC1,0.43562153,-6.641,0.28841174,0
ZINC000776792353,O=c1ccccn1N=Cc1ccccc1Cl,0.63081217,-8.296,0.50300807,0
ZINC000782169476,O=C(Cc1c[nH]c2ncccc12)NO,0.47579837,-7.167,0.31331393,0
ZINC000835132878,O=C(O[C@H]1CCSC1)c1cc2n(n1)CCC2,0.45193645,-7.346,0.24743626,0
ZINC000899922358,CCNC(=O)[C@]1(C(=O)OC(C)(C)C)CCCO1,0.38779962,-6.809,0.17621511,0
ZINC000902487051,C[C@H](NCc1csc(N)n1)c1ccoc1,0.60898435,-6.615,0.63453084,0
ZINC000912049434,C/C(=C(/F)C(=O)NC1(C)CC=CC1)C1CC1,0.49931628,-7.812,0.29284465,0
ZINC000934469129,C=CC[C@@H]1CCN1[C@H](C)c1cccnc1,0.5138522,-7.181,0.38723958,0
ZINC001211245875,Cn1cncc1Nc1cc(Cl)ncc1F,0.44184682,-6.55,0.3102041,0
ZINC001347320144,CC[C@H](O)c1nccn1Cc1nc(C)no1,0.41292846,-6.437,0.26466727,0
ZINC001518981750,CCOC(=O)[C@@H]1C[C@H]1C(=O)OCC(C)(C)OC,0.44639942,-6.673,0.30643493,0
ZINC001574087819,N[C@H](CO)C(=O)NCCCC(F)F,0.32185695,-5.83,0.14736834,0
ZINC000013224131,C[C@H]1C[C@@H]1C(=O)N[C@@H](CC(=O)O)c1ccccc1,0.44517612,-8.079,0.15783988,0
ZINC000070697553,CCc1nc(CN(C)[C@@H]2CCOC2=O)cs1,0.55198175,-6.473,0.5363765,0
ZINC000075664042,COc1ccc(NC(=O)C2=COCC2)cc1F,0.46507275,-7.574,0.24975452,0
ZINC000076456197,CC(C)=CC(=O)N[C@H](c1ccccn1)C(C)C,0.51928174,-7.635,0.35079587,0
ZINC000085397088,O=C(N1CCOCC1)C(F)(F)Br,0.29917336,-5.623,0.12395453,0
ZINC000115970660,COc1ccnc(C(=O)NCc2ccccn2)c1,0.55201304,-7.924,0.38558835,0
ZINC000164123631,C[C@H](C[S@](C)=O)NC(N)=O,0.22804481,-4.741,0.07475062,0
ZINC000306171369,O=C1NCC[C@@H]1NC1CCCC1,0.6175504,-6.276,0.6867428,0
ZINC000336125237,CCCC(=O)N1C[C@@H](C)[C@@H]1C,0.46876806,-5.891,0.43204418,0
ZINC000340505659,COC(=O)c1cc(C(=O)NCC[C@H](C)O)c[nH]1,0.4034167,-6.615,0.22731991,0
ZINC000353095091,CCn1cc(CNC[C@H]2CCO[C@@H](C)C2)cn1,0.5341026,-7.326,0.41227922,0
ZINC000380070172,CC(C)(N=c1ccc(C#N)n[nH]1)C1CC1,0.59506166,-7.677,0.4965426,0
ZINC000414813025,NC[C@H](NCc1ccc(Cl)c(F)c1)C1CC1,0.5506654,-7.179,0.46037114,0
ZINC000549576439,CC1(C)SC[C@@H]1NC(=O)NCC1(C#N)CC1,0.50977194,-7.077,0.3899691,0
ZINC000631199173,CCc1ncc(CN[C@H]2C[C@@H](CO)C2)s1,0.67101616,-6.298,0.7903664,0
ZINC000643290495,Cc1cscc1C(=O)N1CC(C2CC2)C1,0.44951236,-6.895,0.28952163,0
ZINC000656488277,CCN1CC[C@@H](N[C@H](C)[C@@H](C)OC)C1=O,0.44253555,-6.017,0.3669806,0
ZINC000674246018,CC(C)[C@H](C)CNC(=O)C1(C)CCC1,0.58095944,-7.355,0.5020835,0
ZINC000750944835,Cc1cc(F)ccc1NN=C1CCOC1,0.4877489,-7.609,0.29103523,0
ZINC000862769657,CCC[C@@H]1C[C@H]1C(=O)Nn1cccn1,0.45676073,-6.586,0.33600453,0
ZINC000886013920,O=C(NCC1CCC=CCC1)[C@H]1[C@@H]2COC[C@@H]21,0.6325248,-8.611,0.4736523,0
ZINC000927709076,O=C(NC[C@]12C[C@H]1CCC2)N[C@H]1C[C@H](O)C1,0.6030052,-7.537,0.52683276,0
ZINC001162490742,CCCOC(=O)CNc1nccc(C)c1F,0.45685726,-6.831,0.31072485,0
ZINC001163569574,CN(C)c1cccc(Cl)[n+]1[O-],0.40141463,-6.253,0.26098856,0
ZINC001187830197,Cc1cc(CNC(=O)c2n[nH]cc2Cl)no1,0.4489881,-7.087,0.26852226,0
ZINC001580897545,c1nc([C@H]2CCCN2C[C@@H]2CCCNC2)no1,0.4062582,-7.52,0.13886221,0
ZINC000049692792,O=C(CNCC1CC1)N1CCS(=O)CC1,0.3884657,-6.109,0.2503086,0
ZINC000120010164,Cc1ncc(C[S@](=O)c2cccs2)s1,0.4241616,-6.11,0.32091498,0
ZINC000129597858,Cc1nnc(COC(=O)c2ccc(F)cc2)n1C,0.4617039,-7.962,0.20274355,0
ZINC000140156924,C[C@H](C#N)C(=O)NC1(C(=O)O)CC1,0.3118834,-6.141,0.095279165,0
ZINC000167143875,Cc1cccc([N+](=O)[O-])c1NC[C@@H]1C[C@@H]1C,0.4848335,-7.632,0.28286898,0
ZINC000187837642,CC(C)[C@H](C)C(=O)O[C@@H]1CCO[C@@H]1C,0.33449867,-6.399,0.11325558,0
ZINC000268810814,CN1C[C@@H](C(=O)NCCc2ccncc2)CC1=O,0.655182,-8.214,0.5598074,0
ZINC000306185471,C[C@@H]1CC[C@@H]1NCC1(C)CCC1,0.41921043,-6.467,0.2739924,0
ZINC000307062654,O=C(CO)Oc1cc(Cl)cc(Cl)c1,0.39841527,-6.072,0.2738644,0
ZINC000309671342,CCn1ccnc1CNCc1snnc1C,0.42901057,-6.103,0.33124807,0
ZINC000316131528,C[C@H](C(=O)NC[C@@H](O)C1CCC1)n1cccn1,0.3773483,-7.281,0.10644149,0
ZINC000334213141,C=C[C@H](C)NC(=O)[C@H]1CCCc2c(O)cccc21,0.72386545,-8.408,0.6756943,0
ZINC000338175101,C=CC[C@H](CO)CNC(=O)[C@H]1C[C@@H]1C(F)F,0.35514936,-6.997,0.091992855,0
ZINC000372560727,CSCCN1CCC[C@@H](n2cccn2)C1,0.41454467,-6.19,0.2935477,0
ZINC000452462155,COC(=O)[C@@H]1CC[C@@H]1C(=O)N[C@H](C)C(C)(F)F,0.37119958,-7.086,0.11453417,0
ZINC000544967450,c1ccc2c(c1)C[C@H]2c1noc([C@H]2CCCO2)n1,0.5384014,-9.854,0.15797654,0
ZINC000589791097,N#CCCCC(=O)N1CCCOc2ccccc21,0.63397044,-7.914,0.54897815,0
ZINC000595928662,COC(=O)[C@@H](C)NC(=O)[C@H]1C[C@H](N)C1,0.3231017,-6.146,0.11698181,0
ZINC000608052070,CCc1noc(Cn2nnc(C3CC3)n2)n1,0.3621209,-7.024,0.102995835,0
ZINC000639645270,CC(=O)CN1CCC2(C1)Oc1ccccc1O2,0.69279224,-7.686,0.6892023,0
ZINC000676211785,CCc1cc(CNC(=O)c2ccnnc2)on1,0.41155872,-7.63,0.13792618,0
ZINC000774904185,CN(Cc1cccn1C)C[C@H]1CCC=CO1,0.57634676,-6.52,0.5797552,0
ZINC000831763799,CCCCOC(=O)[C@H](C)N1CC(=O)N[C@@H](C)C1,0.35499802,-6.521,0.14117946,0
ZINC000910016921,O=C(C1CC1)C1(C(=O)N2CC=CC2)CC1,0.38861045,-7.122,0.14528087,0
ZINC001193775103,CCCCCOC(=O)NC[C@@H]1CC[C@@H](O)C1,0.37098518,-7.256,0.096435815,0
ZINC001234124035,COc1cc(OC2COC2)cnc1Cl,0.3785915,-6.059,0.23594682,0
ZINC001332410912,CC[C@@H](C)c1nnc(NC[C@@H]2CCOC2)o1,0.6198087,-7.39,0.5754015,0
ZINC001558333876,O=C(Nc1c[nH]nc1C(F)(F)F)c1ccoc1,0.5374429,-7.766,0.3731524,0
ZINC000075182912,C[C@H](Cn1ccc2nc[nH]c(=O)c21)N(C)C,0.53131574,-6.932,0.4477201,0
ZINC000086500143,CCNC(=O)[C@@H](C)NCc1cc(C#N)cs1,0.4669868,-6.601,0.354702,0
ZINC000088760410,CCc1cc(NCc2nccn2C)nc(C)n1,0.49412668,-6.776,0.3902701,0
ZINC000103015645,CC(C)(O)c1cn(CC(=O)O)nn1,0.34851164,-6.128,0.16918793,0
ZINC000173500971,CC[C@]1(C)CCCN(C(=O)c2cc(C)on2)C1,0.54305553,-7.893,0.37106723,0
ZINC000222038544,C[C@H](NC[C@H]1CC1(C)C)c1nccs1,0.41447225,-6.385,0.27313143,0
ZINC000246238524,CCCNC(=O)CN1[C@@H](C)CCC[C@H]1CO,0.534178,-7.003,0.44600865,0
ZINC000287764816,CCc1nc(C)cc(NCCCCO)n1,0.4708516,-6.154,0.40882927,0
ZINC000292729919,C=C[C@H](CO)NC(=O)c1coc(CCC)n1,0.4912422,-6.572,0.4057647,0
ZINC000336408232,O=C(NCc1ccccc1)C1=CCOCC1,0.5060227,-8.286,0.25685105,0
ZINC000340345387,CCN(C(=O)COCC(F)(F)F)C(C)C,0.37206402,-5.828,0.24703191,0
ZINC000351163071,FC1(F)CC(Cc2noc(CC3CCC3)n2)C1,0.39515403,-7.622,0.106261656,0
ZINC000426064833,CN1CCC[C@H](NC(=O)NCCCCO)C1=O,0.4650714,-6.644,0.34643736,0
ZINC000530183435,O=C(NCC1(O)CCCCC1)c1nncs1,0.42121625,-7.291,0.1923003,0
ZINC000615732234,N#Cc1ccc(N2C[C@@H](O)CC(F)(F)C2)nn1,0.4188645,-8.194,0.09376316,0
ZINC000615753379,COCC(=O)N1CCOC1,0.2538325,-4.767,0.12313065,0
ZINC000620196691,CCC(=O)N[C@@H](C)C(=O)N=c1nc(C)[nH]o1,0.35148135,-6.77,0.10832645,0
ZINC000635486812,Cc1nc[nH]c1C(=O)N[C@@H]1C[C@H]1C,0.40032995,-6.446,0.23877507,0
ZINC000643465278,N[C@H]1CCCCC[C@H]1Nc1cnn(CC2CC2)c1,0.598576,-8.068,0.46285474,0
ZINC000662783956,C[C@@H](CCCN)NC(=O)c1c(Cl)cnn1C,0.41987082,-6.336,0.2889197,0
ZINC000698653119,CSC1(CNC[C@](C)(O)C(F)F)CC1,0.33470002,-5.635,0.19308203,0
ZINC000746506182,C[C@H]1SCCN(CCF)[C@@H]1c1ccccc1,0.4545171,-7.248,0.26273665,0
ZINC000856035561,C=CCCONC(=O)c1cc[nH]c1CC,0.37793136,-6.629,0.17538027,0
ZINC000887097480,CCNC(=O)CN(CC(F)F)C1CCC1,0.29608768,-5.804,0.09902479,0
ZINC000889965950,CCc1cc(C(=O)Nc2nncn2C)no1,0.44534475,-7.172,0.25246823,0
ZINC000895803116,Cc1ccncc1CN[C@H]1CCOC1=O,0.497205,-7.08,0.3647633,0
ZINC000918615304,Cc1nc(Cl)nn1C[C@@H]1CCCO1,0.41928807,-6.233,0.29847348,0
ZINC000925360704,Cc1noc(CCN[C@H](C)c2nonc2C)n1,0.43653873,-7.495,0.2014443,0
ZINC001174330131,Cn1cc(Nc2ccc3c(c2)COC3)cn1,0.58466905,-7.623,0.4815698,0
ZINC001174385061,CN(C)c1ccccc1Nc1cncnc1,0.50605345,-6.851,0.40609878,0
ZINC001184439542,CC(C)OC(=O)CC(=O)Nc1ccsc1,0.58729696,-6.149,0.6400168,0
ZINC001218182224,CCc1ccc(OC)c(O[C@H]2CCNC2)c1,0.7038224,-7.445,0.7361071,0
ZINC001249953490,C=CCc1cncc(CNC(=O)OC(C)(C)C)c1,0.4622584,-7.735,0.22744155,0
ZINC001334934415,COc1ccc(CNCc2cccnc2)o1,0.606509,-7.003,0.5892897,0
ZINC001349587075,C[C@H](Cn1cncn1)NCCO,0.42821154,-4.761,0.4691835,0
ZINC000032152418,CN1CCCNC1,0.26333907,-3.851,0.23719233,0
ZINC000229269429,C=C[C@H](C)NC(=O)[C@@H]1CCC[C@H](C(=O)O)C1,0.45118606,-7.823,0.19635949,0
ZINC000283533354,Cc1[nH]c(C=O)cc1C(=O)NC[C@H](C)CO,0.43419427,-6.902,0.25845012,0
ZINC000353287209,CN(CC(C)(C)C#N)C(=O)c1cnccn1,0.3743009,-6.436,0.18825352,0
ZINC000368483006,CO[C@H](C)CN1CC[C@H]2CCN(C)[C@H]2C1,0.45336393,-6.191,0.37034112,0
ZINC000421027097,C[C@@H]1CC[C@H](CN2CC[C@]23CCOC3)O1,0.43485174,-6.942,0.255594,0
ZINC000421595999,CC[C@H](C)CNC(=O)[C@@H](C)Oc1cccnc1,0.5038011,-6.957,0.39061695,0
ZINC000612294874,CCC[C@H]1CCCN(C(=O)c2cnnc(O)c2)C1,0.46489316,-7.888,0.21675445,0
ZINC000641535897,OCc1ccnc(NC2CC(F)(F)C2)c1,0.3886811,-7.434,0.11298446,0
ZINC000657454096,COC[C@@H](NCc1ncc(C)[nH]1)[C@@H]1CCCO1,0.4664606,-6.322,0.38266525,0
ZINC000715159841,CN(Cc1cccs1)C(=O)[C@@H]1C[C@@H]1CN,0.46539763,-6.431,0.3692277,0
ZINC000785678500,Cc1cncc(COC(=O)c2cc[nH]c2)c1,0.42918062,-7.42,0.19466576,0
ZINC000847701137,COc1ccc(C(=O)OCCC(C)(F)F)o1,0.3775332,-6.783,0.15858126,0
ZINC000889628720,CC(C)[C@@H]1C[C@@H]1C(=O)Nc1nnn(C)n1,0.3711463,-6.852,0.13875599,0
ZINC000892459777,C[C@@]1(Br)C[C@H]1CNC1(C)CCCC1,0.45898327,-6.331,0.36691773,0
ZINC000896506496,C[C@@H]1C[C@@H]1[C@@H]1C[C@H]1CNC(=O)N1CC[C@@H]1CO,0.6517723,-7.474,0.6299857,0
ZINC001000595222,CC(=O)NCC1CN(C(=O)[C@@H](C)C(C)(F)F)C1,0.38989103,-7.042,0.15613462,0
ZINC001156424714,CC1CC(C(=O)NCCCNC/C=C\Cl)C1,0.4979912,-6.661,0.40988111,0
ZINC001165294280,COc1ccc(N2C[C@H]3[C@H](CC3(F)F)C2)nn1,0.4490038,-7.775,0.19702682,0
ZINC001173998578,COc1cc(F)ncc1NC1=CCCC1,0.4609849,-7.113,0.28958374,0
ZINC001216574666,COCn1cc(Nc2cnsc2)cn1,0.342334,-5.604,0.21142712,0
ZINC001227897520,CC[C@@H](O)C(=O)Oc1cc(Cl)cc(OC)c1,0.3994199,-6.775,0.20276855,0
ZINC001239088514,O=C1COc2ccc(-c3ccnc(F)n3)cc2N1,0.635626,-8.581,0.48291445,0
ZINC000005956583,CNC(=S)N/N=C\c1cccc(C)n1,0.64347917,-6.427,0.7224069,0
ZINC000020351205,CCn1cc(CNCc2cccs2)cn1,0.5614193,-6.002,0.604038,0
ZINC000036867878,OCCNCc1csc(Br)c1,0.51562285,-5.226,0.5939946,0
ZINC000038076522,CC[C@@H]1NC(=O)N(c2cccc(F)c2)C1=O,0.48411927,-8.151,0.22749734,0
ZINC000050694439,COC[C@@H](C)NC(=O)c1cc(N)nc(Cl)c1,0.5341704,-6.731,0.4742714,0
ZINC000069629459,COCCCN1C[C@H](C)N[C@@H](C)C1,0.3671888,-5.512,0.27022687,0
ZINC000180694184,COc1ccccc1NC(=O)CC[C@H](C)OC,0.37992665,-6.905,0.15063903,0
ZINC000235344747,C[C@@H](O)[C@@H](C)Sc1ncc[nH]1,0.37672874,-5.249,0.3164668,0
ZINC000330364042,CCS(=O)(=O)NCCN[C@H]1CCC[C@@H]1C#N,0.41183904,-6.688,0.23641452,0
ZINC000335344177,CCNC(=O)CC(=O)N1CCNC[C@@H]1C,0.3852994,-6.179,0.23675904,0
ZINC000336657873,CC[C@H](C)N(CCO)c1ncncc1Cl,0.36827916,-6.195,0.20138004,0
ZINC000337884666,C[C@H](C1CC1)N(C)C(=O)[C@H]1C[C@H]1C(F)F,0.30319357,-6.157,0.07640198,0
ZINC000346367657,Cc1nccc(CN2C[C@H](F)C[C@H]2CO)n1,0.5377626,-7.354,0.41661835,0
ZINC000380827327,NC(=O)[C@]1(O)CCN(c2ncc(Cl)cn2)C1,0.3828245,-6.814,0.16584003,0
ZINC000390196843,C[C@@H](NC(=O)C(=O)O)c1cccc(Cl)c1F,0.42436516,-8.074,0.117135055,0
ZINC000638440625,O=C([C@H]1C[C@@H](O)C1)N1CCOC2(CNC2)C1,0.4014834,-7.147,0.16818196,0
ZINC000651455102,CCN(CCCO)C(=O)NC1CC2(CCC2)C1,0.4481543,-7.092,0.26635072,0
ZINC000657281339,Cc1cnc(S[C@H]2CCOC2)c(C)c1,0.48040438,-7.155,0.32368553,0
ZINC000669868618,CC[C@@H](OC)C(=O)N[C@H](C)c1ccsc1,0.4730207,-6.475,0.37975392,0
ZINC000758832336,O=C(NOCC(F)F)NC1CCCC1,0.3880354,-6.409,0.2182673,0
ZINC000808092242,O=C(O[C@H]1CNOC1)c1cccc2cc[nH]c21,0.6535331,-8.521,0.52462447,0
ZINC000829815046,COCCCCOC(=O)[C@@H]1CCC(C)=C(C)C1,0.5322963,-7.174,0.4245035,0
ZINC000835319310,CC(C)[C@@H]1C[C@H]1COC(=O)c1cncn1C,0.4173962,-7.012,0.21373874,0
ZINC000857070675,CCCc1ccccc1OC(=O)C1(F)CC1,0.43453932,-7.327,0.21494944,0
ZINC000877981167,CN(CCC#N)C(=O)c1ncsc1C1CC1,0.3974005,-6.102,0.26873535,0
ZINC001100232947,C=CCCNC1CC(CNC(=O)/C(C)=C/C)C1,0.37425524,-7.009,0.12859231,0
ZINC001224483531,CC[C@@H](COC)OC[C@@H]1CCOC1,0.36095893,-5.49,0.2601732,0
ZINC001252779191,CCC[C@H](O)CNc1ccn2ccnc2c1,0.5786917,-7.081,0.52607715,0
ZINC000004262585,CC(C)(C)[C@@H](N)CC(=O)O,0.29480073,-5.218,0.15739773,0
ZINC000005382735,C=CCN(CC=C)C(=O)c1cccc(F)c1,0.4396758,-6.919,0.2675412,0
ZINC000086796459,CC[C@](C)(NC(=O)CCC(F)(F)F)C(=O)O,0.41942754,-6.564,0.26433805,0
ZINC000306503536,Cc1nnc(CN[C@@H]2CC[C@@H]2C)s1,0.5073514,-6.443,0.4510867,0
ZINC000335974564,N#CCCNC(=O)c1c(Cl)cncc1Cl,0.41024613,-6.561,0.24646243,0
ZINC000437684173,O=C(NCCF)C(=O)c1ccc(Cl)s1,0.47664073,-6.288,0.40636593,0
ZINC000448734880,COC[C@@H](C)N(C)C(=O)CC1(O)CCC1,0.32008386,-6.152,0.11037996,0
ZINC000525190517,CCc1cnc(CSCc2ccco2)o1,0.4142103,-6.754,0.23425022,0
ZINC000530110452,CO[C@H](Cc1ccc(F)cc1)Cn1ccnn1,0.45318708,-7.574,0.22621007,0
ZINC000629479106,CC1(C)NC(=O)N(Cc2ccns2)C1=O,0.36530733,-6.803,0.13228369,0
ZINC000638029596,Cc1cc(CN2CCC[C@@H]2C2CC2)sn1,0.6415502,-6.766,0.68334234,0
ZINC000646690021,CN(CC1CC1)C(=O)[C@@H]1CC(=O)NC(=O)N1,0.36229786,-7.37,0.06737524,0
ZINC000740647167,O=C(O)NC[C@H]1CCN(Cc2cccnc2)C1,0.6277646,-6.894,0.642727,0
ZINC000777845818,Cc1n[nH]c(C)c1NC(=O)[C@@H]1CCC=CO1,0.3907928,-7.288,0.13234606,0
ZINC000792932662,CCONC(=O)C[C@@H]1CCC[C@H](OC)C1,0.3960877,-6.954,0.17755845,0
ZINC000861193426,Cc1conc1COC(=O)[C@@H]1COCCO1,0.41206184,-6.841,0.22094956,0
ZINC000888330422,CC(C)C#CC(=O)NCc1cnn(CCF)c1,0.42840555,-7.938,0.13927764,0
ZINC000903875991,CCOCCN1CCNC[C@@H]1COC,0.28139347,-4.998,0.15371099,0
ZINC000907677817,CCc1nc[nH]c1C(=O)NC[C@@H]1CC[C@H](O)C1,0.4288942,-7.559,0.17964754,0
ZINC000909222504,C=CCC1(NC(=O)CCC(N)=O)CCCCC1,0.39009616,-7.27,0.13283744,0
ZINC000914812746,CCOc1ccccc1COC(=O)CC1CC1,0.4204801,-6.7,0.25228414,0
ZINC001195448356,CCN(C)C(=O)c1nccc(Cl)c1Cl,0.53212553,-6.364,0.50837517,0
ZINC001207846423,FC1(C2CC2)CN(C[C@@H]2CCCO2)C1,0.6167434,-6.257,0.6871195,0
ZINC001210938683,Cc1conc1Nc1c[nH]c2ncccc12,0.4979645,-8.112,0.25897804,0
ZINC001249911584,CCN(C)Cc1cnc(Cl)c(OC)c1,0.61961454,-6.097,0.70944107,0
ZINC001330596343,C#CCOC(=O)CCc1nnc(C(F)F)o1,0.34844926,-6.534,0.12685542,0
ZINC000006494152,C[C@@H](O)Cn1sc2ccccc2c1=O,0.5068417,-7.521,0.33800513,0
ZINC000032908093,CCc1ccccc1NC(=O)CCn1ccnn1,0.51124233,-7.969,0.30014694,0
ZINC000055506131,C=CCN1CCC[C@H]1c1ccc(F)cc1,0.6732087,-7.452,0.6747365,0
ZINC000075507549,CC[C@@H](C)N(C)C(=O)Cn1ccccc1=O,0.5953824,-6.658,0.6031161,0
ZINC000082358890,CC[C@](C)(O)CNc1ncnc2sccc21,0.48081115,-6.675,0.37439352,0
ZINC000125507146,C[C@H](NC(=O)CC1CC1)C1CCCCC1,0.45604,-7.806,0.20774207,0
ZINC000165991493,CCc1ccc(CNC[C@@H](C)C[C@@H](C)O)o1,0.5718064,-6.477,0.57523143,0
ZINC000225252075,C[C@@H]1CCCN(Cc2cocn2)C1,0.57337666,-6.323,0.59435236,0
ZINC000308834462,C[C@@]12CCN(CCC(=O)O)C[C@@H]1C2(F)F,0.3640756,-6.997,0.10967497,0
ZINC000334677119,Cc1cccnc1NC(=O)NC[C@@H]1CC[C@H](C)O1,0.5186331,-8.202,0.29056406,0
ZINC000452596099,CC/C=C\CNC(=O)C1Cc2ccccc2C1,0.6215285,-9.374,0.37254596,0
ZINC000488792540,COc1cc(COc2cnc(C#N)nc2)ccn1,0.45398504,-8.123,0.17071517,0
ZINC000531349236,Cc1nn(C)c(C)c1Nc1nccn2nnnc12,0.48628628,-7.631,0.2858507,0
ZINC000568218384,C=C[C@@](C)(O)CC(=O)N[C@@H]1CC(=O)N(C)C1=O,0.3921245,-6.544,0.2123325,0
ZINC000611798844,C=C[C@@H](O)C(=O)Nc1cccc(OCC)n1,0.40284404,-6.833,0.20352164,0
ZINC000622002310,CCCc1ccc(CN=c2[nH]nco2)s1,0.5353257,-6.709,0.47884715,0
ZINC000634628020,CC[C@H](O)CN1NC(=O)[C@H]2CCC[C@@H]2C1=O,0.4991881,-7.863,0.28728867,0
ZINC000644900754,CCN(C)Cc1cnc(N(C)C)n1C,0.5979556,-5.42,0.7369195,0
ZINC000650029502,C=C[C@@H]1OCC[C@H]1NCCCOCC,0.4978146,-5.732,0.5061128,0
ZINC000788012124,O=C(C1=NNC(=O)C1)N1C[C@H](O)CC(F)(F)C1,0.38262337,-7.619,0.081751496,0
ZINC000827925078,CC1(C)C(=O)NCCN1CC1=CCCC1,0.46087766,-7.7,0.22834513,0
ZINC000832425714,C#C[C@H](C)NC(=O)[C@H]1CCc2nc[nH]c2C1,0.5324518,-8.068,0.33186865,0
ZINC000839581560,CC(C)[C@@H]1CCCN1C(=O)[C@@H]1C[C@H]1[N+](=O)[O-],0.40664342,-7.285,0.16405663,0
ZINC001162524254,COc1cnnc(NC[C@H]2CCCC[C@@H]2C)c1,0.45236954,-7.552,0.22687784,0
ZINC001263384393,N#C[C@H]1CC[C@@H](OC(=O)CSC2CC2)C1,0.45330393,-6.935,0.2928739,0
ZINC001347334875,C[C@@H]1C[C@H]1CNC(=O)c1ccc(Cl)[nH]1,0.4871682,-6.938,0.359644,0
ZINC000082053256,C[C@@H](CNC(N)=O)c1ccccc1,0.55200946,-7.429,0.4370429,0
ZINC000109039263,C#CCCOC(=O)[C@@H](C)c1ccccc1F,0.4120043,-7.929,0.10772388,0
ZINC000118652583,CC(C)(C)OC(=O)N1CC(NC(=O)C2CC2)C1,0.38680544,-6.65,0.19077584,0
ZINC000162613843,C[C@H](CO)SCc1ccncc1Cl,0.5699075,-5.838,0.6379022,0
ZINC000173317260,C#CCCCNC(=O)N1CCOC[C@H]1CC,0.4450646,-6.949,0.275097,0
ZINC000180008624,CC(C)n1nccc1NC(=O)c1c[nH]c(C#N)c1,0.455826,-7.53,0.23601198,0
ZINC000186767652,CCc1cc(C(=O)N2CC[C@@H](O)[C@@H](C)C2)[nH]n1,0.4878702,-8.057,0.24470007,0
ZINC000305200931,CC[C@@H](C)[C@H](O)CNS(=O)(=O)c1c[nH]cn1,0.36966607,-6.357,0.18728544,0
ZINC000308385883,CCC[C@@H](C)OC(=O)[C@@H](O)COC,0.3399806,-5.396,0.22838953,0
ZINC000308993844,CC[C@@]1(C(=O)NC[C@@H](C)N)CCCN1,0.34561977,-5.979,0.17894985,0
ZINC000409434314,C=CCN(C1CC1)C1CC1,0.28400725,-5.076,0.15077953,0
ZINC000494124531,NS(=O)(=O)N1CCN2C(=O)OCC[C@H]2C1,0.40189183,-7.006,0.18364981,0
ZINC000523679710,O=C(c1cscn1)N1CC(n2ccnc2)C1,0.40325055,-6.637,0.22470358,0
ZINC000639970496,Cc1nnccc1NC(=O)N1CC([C@H](C)O)C1,0.46652454,-7.609,0.2489917,0
ZINC000757033967,C[C@@H](NC(=O)NCc1ccon1)c1cn[nH]c1,0.39109564,-7.416,0.119638726,0
ZINC000761088696,CS(=O)(=O)CCCN1CC[C@@H]2C[C@@H]21,0.31198186,-5.948,0.11553906,0
ZINC000851254589,C[C@]1(COC(=O)/C=C\[C@@H]2CCCO2)CC1(F)F,0.43007278,-7.537,0.18426943,0
ZINC000862233272,C#CCN(CC)Cc1cccc2[nH]ncc21,0.7397008,-7.536,0.7977184,0
ZINC000879303510,C=C/C=C/CCN1CCO[C@@H](C(F)F)CC1,0.46056673,-6.969,0.30372605,0
ZINC000899241043,C[C@@H]1C[C@H]1c1csc([C@@H]2CCCO2)n1,0.445509,-6.97,0.2737941,0
ZINC000901317212,C[C@H]1OCCC1=NNc1ccc(Cl)cc1F,0.6875466,-8.146,0.63098824,0
ZINC001119968173,C[C@H](O)c1cccc(N[C@H]2CCC[C@H](F)C2)n1,0.6032808,-8.693,0.40719765,0
ZINC001216124526,Cc1cnn(-c2cccc(Cl)c2C#N)c1N,0.48736563,-7.847,0.26553285,0
ZINC001247676850,c1cc2cccc(-c3noc([C@@H]4CCN4)n3)c2o1,0.68609726,-8.252,0.6170972,0
ZINC000026986210,COc1ccc(N[C@H](C)c2nc(C)no2)cn1,0.5196685,-7.345,0.38171127,0
ZINC000036339924,CCC[C@](C)(NS(=O)(=O)CC)C(=O)O,0.42284057,-5.948,0.33514008,0
ZINC000041895038,Cn1nc(C(=O)OCc2cccnc2)ccc1=O,0.453889,-7.884,0.19537206,0
ZINC000182924941,O=C(N[C@@]1(CO)CCOC1)c1ccccc1F,0.48597237,-7.946,0.25248057,0
ZINC000258340220,O=C(NCc1ccccc1O)N[C@@H]1CCNC1,0.47935855,-7.839,0.25050327,0
ZINC000285412838,Nc1nnc(SCC2CCC(=O)CC2)s1,0.40122202,-7.248,0.15716392,0
ZINC000305730088,CCSCCN1CCN(C(=O)[C@@H](C)O)CC1,0.5133286,-5.951,0.5140768,0
ZINC000306219992,CC#CC(=O)N1CCCC[C@@H](C)C1,0.37577292,-7.16,0.11590034,0
ZINC000343258163,CCN(C[C@H](C)O)c1nc2ccccc2s1,0.43892074,-7.209,0.23589623,0
ZINC000392413845,CCCCN[C@H](C)c1n[nH]c(C)n1,0.52199906,-6.041,0.5218955,0
ZINC000454378330,Cc1nc(C(=O)NC[C@@H]2CC[C@H](C)O2)no1,0.44100758,-6.999,0.26186228,0
ZINC000598206741,N#CC1(C(=O)NC[C@@H]2CCC[C@H]3C[C@H]32)CCC1,0.5451322,-8.981,0.26206923,0
ZINC000637804270,Cc1cc(CN)oc1C(=O)N1CCCNCC1,0.59912074,-7.5,0.5229847,0
ZINC000691375744,C[C@@H](O)CN(c1ccnc(C#N)c1)C1CC1,0.40721437,-7.136,0.18067808,0
ZINC000715966725,C[C@@H](NCC1CC=CC1)c1ccns1,0.50233775,-6.937,0.38979745,0
ZINC000749564583,CCCN1CCC[C@@H]1C(=O)NOCC,0.34990594,-5.98,0.18733639,0
ZINC000753607527,C[C@H]1CC/C(=C\C(=O)N(C)c2cccnc2)C1,0.58668625,-8.314,0.41372728,0
ZINC000780260310,CC(=NN[C@H]1CCCOC1)c1ccccn1,0.6269428,-7.652,0.5622953,0
ZINC000794010677,Cc1ccc(C(=O)NCc2cccnc2F)n1C,0.530133,-7.936,0.34099844,0
ZINC000801526082,Cc1nnc([C@H](C)N2CC[C@H]3C[C@H]32)s1,0.47320956,-6.616,0.36546928,0
ZINC000819006802,Cc1ccc(NC(=O)/C=C/[C@H]2CCCO2)c(O)c1,0.6356347,-8.304,0.51172936,0
ZINC000829810602,C#CC[C@@H]1CCCN(Cc2ccn(C)n2)C1,0.5897966,-7.544,0.49994,0
ZINC000839060440,N#C[C@@H]1CCC[C@@H](OC(=O)c2nccs2)C1,0.50587213,-7.417,0.34689656,0
ZINC000853681561,COC(OC)[C@H](C)Nc1sccc1[N+](=O)[O-],0.52818245,-5.819,0.557224,0
ZINC000899903840,C/C=C/[C@H](O)C(=O)NCCOC,0.29701978,-5.13,0.17094222,0
ZINC000907051144,O=C(NCCCF)C1(C2CCCCC2)CC1,0.38674676,-7.415,0.11112796,0
ZINC000908523472,CC[C@H](O)[C@H](C)C(=O)NCC1=CCCCC1,0.4662883,-7.897,0.21858242,0
ZINC001175847394,Fc1ccc(Nc2cccn3ccnc23)nc1,0.64663756,-7.878,0.5778132,0
ZINC001250136983,CCNC(=O)Cc1cnc2[nH]cc(C)c2c1,0.51851493,-7.99,0.31237012,0
ZINC001449515743,N#C[C@@H](CO)NC(=O)c1cc2ccccc2o1,0.4967154,-7.641,0.30547026,0
ZINC000002516178,COC(=O)c1c(Cl)ccc(Cl)c1OC,0.46350935,-6.883,0.31849596,0
ZINC000021989479,CCOC(=O)Cn1cc(CC#N)c2ccccc21,0.47917017,-7.271,0.309181,0
ZINC000078777505,O=C(COc1ccc2c(c1)OCCO2)NC1CC1,0.4509519,-7.948,0.18290028,0
ZINC000135084201,C[C@H]1CN(C(=O)C2CC2)CC[C@@H]1C,0.429561,-7.112,0.22743982,0
ZINC000227097165,Cc1nn(C)cc1C(=O)N[C@@H](C)CO,0.43736184,-6.31,0.32627085,0
ZINC000230571611,COCC(=O)NC[C@H]1CC[C@H](C)C1,0.5140674,-6.376,0.47135603,0
ZINC000276825562,C[C@@H](O)CCNc1ncc(C(F)(F)F)s1,0.38105386,-6.22,0.22408652,0
ZINC000334157937,O=[S+]1(O)C[C@@H]2NC(=S)N[C@H]2C1,0.37352523,-5.324,0.30232376,0
ZINC000334354977,Cc1cc(CNC(=O)C2(C)CC2)nc(C)n1,0.41977,-7.432,0.17477663,0
ZINC000620062500,C[C@H](O)C(=O)NC1([C@H](C)O)CC1,0.2894377,-5.794,0.08689144,0
ZINC000883113167,Cc1nnc(C(=O)NN2CCC[C@@H]2CO)s1,0.39583498,-6.831,0.18984523,0
ZINC000892512421,Cc1ccc(CNC(=O)N2C[C@@H](N)C[C@H]2C)o1,0.49536443,-7.685,0.29821974,0
ZINC000918082525,Cc1nn(C[C@@H]2CC3CCC2CC3)c(=O)o1,0.5041054,-8.083,0.27415755,0
ZINC001255537420,CC1(C)C[C@@H](N2CCC[C@H]2CO)CCO1,0.41739556,-6.996,0.21540093,0
ZINC001256616204,C[C@H]1C[C@H]1c1nnc(-c2ccc(=O)oc2)o1,0.49825194,-8.569,0.2120364,0
ZINC000019882160,CC[C@H](C)N[C@H](C)c1cccs1,0.5020073,-6.425,0.44237193,0
ZINC000082375583,COC(=O)CNC(=O)NC1CCCC1,0.3285794,-6.246,0.117436305,0
ZINC000292739351,Cc1cc(CN2CCC[C@](C)(O)CC2)ncn1,0.5638399,-7.365,0.46713156,0
ZINC000306219473,CON(C)c1ncnc2[nH]ncc21,0.5259993,-5.771,0.55788964,0
ZINC000308153020,COC(C)(C)CNC[C@H]1C[C@H]1C,0.31797612,-5.587,0.16494372,0
ZINC000308258469,C[C@H](C(N)=O)N(C)C[C@H](O)C1CC1,0.33175603,-5.711,0.1793491,0
ZINC000309126168,C[C@@H](NCCOC1CCC1)c1nccs1,0.47245058,-6.51,0.3749859,0
ZINC000335861703,Cc1cccc(OCc2cnnn2C)c1Cl,0.6048823,-7.691,0.5145409,0
ZINC000336643174,OCCCN1CCSC[C@H]1CCO,0.3518977,-5.02,0.29108626,0
ZINC000489475909,C=CCNC(=O)CN1CCCC[C@@H]1C=C,0.38924372,-6.377,0.22398773,0
ZINC000519176791,CC[C@](C)(CO)C(=O)NCc1ccco1,0.37744826,-6.637,0.17359163,0
ZINC000561227746,COCc1cc(=NC[C@H]2CC23CC3)[nH]cn1,0.4484072,-7.101,0.26591608,0
ZINC000611999233,C[C@@H](CNC(=O)[C@@H]1CCNC1=O)c1ccncc1,0.5088317,-8.169,0.27457908,0
ZINC000624126650,C[C@@H]1CN(C)C[C@@H]1Nc1cnn(CCF)c1,0.38825902,-6.525,0.20665061,0
ZINC000677476101,C=CCN1CCN(CC=C)CC(O)C1,0.3754411,-5.983,0.23760736,0
ZINC000739522769,CC[C@H](NC(=O)O)C(=O)N1CCC[C@H](C)[C@@H]1C,0.37783724,-7.408,0.094206765,0
ZINC000767835721,Cc1cc(C(=O)N2CC(n3cncn3)C2)ns1,0.47538394,-7.346,0.29388362,0
ZINC000772700460,CC(=O)c1c[nH]c(C(=O)NCc2ncccn2)c1,0.41527545,-7.671,0.14102618,0
ZINC000777903057,COC[C@H](C)NN=Cc1ccc(Cl)s1,0.6248768,-6.058,0.72391963,0
ZINC000795830263,CO[C@H](C(=O)OCCn1cccn1)C1CC1,0.3809403,-6.318,0.21367316,0
ZINC000834973708,CC1(C)COCC1=NOC[C@H]1CCOC1,0.53682154,-6.981,0.45353234,0
ZINC000919669259,O=C(/C=C\c1ccsc1)OCCn1cccn1,0.44464007,-6.435,0.327693,0
ZINC001175482610,Cc1cncnc1Nc1ccc([S@@](C)=O)cc1,0.4894673,-7.834,0.27104756,0
ZINC001242894132,C=C(c1ccccc1)c1cnccc1F,0.55595493,-9.108,0.2703048,0
ZINC001250194910,Cc1nc(Cc2cnn(C3CC3)c2)cs1,0.51518404,-6.651,0.4449782,0
ZINC001257419230,CCCC[C@H](CC)N1CCC[C@H]1C(N)=O,0.5961945,-6.482,0.6230224,0
ZINC000076505149,CC(C)OCCC(=O)N[C@@H](C)C1CCCCC1,0.4284517,-7.56,0.17866701,0
ZINC000098000814,FC(F)CNc1ncnc2ccccc21,0.48303118,-7.441,0.29915565,0
ZINC000193427235,C[C@@H](O)CN(C)C(=O)c1ccnc(C#N)c1,0.40071312,-6.892,0.19316667,0
ZINC000235370963,C[C@@H]1CN(C(=O)c2cccnc2F)CCCO1,0.40084082,-7.382,0.1424778,0
ZINC000313414357,CO[C@@H](C)CNc1cccc(CC#N)c1,0.5866629,-7.171,0.53251064,0
ZINC000340356561,CC1(C)OCC[C@@H]1NCc1cc(C(N)=O)co1,0.47253487,-7.524,0.26973447,0
ZINC000350745644,CC(=O)c1c[nH]ccc1=NC(=O)C[C@H]1C=CCC1,0.4776939,-8.103,0.21975946,0
ZINC000387827441,CC[C@@H]1C[C@H]1CN(C)CCO,0.39537635,-5.207,0.3577725,0
ZINC000390563283,CC(C)S(=O)(=O)CCN=c1cc(F)nc[nH]1,0.4565526,-6.89,0.3039875,0
ZINC000409426474,CN1C(=O)[C@@H]2CCN(C(=O)CCN)C[C@H]2C1=O,0.41612345,-7.354,0.17566226,0
ZINC000416791769,C[C@H](CCc1ccccc1)NC(=O)N[C@@H](C)CN,0.7807149,-7.958,0.83509135,0
ZINC000494862894,COc1ccc(NC(=O)CN)c(OC)c1OC,0.43734545,-6.193,0.33840203,0
ZINC000565786669,C[C@H](CN[C@H]1CCCC12CC2)C(F)(F)F,0.38730246,-7.289,0.1253281,0
ZINC000566432009,CC[C@@](C)(CO)C(=O)N[C@@H](C)C(N)=O,0.33256346,-6.303,0.11940248,0
ZINC000597705931,COC(=O)C[C@H](C)C(=O)N1CCOCCN1,0.35266128,-6.203,0.16961077,0
ZINC000690897177,C[C@H](O)CNCCOC1CCC1,0.32226565,-5.359,0.19714446,0
ZINC000856035081,C=CCCONC(=O)[C@H]1CCCN1C1CC1,0.38071314,-6.482,0.19617328,0
ZINC000858370313,CCOCCONC(=O)NCC1COC1,0.30360523,-5.561,0.13917935,0
ZINC000860838354,C[C@@]1(COC(=O)c2ccc(C(F)F)o2)C[C@H]1F,0.40070495,-7.678,0.11143562,0
ZINC000879129268,Cn1nnc(C(=O)NC[C@]2(C)CCCO2)n1,0.3734159,-7.003,0.12755343,0
ZINC000881412699,OC1(Cn2cc(-c3ccc(F)nc3)nn2)CCC1,0.4517732,-8.146,0.16394255,0
ZINC000881749656,C=C(C)C[C@H](NC(=O)CC)C(=O)OCC,0.33357254,-6.031,0.14967933,0
ZINC000896576775,Cc1ccc(CN2CCO[C@H](C)CC2)nn1,0.5804907,-7.445,0.49179828,0
ZINC000930894088,CC[C@@H]1C[C@H]1CN(C)Cc1nc(C)no1,0.5240091,-6.751,0.45206362,0
ZINC000933543194,C=CC[C@@H](C)N1CCO[C@H](c2ccnn2C)C1,0.58386916,-6.971,0.54776907,0
ZINC001143315889,COc1c(C(=O)NCC#N)cnn1C,0.4633188,-5.736,0.43736392,0
ZINC001162209253,Cn1cncc1NC1CC(F)C1,0.46053302,-5.521,0.4541976,0
ZINC001173819642,COc1nonc1Nc1ccsc1,0.45274746,-5.964,0.39271954,0
ZINC001174300433,c1cnn(-c2cccc(Nc3cnccn3)c2)c1,0.67762756,-8.134,0.6125871,0
ZINC001206283940,O=C(O)c1cc(-c2cc(F)nc(F)c2)cs1,0.5002081,-8.024,0.2725711,0
ZINC001250706415,COc1cccc([C@@H](O)CN2CC(C)(F)C2)c1,0.5170346,-8.064,0.3017444,0
ZINC001588614836,C=C(CCC(=O)O)C(=O)N1CCO[C@@H](C)CC1,0.595434,-6.864,0.581802,0
ZINC000047466472,CC(C)NC(=O)N[C@@H](C)c1nnc2ccccn21,0.56823313,-8.2,0.38902515,0
ZINC000049773028,N#CCCCNCc1cccc(Cl)c1,0.68815863,-6.743,0.77806056,0
ZINC000070184680,CSCCNc1ncnc2c1cnn2C,0.4315667,-5.95,0.35221782,0
ZINC000083220059,C[C@@H](CO)CN[C@H](C)c1cnn(C)c1,0.39891863,-6.184,0.2632177,0
ZINC000090803861,FC(F)(F)c1ccnc(NC[C@H]2CCCN2)c1,0.6769949,-7.997,0.6255768,0
ZINC000090985402,N[C@@H]1CCCN(C(=O)[C@@H]2Cc3ccccc32)C1,0.586731,-9.264,0.3150512,0
ZINC000155330217,C=CCCOCCNC(=O)C1CC=CC1,0.3952722,-6.794,0.19257702,0
ZINC000157672911,CC(C)(C)c1nsc(N2CCCC2)n1,0.52149105,-7.006,0.42056495,0
ZINC000188945137,Cc1oncc1CN(CCO)CCO,0.35391852,-5.623,0.2323997,0
ZINC000381567011,Cc1csc(C(C)(C)NCc2cn[nH]c2)n1,0.5101358,-6.386,0.46252835,0
ZINC000401335952,CC[C@@](C)(C#N)NC(=O)CC1(C)CC1,0.32747877,-6.534,0.08531479,0
ZINC000492812113,C[C@@H](O)CCCNC(=O)/C=C\c1cnc[nH]1,0.41827324,-6.781,0.23949157,0
ZINC000644083605,Cn1cc(C(=O)N2CC(C)(C)C2)c(C2CC2)n1,0.60392094,-7.088,0.5753262,0
ZINC000812616478,Cc1cnc([C@@H](C)OC(=O)CCCC#N)o1,0.33354294,-6.422,0.10897119,0
ZINC000848370428,O=C(NO)c1scc2c1OCCO2,0.39810783,-6.001,0.28063676,0
ZINC000862608316,O=C(C1=CCCCO1)N1Cc2ccc(O)cc2C1,0.51104075,-8.832,0.21002758,0
ZINC000884546002,O=C(C#CC1CC1)OC[C@@H]1CC[C@@H](C2CC2)O1,0.6239493,-8.123,0.5073989,0
ZINC000898807052,C[C@@H](C(=O)Nc1cnn2ccccc12)N(C)C,0.65425056,-7.888,0.5918542,0
ZINC000909830541,C#CCO[C@@H](C)C(=O)N[C@H]1C[C@@H](C(=O)O)C1,0.4665618,-6.849,0.32807732,0
ZINC000928556890,CN1CC[C@@H]1CNC(=O)Cc1ncc[nH]1,0.45631814,-5.979,0.3982333,0
ZINC001336355555,O=C(OCC[C@H]1CCCC1(F)F)C1=COCC1,0.4858713,-7.91,0.256023,0
ZINC001343491769,C[C@@H](N)CNC(=O)C[C@H](N)C(F)F,0.34451526,-5.47,0.22967908,0
ZINC001353889696,CCC(F)(F)C(=O)N[C@H](C)C1(C)CC1,0.32264674,-6.96,0.031454768,0
ZINC000070619087,COC(=O)CCNC(=O)[C@@]1(C)CCCN1,0.37626213,-6.267,0.2097083,0
ZINC000186102956,C#C[C@H](C)NC(=O)NCc1cccc2c1OCO2,0.66182464,-8.658,0.52680635,0
ZINC000218884316,COc1cc(C)nc(NCc2ncn(C)n2)n1,0.46900988,-6.503,0.3688979,0
ZINC000252416756,O=C(N[C@@H]1[C@H]2CNC[C@H]21)c1ccsc1,0.5184585,-6.865,0.4292165,0
ZINC000280721046,Cc1cc(C#N)ccc1S(=O)(=O)NCCF,0.3869481,-6.966,0.15820615,0
ZINC000299732757,CN(CCCCO)OCc1ccccc1,0.70473504,-6.893,0.7953025,0
ZINC000347651999,COCc1ccc(C(=O)NCCCC(N)=O)o1,0.36049154,-6.531,0.15102197,0
ZINC000393548083,Nc1nccnc1C(=O)OCCF,0.3641699,-5.215,0.29512364,0
ZINC000421001646,COC[C@H](C)N(C)C[C@H]1CCCN1C,0.29243466,-5.587,0.114348434,0
ZINC000452496052,O=C(CCc1ccco1)N1CC[C@H]1C1CC1,0.45157778,-6.942,0.2887268,0
ZINC000634215126,Cc1sccc1NC(=O)Cc1ccnn1C,0.46353123,-7.076,0.29847446,0
ZINC000683004963,Cc1ccnc(CN(C)CC2CC2)c1,0.40760493,-6.656,0.23135398,0
ZINC000719057842,c1csc(N2CCC[C@@H](C3OCCO3)C2)n1,0.42440605,-7.056,0.22305028,0
ZINC000751852795,C=C(C)CCOC(=O)CCOCC1CC1,0.35476774,-5.97,0.19800685,0
ZINC000773693172,CCN1CCN(C(=O)C=NOC)CC1,0.42346612,-5.532,0.37962782,0
ZINC000819774096,C[C@H]1CN=C(NC(=O)[C@H]2CC23CCC3)S1,0.47518653,-8.085,0.21666394,0
ZINC000823985548,CC1=NO[C@@H](C(=O)NC2(C#N)CCC2)C1,0.38464755,-7.168,0.13264847,0
ZINC000828947928,C[C@@H](NC(=O)[C@H](C)C(F)(F)F)c1ccnn1C,0.38637623,-6.797,0.17464304,0
ZINC000848427041,Cc1nn(Cc2cnsn2)c(=O)c(C#N)c1C,0.40343747,-7.225,0.16394368,0
ZINC000913543090,CN1CCN(C(=O)Cc2ncc[nH]2)C[C@@H]1CO,0.34248117,-6.481,0.12054322,0
ZINC001120238410,C=C/C=C\CCn1nnnc1N(C)CC1CC1,0.5300321,-6.917,0.44673675,0
ZINC001218457917,CCc1nc2c(c(O[C@H](C)CS)n1)CNC2,0.49211526,-6.373,0.42818272,0
ZINC001558958864,O=C(Nn1ccccc1=O)[C@H]1CC12CCCC2,0.5508183,-9.022,0.26907048,0
ZINC000016698014,O=C1C[C@@H](O)CN1C1CCNCC1,0.48176,-6.441,0.40060043,0
ZINC000061811589,CCCCCNc1ccnc(C#N)c1,0.5705373,-6.823,0.53674644,0
ZINC000070268463,CCONC(=O)c1scnc1C,0.40939116,-5.344,0.37129167,0
ZINC000072338255,N#Cc1ccn(C(F)F)n1,0.34009498,-5.743,0.19254103,0
ZINC000127393593,CSC[C@@H](C)NC[C@@H]1CCC=CO1,0.47256988,-5.496,0.48064062,0
ZINC000128283229,C[C@@H]1OCC[C@@H]1Sc1cnc(C#N)cn1,0.36360967,-6.581,0.15200053,0
ZINC000170901330,C=C(Br)CN1CCS[C@H](C)C1,0.48189688,-5.198,0.5300975,0
ZINC000334419607,O=C(CO)N[C@@H]1CCc2ccccc21,0.59393877,-7.459,0.5169822,0
ZINC000334932805,CC1(C)SC[C@@H]1NC(=O)NCCN,0.38502082,-5.667,0.28943622,0
ZINC000342409218,Cc1nnc(N(C)C[C@H]2CCCN(C)C2)o1,0.64160126,-7.118,0.64684856,0
ZINC000408249496,C[C@H]1C[C@H](C)N(c2cncc(C(N)=O)n2)C1,0.48484626,-7.805,0.26490864,0
ZINC000433995351,C[C@H]1CN(C(=O)CCOCC2CC2)C[C@@H]1C,0.36926883,-6.836,0.13670032,0
ZINC000582061312,C[C@@H]1[C@@H](C)[S@](=O)CCN1C(=O)CCCCN,0.33715162,-6.456,0.11258489,0
ZINC000727652345,S=C(NCC1CCC1)NN=Cc1ccoc1,0.50518966,-6.905,0.3987737,0
ZINC000740872261,C=CCCCON=Cc1ccccc1C,0.5186309,-7.238,0.3907799,0
ZINC000829056106,CON(C)C(=O)CN1CCN(C(=O)O)CC1,0.41119123,-5.873,0.31986105,0
ZINC000834479571,N#C[C@@H]1CNC[C@@H]1NC(=O)c1cccc(F)n1,0.56315035,-8.37,0.36128289,0
ZINC000835770798,Cc1nscc1C(=O)O[C@H]1CCOC[C@@H]1C,0.37705523,-6.807,0.15513936,0
ZINC000852533466,FCC[C@H]1CCCN(C/C=C/Cl)C1,0.4724578,-6.416,0.38477272,0
ZINC000853343401,COCCN(C)N=C1CC(CF)(CF)C1,0.36889932,-5.865,0.2369163,0
ZINC000853682602,CC[C@]1(C)CC(=O)N(CCOC(F)F)C1=O,0.43744248,-6.689,0.28702864,0
ZINC000882736958,O=C(OCCF)N1C[C@H]2C[C@@]2(O)C1,0.3090426,-5.919,0.112731606,0
ZINC000901336452,C[C@@H](O)[C@@H]1CCCCN1C(=O)[C@H]1COC(=O)N1,0.48565692,-7.232,0.3260852,0
ZINC001118516334,Cc1nc(SC[C@@H]2C[C@H]3C[C@H]3C2)n[nH]1,0.3772944,-6.863,0.14979121,0
ZINC001118898767,CCOCc1nnc(-c2coc(C(F)F)c2)o1,0.52394885,-7.001,0.42595354,0
ZINC001173936771,O=C1OCc2c1cccc2Nc1ccoc1,0.50508887,-7.79,0.30656683,0
ZINC001211052759,CCOc1ccc(F)c(Nc2cnns2)c1,0.3876668,-7.109,0.14476311,0
ZINC001235081830,c1nc(CN2CC[C@H]3NCC[C@H]32)n[nH]1,0.47015163,-6.426,0.3791648,0
ZINC001239549133,COc1cncc(-c2ccccc2F)n1,0.5177619,-7.571,0.35443884,0
ZINC001338853607,CC[C@H](F)C(=O)N1CCCCC[C@@H]1CC,0.333721,-6.622,0.08853136,0
ZINC001340265404,CCC[C@H]1CNCCN1C(=O)[C@H](C)CC#N,0.7136003,-6.966,0.8052744,0
ZINC000006192179,O=C(Nc1n[nH]c(C(F)(F)F)n1)c1ccco1,0.42155638,-7.344,0.18746403,0
ZINC000020251694,Cc1ccc(C(=O)NCCN)o1,0.38286957,-5.931,0.25772858,0
ZINC000165411383,Clc1nc2nc[nH]c2c(Oc2cccnc2)n1,0.39923763,-7.336,0.14408429,0
ZINC000187534917,Cc1ccc(F)cc1CS[C@H]1CCNC1=O,0.52332634,-7.803,0.34134206,0
ZINC000299461198,CCN(C(=O)CCc1scnc1C)C(C)C,0.46814632,-6.732,0.3433798,0
ZINC000307333330,O=C(O)C(=O)NC[C@@H]1CCCC(=O)N1,0.32636318,-6.755,0.060129073,0
ZINC000307613884,CO[C@@H](C)CN1C[C@H](O)C[C@H](C)C1,0.4484805,-5.958,0.38489085,0
ZINC000309375842,C[C@H](Cc1ccsc1)N[C@@H](CO)CC(F)F,0.32449365,-6.229,0.111110196,0
ZINC000335442611,CCCc1nc(C(=O)N2CC(F)C2)co1,0.49548724,-6.742,0.39650002,0
ZINC000574082296,NCc1noc(CCc2ccccc2Cl)n1,0.6322683,-7.667,0.57128525,0
ZINC000598415942,Cn1nccc1CC(=O)N1CC[C@@](C)(C#N)C1,0.39565748,-7.494,0.12056619,0
ZINC000635324668,C[C@@H](NCCOCC(=O)O)[C@H]1CC1(C)C,0.46392578,-6.659,0.34260857,0
ZINC000754083789,Cc1ccc(CC(=O)N2CCc3ncccc32)o1,0.51392215,-8.346,0.26626146,0
ZINC000775900864,CC(C)[C@H]1CCN1C(=O)C=C1CCC1,0.43098927,-7.208,0.2202887,0
ZINC000806403983,C#C[C@H](C)NC(=O)Nc1cnc2c(c1)CCCC2,0.6079658,-8.348,0.4523455,0
ZINC000810645393,CN1C[C@@H](OC(=O)CCCCC(N)=O)CC1=O,0.34686178,-6.752,0.10104684,0
ZINC000843184861,CC[C@H](N)c1nc(CCC2CCCCC2)no1,0.4832075,-8.263,0.2140474,0
ZINC000861204757,O=C(CC[C@@H]1CCCO1)OCc1cnsc1,0.42919838,-6.785,0.2607174,0
ZINC000885579634,C[C@@H]1CO[C@@H](C(=O)O[C@H]2CCC(C)(C)C2)C1,0.46204016,-7.674,0.23335098,0
ZINC001032234681,CCC(=O)N1C[C@@H]2C[C@H]1CN2[C@H](C)C(=O)NC,0.44497454,-6.754,0.2951914,0
ZINC001154611482,Cn1ccnc1CNc1nnc(Cl)cc1C#N,0.47137,-7.105,0.31098747,0
ZINC001206207123,C#CC(C#C)O[C@@H](CC)C(N)=O,0.29005995,-6.035,0.063068956,0
ZINC001212370716,N#Cc1ccncc1Nc1ccc(CO)nc1,0.4410798,-7.461,0.2139745,0
ZINC001245180360,Nc1cnc(-c2cccc(Cl)c2N)cn1,0.51450133,-7.425,0.36315852,0
ZINC001331616525,CO[C@@H]1CC[C@@H](C(=O)OCc2nncs2)C1,0.37114927,-6.895,0.13429147,0
ZINC001458822035,O=C(COc1ccccc1[N+](=O)[O-])c1ccoc1,0.58545464,-7.814,0.46326908,0
ZINC000006488064,Cc1ccc(NC(=N)NC#N)cc1C,0.58167803,-7.324,0.5067297,0
ZINC000107414150,CCCOCCOC(=O)c1cccc(C)c1,0.47172025,-7.02,0.3205181,0
ZINC000192179818,CCCNC(=O)[C@@H](C)N1CCS[C@@H](C)CC1,0.50551105,-6.99,0.39057344,0
ZINC000302773575,c1cc(CNc2cc(N3CCCC3)ncn2)n[nH]1,0.48071402,-7.336,0.30548164,0
ZINC000306438216,FC1(F)CCN(Cc2cncs2)C1,0.47032797,-5.926,0.43149555,0
ZINC000306560331,C/N=C(/NC)NCc1ccc(F)cc1,0.6194961,-6.512,0.66606176,0
ZINC000308956740,COC1(C[C@@H](C)NCCCCO)CCC1,0.46239662,-5.697,0.43959174,0
ZINC000331175664,CCC[C@H](O)CNC(=O)Cn1cnc(C#N)n1,0.45657584,-6.422,0.35268822,0
ZINC000336328854,CCc1nc(C(=O)N=c2cc(C)n(C)[nH]2)c(C)o1,0.6613735,-8.128,0.5810131,0
ZINC000350441884,CCOCc1nc(-c2sccc2C)no1,0.46107438,-7.037,0.2976622,0
ZINC000402630570,CC[C@H](O)CCNc1nccnc1F,0.43309343,-6.462,0.30201316,0
ZINC000683119350,CO[C@@H]1CN(C(=O)c2ccn(C)n2)C[C@@H]1OC,0.37798327,-6.462,0.19284491,0
ZINC000709275967,CC[C@H](NC)C(=O)N[C@@H]1CC[C@H](SC)C1,0.35276473,-5.99,0.19195978,0
ZINC000721303725,CCC1(CC)CCCN1CCC(C)=O,0.3480234,-6.264,0.15408184,0
ZINC000751904847,C[C@@H]1CCN(C(=S)NC[C@H]2CCCO2)[C@@H]1C,0.5600987,-6.742,0.5244895,0
ZINC000865937583,C#CCCNC(=O)c1nc(C)no1,0.39990473,-6.338,0.24916074,0
ZINC000880085426,CN(CCS(N)(=O)=O)CC1CC2(CCC2)C1,0.5027485,-6.871,0.39747268,0
ZINC000891588904,Nc1ncc(NCC(=O)NC2CC2)nc1Cl,0.59092695,-6.987,0.56008655,0
ZINC001119683568,CNC(=O)CNC(=O)NCC#CCO,0.32772154,-6.389,0.10087031,0
ZINC001142820980,COCC(=O)Nc1cccc2c1COC2,0.48084557,-6.873,0.35387704,0
ZINC001168379401,Cc1ncc(CNc2nc(C)ncc2Cl)cn1,0.4872767,-7.026,0.35071024,0
ZINC001336775219,C[C@@H]1CCC(F)(F)CN1C(=O)c1cc[nH]n1,0.4028439,-7.327,0.15216362,0
ZINC001339182645,O=C1C[C@H](COc2cnc(F)cc2Cl)CN1,0.51814806,-7.366,0.37651616,0
ZINC001355380790,NC(=O)N[C@@H]1C[C@@H]2CC[C@H]1N2,0.39060882,-5.646,0.30268872,0
ZINC001522984925,Cc1ccncc1CC(=O)OCc1cnccn1,0.46668315,-7.931,0.21582982,0
ZINC000003605204,Cc1ccc(C(=O)/C=C(\O)C(=O)O)c(C)c1,0.6868104,-8.226,0.6212128,0
ZINC000037978943,C[C@H](NCCCC#N)c1cccc(Cl)c1,0.59656024,-7.47,0.52103144,0
ZINC000042819899,CC[C@H](CC#N)NC[C@@H]1CCCCO1,0.36349934,-6.432,0.16727245,0
ZINC000083390231,COc1ccc(N[C@H]2CCC[C@@H]2C)cc1F,0.5121596,-7.553,0.34521252,0
ZINC000097989394,COC(=O)[C@H]1CN(CC2CCC2)CCO1,0.37295374,-6.545,0.17425296,0
ZINC000107114912,C[C@H](N)CN1CC(O)C1,0.35698324,-4.512,0.35397345,0
ZINC000226597003,CCCN(CC1CC1)C(=O)C(F)(F)C(F)F,0.30791253,-6.246,0.07649715,0
ZINC000401587649,Cc1ccc(/C=C/C(=O)N2C[C@H](C)C[C@H](O)C2)o1,0.6004756,-8.47,0.4248246,0
ZINC000592996782,O=C(O)C[S@@](=O)Cc1cc2n(n1)CCCC2,0.40001065,-7.143,0.16568044,0
ZINC000640946771,c1c(-c2cccnc2)nnn1CC1CCC1,0.46256644,-7.938,0.20694725,0
ZINC000641250261,CNS(=O)(=O)C[C@H]1COc2ccccc2O1,0.45285878,-7.021,0.28305125,0
ZINC000651471381,C[C@@H](CCO)N(C)c1cncc(-n2cncn2)n1,0.48883584,-6.815,0.37573493,0
ZINC000669573492,C=CCCCNC(=O)N1CCNCC1,0.41789544,-6.203,0.2988337,0
ZINC000675625272,COCCCNC(=O)N[C@H]1CCC(F)(F)C1,0.38608268,-6.808,0.17291796,0
ZINC000800125793,Cc1ccc(C(=O)OCC(=O)C(F)F)cn1,0.42286944,-6.991,0.226764,0
ZINC000839588288,C=C(Cl)CN(C)Cc1cnccc1C,0.57215285,-6.359,0.5881855,0
ZINC000865723601,Cc1ccc(CNCc2cn(C3CC3)cn2)o1,0.6523354,-6.955,0.68505794,0
ZINC000880236630,C=CCN1CC[C@@H](N2CCC[C@H](CF)C2)C1=O,0.48609737,-7.227,0.3274775,0
ZINC000880240033,Cc1nccc(CN2CCC(F)CC2)n1,0.5723058,-6.77,0.5457596,0
ZINC000926748715,C[C@@H]1OC[C@H](NC[C@H](O)[C@@H]2CCCO2)[C@@H]1C,0.38600773,-6.765,0.17723988,0
ZINC001174129751,COc1cc(F)ccc1-n1cc(N)c(C(C)=O)n1,0.5423209,-8.055,0.3527699,0
ZINC001244523985,COc1c(C)ccc(F)c1-c1cccnn1,0.5221197,-8.056,0.31264928,0
ZINC001253587546,C=C[C@@H](O)CNc1cccc(C(=O)OC)c1,0.5699636,-6.917,0.52583736,0
ZINC001595587423,CCC[C@H](CC)Sc1nccnc1C(=O)O,0.38548803,-6.344,0.21997884,0
ZINC000124839603,O=C(c1ccc[nH]1)N1CCN(C2CC2)CC1,0.38332647,-6.735,0.17504743,0
ZINC000388410799,CON=C1C=C(C)CC(C)(C)C1,0.41396368,-6.585,0.25133142,0
ZINC000394055015,O=C(/C=C\c1ccco1)N1CCC[C@H](CO)CC1,0.49700814,-7.928,0.2762128,0
ZINC000401647782,CCCCNC(=O)[C@H](C)N1C[C@H](O)C[C@H](C)C1,0.48638296,-7.407,0.30932993,0
ZINC000408071528,COC(=O)[C@H]1CC[C@@H]1C(=O)NC1CCC1,0.41578984,-7.397,0.17053097,0
ZINC000528486503,CN1CCC[C@H](CNC(=O)c2cccnn2)C1,0.46437535,-7.509,0.25513062,0
ZINC000573862566,N#Cc1ncccc1SC[C@@H]1CCCCO1,0.46140435,-7.15,0.28656805,0
ZINC000635966088,CC(C)C1(NC(=O)[C@H]2C[C@@H](O)C2)CC1,0.3434642,-6.707,0.098994836,0
ZINC000647610299,Cc1noc([C@H](C)N[C@@H]2CO[C@@H](C)C2)n1,0.5997544,-6.439,0.6345445,0
ZINC000652272244,C[C@@H](CC1CC1)NC1(C2CCC2)CC1,0.53469485,-7.211,0.42540812,0
ZINC000705344783,CCC[C@H](CNC(=O)c1ccsn1)C(=O)O,0.37916335,-6.599,0.18093963,0
ZINC000717217907,C[C@@H]1C[C@@H]1[C@H]1C[C@@H]1C(=O)NCc1ccccc1O,0.50564957,-8.689,0.21421494,0
ZINC000717986359,Cc1cc(CN[C@]23C[C@H]2COC3)on1,0.39893788,-6.52,0.22832426,0
ZINC000767043759,CSc1cc(C(=O)O[C@@H](C)C#N)ccc1F,0.39706722,-7.362,0.13708186,0
ZINC000793225052,CC1(C=NNc2ncncc2F)CC1,0.52803725,-6.886,0.44600803,0
ZINC000821161236,CC(=O)O[C@@H](C)C(=O)NCc1ccccc1F,0.45313355,-7.906,0.19158837,0
ZINC000845626981,C=C[C@H](C)ONC(=O)N1CCOC[C@@H](C)C1,0.5180084,-6.999,0.4143939,0
ZINC000866420318,CC(C)[C@H]1CC[C@@H]1N[C@@H]1COC[C@@H]1O,0.630691,-6.779,0.6604798,0
ZINC000928625688,C#CCN(C(=O)c1cc2n(n1)CCC2)C(C)C,0.5564206,-7.315,0.45763275,0
ZINC000935796053,O=C(Nc1cncc(F)c1)[C@@H]1C[C@@H]2O[C@H]1[C@H]1C[C@H]12,0.64384556,-8.052,0.554193,0
ZINC001174329498,Cn1cc(Nc2ccnn2C2CCOCC2)cn1,0.44823647,-7.505,0.22357684,0
ZINC001204599860,CCOC(=O)[C@@H](C)O[C@@H](C[N+](=O)[O-])C1CC1,0.35283527,-6.262,0.16382161,0
ZINC001210027161,Cc1nsc(NC2=CCC(F)(F)CC2)n1,0.45955315,-7.372,0.2598212,0
ZINC001223950602,C=CCC[C@@H](CC)OCn1cncn1,0.4145532,-6.143,0.29845083,0
ZINC001224663804,CC[C@H](C)CO[C@H](C)c1cncnc1,0.38140762,-6.831,0.16126592,0
ZINC001225650666,COc1ccc(F)cc1O[C@@H]1CCOC[C@@H]1F,0.37424204,-7.344,0.0937386,0
ZINC001239453459,CNC(=S)N1C[C@H]2CNC[C@@H]21,0.4185528,-4.854,0.44038182,0
ZINC001253610142,C=C[C@@H](O)CN[C@H](C=C)c1ccccc1,0.44638097,-7.232,0.24828313,0
ZINC001334332680,C[C@H](Nc1cccc(CC#N)n1)c1cncs1,0.6374157,-7.799,0.5677587,0
ZINC001506420955,Cn1nccc1-c1cc(F)cc2cccnc21,0.52361023,-8.053,0.31591377,0
ZINC001596963219,CCON(CC)Cc1ccoc1C(=O)O,0.5385927,-5.965,0.56266725,0
ZINC001601794015,O=C(O)[C@@H]1CC[C@@H](NCCC2CSC2)C1,0.5288376,-6.75,0.4617324,0
ZINC000000403246,OC[C@@H](O)c1ccc2ccccc2c1,0.68245167,-8.362,0.59843963,0
ZINC000001702483,N=C(N)N/N=C/N/N=C/c1ccccc1O,0.53328854,-7.018,0.44268724,0
ZINC000118907779,OCC1(CNc2cccnn2)CC1,0.4090361,-6.236,0.27785337,0
ZINC000130763912,CN1CCN(Cc2nc3cc(F)ccc3o2)CC1,0.57044387,-7.391,0.4775104,0
ZINC000151614701,CC1(C)C[C@H]1C(=O)NCCNC(=O)C1CC1,0.36773703,-6.977,0.11900717,0
ZINC000223683587,CO[C@H](C)CNC(=O)[C@@H]1C[C@@H]1C(=O)O,0.48258737,-5.63,0.4865533,0
ZINC000307213868,C=CCNc1cccc(C(C)(F)F)c1,0.5507657,-7.238,0.45443606,0
ZINC000309586456,C[C@@](CO)(NCc1nc(C#N)cs1)C1CC1,0.43629754,-6.356,0.31938028,0
ZINC000335323784,O=C(Cc1cc[nH]n1)N1CCCC12CCC2,0.47468653,-7.598,0.26630348,0
ZINC000414834443,CNCCNCc1cc(C(F)(F)F)n[nH]1,0.40099862,-5.835,0.303621,0
ZINC000449855367,O=C(CC1(O)CCC1)Nc1ccnc2ccnn21,0.5019444,-7.609,0.31915528,0
ZINC000494684616,CCOc1cccc(CN2C[C@@H](O)C3(CC3)C2)n1,0.59960705,-7.541,0.5196855,0
ZINC000664306966,CCc1cc(N(CCF)CCOC)nc(C)n1,0.3907182,-6.221,0.24312672,0
ZINC000700610082,C#C[C@@H]1CCCN(C(=O)Cn2cccnc2=O)C1,0.5327378,-8.168,0.32203883,0
ZINC000799618994,Cc1nnnn1C[C@H](O)c1ccc(F)cn1,0.3847539,-7.548,0.09335325,0
ZINC000802223835,N#C[C@H](OC(=O)CO)C1CCCCC1,0.34574386,-6.681,0.1062137,0
ZINC000820839893,CC[C@](C)(O)C(=O)N1CC2(C1)CCOC2,0.34379637,-6.931,0.07636516,0
ZINC000828238122,C#CCN(C)c1nnc(-c2cc[nH]n2)n1C,0.47267312,-7.133,0.3106578,0
ZINC000832070586,C[C@H]1CN(C(=O)Nc2cccnc2F)C[C@H]1O,0.50149167,-7.426,0.33728367,0
ZINC000852651120,C[C@H](NCCC1OCCO1)C1CCC(F)CC1,0.4413502,-7.356,0.22542623,0
ZINC000852872802,C[C@H](NC(=O)C1=NO[C@@H](CN)C1)c1nc[nH]n1,0.36236703,-7.24,0.08102744,0
ZINC000883677700,C=C[C@@H]1OCC[C@H]1NC(=O)NC[C@H]1C=CCC1,0.5911599,-7.604,0.49640286,0
ZINC000912238288,CC1(Nc2nc(N)nc(Cl)c2N)CC=CC1,0.4684081,-7.13,0.3025211,0
ZINC001046085586,CC(=O)N[C@@]1(C)CCN(Cc2ccon2)C1,0.39798653,-6.961,0.1805921,0
ZINC001200774166,CC(C)NC(=S)N1CC(F)(F)C1,0.28862417,-5.807,0.08392837,0
ZINC001249903062,COc1cc(OC)c(Nc2ncc(C)o2)cn1,0.60773855,-6.422,0.65212786,0
ZINC001633863725,CON=CC(=O)NC(C)(CO)CO,0.32979295,-5.275,0.22078823,0
ZINC000065393619,Cc1nc(C(=O)N[C@@H](C)c2ncn[nH]2)cs1,0.42580333,-6.818,0.25056133,0
ZINC000084000902,COC(=O)/C(C)=C/COc1cccc(Cl)c1,0.4816148,-7.213,0.32005346,0
ZINC000103364530,Cc1ocnc1C(=O)N1[C@@H](C)CCC[C@@H]1C,0.5152237,-7.052,0.40336758,0
ZINC000182142661,CCCC[C@@H](NCCO)c1ccc(OC)cc1,0.58197993,-6.696,0.5726165,0
ZINC000307153427,CC(=O)N1CC[C@@](O)(C(F)(F)F)C1,0.36805305,-6.544,0.16464908,0
ZINC000309547888,C[C@H](NC[C@](C)(O)C(F)(F)F)c1ccoc1,0.41422802,-6.9,0.21910675,0
ZINC000349571789,CC1(CNC(=O)NCC2(C(F)F)CC2)CCC1,0.44621584,-7.447,0.22560397,0
ZINC000349883396,CCc1noc(C[C@H](C)c2cccnc2)n1,0.6456279,-8.364,0.5252872,0
ZINC000351562985,CC(C)(CF)NC(=O)NCCc1ccco1,0.520784,-6.83,0.43746194,0
ZINC000358294125,CCN(CC1CC1)C(=O)N[C@H]1CC[C@@H]1C,0.53191316,-6.731,0.46980006,0
ZINC000365783540,Cc1cc(C(=O)N2CC(C)(C)[C@@H]2C2CC2)cs1,0.44621232,-7.12,0.25959292,0
ZINC000408246823,C[C@@H]1CCCN1C(=O)c1ccc(=O)n(C)n1,0.46138465,-7.492,0.25097373,0
ZINC000409434064,NCCN1CCOC[C@@H]2CCCC[C@H]21,0.40885952,-6.822,0.21658134,0
ZINC000562440067,c1nn[nH]c1CCSc1ccccn1,0.45618728,-6.636,0.32967043,0
ZINC000615593947,CCCC1(C(=O)N2CC[C@](F)(C#N)C2)CC1,0.3831264,-7.214,0.12485289,0
ZINC000618734761,Cc1ccc(C(=O)N2C[C@H]3COC[C@]3(C)C2)nn1,0.43166527,-7.995,0.13980898,0
ZINC000622453997,C[C@H]1CCN1C(=O)NCCCOC1CCCC1,0.42977172,-7.075,0.23170388,0
ZINC000651272021,CCC(C)(C)[C@H](C)NCCCF,0.28677616,-5.231,0.14015025,0
ZINC000731872143,Cc1ccc(CNC(=O)C2=NNC(=O)C2)cn1,0.5404972,-7.681,0.3880394,0
ZINC000775341704,C#C[C@H](NCc1cccc(O)c1)[C@@H]1CCCO1,0.64160526,-8.696,0.482803,0
ZINC000782186486,C[C@H](C1CC1)N(C)CCc1nccs1,0.5237893,-5.502,0.5814778,0
ZINC000835216337,CC[C@H]1CCC[C@@H]1C(=O)OCC(=O)C1CC1,0.42293155,-7.498,0.17417781,0
ZINC000843844964,O=C(Nc1ccon1)[C@@H]1CCCC[C@@H]1C1CC1,0.4271723,-7.902,0.14057736,0
ZINC000852909564,NCC12CC(C1)CN2C(=O)[C@H](O)c1ccccc1,0.45273006,-8.26,0.15398622,0
ZINC000881838611,Cc1occc1CNc1cc(C#N)nc(C)n1,0.49587893,-7.652,0.3026697,0
ZINC000884500367,C[C@@H]1C[C@H]1Nc1ncnc(-c2ccccc2)n1,0.62096363,-8.096,0.5042916,0
ZINC000884878862,O=C(OCCC1CC1)c1cncc2[nH]ccc21,0.5443013,-7.616,0.4023326,0
ZINC000896500531,N#C[C@@H]1CCCN(Cc2cc3cnccc3o2)C1,0.69352394,-8.11,0.6465715,0
ZINC000912142341,C[C@@H]1CCCCN1NC(=O)[C@@H]1CCCOC1,0.41143516,-7.873,0.11241841,0
ZINC000939019063,C[C@H]1C[C@@H]1C(=O)N1CC[C@@H](NC(=O)C(F)F)C1,0.38291338,-7.308,0.11465841,0
ZINC001159798855,C=C[C@@H]1C[C@]1(Nc1cccc(N)n1)C(=O)OCC,0.43553376,-6.803,0.27139586,0
ZINC001169784148,C=C[C@@H](CO)Nc1cccc2cnncc21,0.5339419,-7.624,0.38097996,0
ZINC001240371946,c1ccn(-c2ccc(-c3cncnc3)nn2)c1,0.51292604,-7.869,0.31387848,0
ZINC001342839289,N[C@H]1C[C@@H](NC(=O)[C@H]2C[C@H]2F)C1,0.40493056,-6.047,0.2893697,0
ZINC000035735527,C[C@H](NCCCC(=O)O)[C@@H]1CCCO1,0.370202,-6.066,0.21860027,0
ZINC000043781235,CS(N)(=O)=O,0.18335553,-4.039,0.059207145,0
ZINC000066472045,O=C(CN1CCCCC1)NCC1CCC1,0.422684,-7.185,0.20622787,0
ZINC000077466941,Cc1ncc(COC(=O)C2CCC2)s1,0.3829284,-6.408,0.20825481,0
ZINC000225981563,N#CCCN[C@H]1COCc2ccccc21,0.61633813,-7.236,0.58453697,0
ZINC000228917941,COC[C@@H](CO)NC(=O)c1sccc1Cl,0.3908676,-6.022,0.2641113,0
ZINC000246566865,CSCCN1CCN2CCCC[C@H]2C1,0.4414157,-5.97,0.36964858,0
ZINC000273753657,c1cc(Cc2noc(C3CCC3)n2)ccn1,0.4605618,-8.318,0.16347037,0
ZINC000285218504,CCOc1cc(C=O)ccc1OCCCCF,0.36386076,-6.559,0.15478511,0
ZINC000296560346,C[C@H](N[C@@H]1CCOC1(C)C)c1ncc[nH]1,0.40295494,-6.352,0.25374743,0
ZINC000335023110,CC1=CCCN([C@@H]2CCCNC2=O)C1,0.4193052,-6.864,0.23290682,0
ZINC000340886658,CCCNC(=O)CN1C[C@H](O)C[C@H]1C,0.38585046,-6.439,0.21082029,0
ZINC000561357040,CO[C@H]1C[C@@H](N(C)c2nccc(C(F)F)n2)C1,0.5114403,-6.973,0.40408614,0
ZINC000638923467,O=C(c1cscn1)N1C[C@H]2CC[C@@H](C1)N2,0.47684345,-6.515,0.38316792,0
ZINC000649784746,FC(F)CN1CCC(Cn2cnnc2)CC1,0.6035574,-6.686,0.6163991,0
ZINC000773437386,CC(C)[C@H]1C[C@H]1C(=O)NCc1ncccn1,0.4596733,-7.074,0.29104012,0
ZINC000774155600,O=C(OCCOC1CCC1)C1(F)CCCC1,0.37446856,-6.772,0.15365411,0
ZINC000806380175,Cc1c[nH]ccc1=NC(=O)NCc1cnn(C)n1,0.44623604,-7.104,0.26130328,0
ZINC000814831711,Cc1ccc(NN=Cc2cnn(C)c2Cl)nc1,0.6809837,-8.174,0.6150768,0
ZINC000818217354,CCNc1scnc1C(=O)OCC(=O)O,0.37806132,-5.471,0.2960268,0
ZINC000834361656,C[C@@H]1C[C@@H](CN)CN1C(=O)c1ccc(N)cc1,0.6241416,-8.01,0.51952755,0
ZINC000872696861,Cc1nnc(NC[C@@H]2C[C@@H]3CCC[C@@H]3O2)s1,0.48077264,-7.696,0.26817113,0
ZINC000901495479,CS[C@H]1CC[C@H]1N[C@H](C)C(=O)O,0.39545962,-5.426,0.33516955,0
ZINC000928590199,COC(C)(C)[C@H](C)NC(=O)Cc1cnc(C)o1,0.591748,-6.93,0.5676388,0
ZINC001224110554,C#C[C@H]1CCC[C@H]1OCc1ccnc(SC)n1,0.48017588,-7.552,0.28195968,0
ZINC001262185409,CN(C)CC#CCNC(=O)[C@@H]1CCC[C@H](F)C1,0.3927258,-7.655,0.09802076,0
ZINC001343850681,CCn1cc(COC(=O)[C@@H]2CC[C@@H]3C[C@@H]3C2)cn1,0.428659,-8.035,0.1296953,0
ZINC001595289226,CC[C@H](NCC1(C(F)(F)F)CC1)C(=O)O,0.31834596,-6.398,0.081362486,0
ZINC000001850935,CCC[C@H](O)Cc1ccccc1,0.60146993,-6.684,0.61247194,0
ZINC000081034821,CNC(=O)C1(C(=O)N[C@H]2CCSC2)CC1,0.4539086,-6.804,0.30769077,0
ZINC000275060054,C[C@H]1CN(C(=O)c2ccncn2)CCO1,0.47011662,-6.759,0.34447575,0
ZINC000280425931,c1nc(CN2CCC3(C2)CCOCC3)c[nH]1,0.40077454,-6.954,0.1868426,0
ZINC000282278215,C#C[C@H](NC(=O)C(F)(F)C(F)F)C(C)C,0.3318903,-6.952,0.050597157,0
ZINC000290966895,CCc1c(C(=O)N[C@@H](C)CF)ccn1C,0.4082433,-6.652,0.23303437,0
ZINC000295324832,CCOc1cc(C(=O)NCCC(C)(F)F)on1,0.37862226,-6.889,0.14971858,0
ZINC000300925964,CC[C@@H](O)CN1CCCO[C@H](CC)C1,0.55479187,-5.96,0.5952761,0
ZINC000306540456,Cc1ccoc1C(=O)OC1CC1,0.36889198,-6.337,0.18783128,0
ZINC000307143102,CONC(=O)[C@H]1C[C@]12CCNC2,0.32744598,-6.098,0.13057762,0
ZINC000614396271,C=CC[C@H](CC)NC(=O)CCc1ccon1,0.51175386,-7.039,0.39784575,0
ZINC000637488381,C/C=C/CNC(=O)N1CCc2cccc(F)c21,0.48893586,-8.104,0.24192485,0
ZINC000755640149,Clc1cncc(NN=CC2CCOCC2)n1,0.45274195,-7.107,0.273879,0
ZINC000830788023,CC[C@H](C#N)OC(=O)/C=C\C1CCCC1,0.411647,-7.052,0.19819161,0
ZINC000843778982,Cc1ccc(NC(=O)C2(F)CC2)c2[nH]ncc21,0.62271655,-8.316,0.48489213,0
ZINC000846856722,C[C@H]1CCN(Cc2cnsn2)CC1(C)C,0.45946115,-6.945,0.30403116,0
ZINC000847824900,Cc1cncc(C(=O)OCC[C@@H]2CCN(C)C2)c1,0.5358777,-7.66,0.38107187,0
ZINC000853774672,Cn1ncc(CSCC2(CC#N)CC2)n1,0.43999004,-6.081,0.3552846,0
ZINC000853826136,O=C(Nc1cc(F)ccc1F)N[C@@H]1C=CCC1,0.69652385,-8.161,0.64721197,0
ZINC000896077682,Fc1ccc(NC[C@@H]2C=C[C@H]3C[C@@H]2CO3)nc1,0.5857943,-8.279,0.41559923,0
ZINC001009813030,CCC(=O)N[C@H]1CCN(Cc2ccnn2C)C1,0.5651014,-6.632,0.5458352,0
ZINC001123228412,CO[C@@H]1CCCC[C@@H]1OC(=O)COC1CC1,0.47803515,-6.623,0.3743006,0
ZINC001170763482,CC/C=C/Nc1cnc2ncccc2n1,0.52661365,-7.491,0.38029045,0
ZINC001174791381,C=CNc1c(C)cc(C#N)cc1C(=O)OC,0.71426034,-6.855,0.8181219,0
ZINC000033487594,C[C@H](C(=O)O)C1CCN(Cc2ccccc2)CC1,0.6916412,-8.387,0.6140443,0
ZINC000037474667,C=C(Cl)CN(CC(=O)O)C1CC1,0.29344416,-5.259,0.150448,0
ZINC000042026503,N#CCSCC(=O)NCC#Cc1ccccc1,0.5843971,-8.154,0.42582673,0
ZINC000078026878,CCC[C@H](C)NC(=O)[C@@H](C)c1ccsc1,0.44700432,-6.97,0.27675623,0
ZINC000082564889,O=C(c1ccc2[nH]ccc2c1)N1CC(O)C1,0.47675264,-8.025,0.22600403,0
ZINC000124491632,CN1CCC[C@@H]1CCSc1nnc(N)[nH]1,0.54956096,-6.207,0.55923533,0
ZINC000176403659,C[C@@H](NC(=O)CC[C@@H]1CCOC1)c1ccccc1,0.5051688,-8.607,0.22178747,0
ZINC000301936621,N#Cc1ccc(Oc2ccc3c(c2)CCC3)nn1,0.49728084,-9.194,0.14513591,0
ZINC000306590734,CC(C)N(C)C(=O)Nc1ccsc1,0.38394988,-6.094,0.2429226,0
ZINC000309158196,O=C(O)[C@H](CC1CC1)NC(=O)c1cnc[nH]1,0.30967632,-6.481,0.05555976,0
ZINC000314581019,C[C@H]1CC[C@@H](Nc2ccn(C)c(=O)c2)C1,0.4058325,-7.685,0.12086506,0
ZINC000330452984,OC[C@@H](CC1CCCC1)/N=C(/O)c1ccoc1,0.4307269,-7.056,0.2355713,0
ZINC000394677792,CCC1(NC[C@H](O)C(F)(F)F)CCCC1,0.37535334,-6.418,0.19220963,0
ZINC000585655014,c1cnc(OC[C@@H]2CCCO2)cn1,0.4422719,-5.971,0.37124062,0
ZINC000613342914,Cc1csc([C@H](C)C(=O)N2CC(F)(F)C2)n1,0.40617353,-7.129,0.179344,0
ZINC000630461158,O=C(O)c1cnc(N2C[C@@H](O)C[C@H]2CO)s1,0.41489598,-6.644,0.24704441,0
ZINC000640189628,Cc1cc(N(C)Cc2ccccn2)n[nH]1,0.56356657,-6.591,0.5470574,0
ZINC000648945514,C=CC[C@@H](C)NC(=O)[C@@H]1C[C@H]1CC,0.49785444,-6.404,0.4363287,0
ZINC000649942969,O[C@H](COC[C@H]1CCCO1)CN1CC[C@@H](F)C1,0.34825134,-6.363,0.14424103,0
ZINC000657007451,C[C@@H]1[C@H](O)CCN1S(=O)(=O)CCCCF,0.3277393,-6.457,0.093836024,0
ZINC000713179897,C=CC[C@@H](C)NC(=O)[C@]12C[C@H]1C[C@H](N)C2,0.39094895,-7.541,0.106352806,0
ZINC000751802180,CC1(C)C[C@H]1C(=O)OCCCCC#N,0.32379174,-6.033,0.13009652,0
ZINC000821358299,C[C@@H](O)CNC(=O)CC[C@H]1CC1(Cl)Cl,0.3401008,-6.67,0.09617891,0
ZINC000822640929,O=C(Cn1ncc2cccnc21)NCCF,0.4241444,-6.867,0.24218096,0
ZINC000889598598,CC1(OCC(=O)N[C@@H]2C[C@@H]3CCC[C@@H]23)CCC1,0.5473965,-8.158,0.35211608,0
ZINC000908520862,CCN(CC)c1nnc(-c2ncon2)n1C,0.5306407,-6.252,0.5170777,0
ZINC000052725119,C[C@H](C#N)CN(C)Cc1ccnc(N)c1,0.48588216,-6.489,0.40377587,0
ZINC000074881313,N#Cc1cccc(C(=O)N2CCCOC2)c1,0.47992942,-8.169,0.21732631,0
ZINC000079407192,CCN(C(=O)[C@H](C)N)[C@H]1CCN(C)C1,0.4104613,-5.598,0.34700495,0
ZINC000135221369,Cc1cc(F)c(C(=O)NCC#N)cc1F,0.4880697,-7.701,0.28210613,0
ZINC000292316069,Cc1c(CC(=O)NCC2(C)CCC2)cnn1C,0.41189745,-8.502,0.04794149,0
ZINC000308357596,C=CC[C@H](CO)CN[C@@H]1CCOC1,0.3552455,-5.813,0.2152754,0
ZINC000335960932,C[C@@H]1[C@@H](C)CN1C(=O)C(C)(C)C,0.5600335,-6.184,0.58237165,0
ZINC000362334369,CCc1occc1C(=O)Nc1ccccc1OC,0.47656888,-7.82,0.24695247,0
ZINC000452382716,C[C@@H]1[C@@H](C(=O)N2CC[C@H](F)C2)C1(F)F,0.33351994,-6.931,0.056008495,0
ZINC000628090546,COC1CC(C(=O)NC[C@@]2(C)CC2(F)F)C1,0.38788942,-7.479,0.10673784,0
ZINC000642873056,CC(C)(O)[C@H]1CCN(CC2CC2)C1,0.36614326,-6.733,0.14121696,0
ZINC000658350851,CC(C)[C@@H](N[C@H]1C[C@H](O)C1)C1CC1,0.3645925,-6.443,0.16829434,0
ZINC000681281895,CCn1nccc1C(=O)N1CCOC[C@@H]1C1CC1,0.42660728,-7.202,0.21223216,0
ZINC000711105337,C[C@H]1COC[C@@H]1Nc1c(F)cc(C#N)cc1F,0.3975135,-7.788,0.09367772,0
ZINC000761097877,Cn1ccnc1CN1CC[C@H]2C[C@H]21,0.48551738,-6.074,0.44619787,0
ZINC000807662367,O=C(Nc1ncc(C2CC2)[nH]1)C1=NNC(=O)C1,0.4582225,-7.887,0.20364441,0
ZINC000814095850,Cc1ncoc1COC(=O)CCCCC(N)=O,0.4486727,-6.597,0.31883928,0
ZINC000858369724,C#C[C@@H](C)NC(=O)N[C@H]1CC=C(C(=O)OC)C1,0.5734393,-7.705,0.45079964,0
ZINC000884429097,C[C@@H]1COCC1=NN=c1cc[nH]c2ccccc21,0.6741282,-8.498,0.5678127,0
ZINC001175496184,Fc1cnc(Nc2cncs2)s1,0.39637616,-5.588,0.32014316,0
ZINC001211025821,Cn1nncc1Nc1ccncn1,0.32952115,-6.115,0.13292098,0
ZINC001240515894,O=c1occcc1-c1cnn(CC2CC2)c1,0.48530763,-7.635,0.28349626,0
ZINC001241003469,Oc1ccccc1-c1cc2nccnc2cn1,0.6782661,-8.408,0.5853662,0
ZINC001308953794,Fc1nccc(Cl)c1CNC1CSC1,0.6713171,-6.486,0.7714175,0
ZINC000008325192,CCOc1cccc(CNC2CC2)c1,0.64486474,-6.626,0.70446295,0
ZINC000077210566,Cc1nnc(NCc2ccc(F)cc2)s1,0.6375175,-7.549,0.593951,0
ZINC000111193118,CCc1nnc([C@@H](C)N(C)Cc2ccc(C)o2)o1,0.6553039,-7.722,0.6111986,0
ZINC000129270360,CC[C@@H]1CCC[C@@H](NC(=O)CCSC)C1,0.44790128,-6.849,0.29111254,0
ZINC000226643597,CCC(C)(CC)NS(=O)(=O)CC,0.345002,-5.601,0.21702406,0
ZINC000229520980,COCCc1ccccc1N[C@H](C)C(=O)O,0.5471525,-6.765,0.49645314,0
ZINC000231039570,Cc1ccnc(NCCc2ccnn2C)c1,0.58896434,-7.48,0.50494504,0
ZINC000254926887,C#CCN(CC#C)C/C=C\c1ccccc1,0.67917645,-8.392,0.58883286,0
ZINC000307939734,C/C=C\C(=O)NC[C@H]1CCSC1,0.44104284,-6.018,0.36391973,0
ZINC000338635344,CC(C)(O)CC(=O)NC[C@@](C)(O)CO,0.33092332,-5.903,0.15773872,0
ZINC000381323164,C#CCCN=c1nc(C(=O)OC)cc(C)[nH]1,0.443013,-6.978,0.26801807,0
ZINC000647912415,c1cc(CN[C@@H]2CCO[C@H](C3CC3)C2)no1,0.6015821,-7.07,0.57256454,0
ZINC000664013416,Cc1ccc(NC[C@@H]2C[C@H](C)O[C@H]2C)nn1,0.56850064,-7.93,0.41762504,0
ZINC000665113343,C=CCNC(=O)[C@](C)(O)C=C,0.33416054,-5.574,0.19835511,0
ZINC000682368476,CC[C@@H](C)N(C)Cc1cncc(C)c1,0.54543424,-6.67,0.5029259,0
ZINC000770683011,CO[C@H](C)COC(=O)[C@H]1CC(=O)N(C)C1,0.384341,-6.431,0.20866188,0
ZINC000834961162,FC1(F)C[C@H]1C=NNC1CCOCC1,0.38097668,-6.749,0.16893727,0
ZINC000877882720,C[C@@H](O)c1nnnn1CC1CCC2(CC2)CC1,0.45547035,-8.114,0.17459309,0
ZINC000900607295,CC[C@H]1C(=O)NCCN1C(=O)Cc1cnc[nH]1,0.3561726,-6.899,0.104208186,0
ZINC000900649873,CNC(=O)NCc1cn(CCOC(F)F)nn1,0.29344094,-6.36,0.035978463,0
ZINC001240467720,Fc1cc2cc[nH]c2c(C2=CCNCC2)c1,0.6512768,-7.901,0.584612,0
ZINC001240833321,C=C(C)c1nccc2scnc21,0.4598923,-6.134,0.38919914,0
ZINC001323908282,Cc1nc(SCc2scnc2C)n[nH]1,0.41414392,-5.949,0.31780887,0
ZINC000038434220,COC(=O)c1cc2c([nH]1)CCCC2,0.42313743,-7.234,0.20203188,0
ZINC000187640571,O=C(/C=C/c1ccc[nH]1)NO[C@@H]1CCCCO1,0.44876862,-7.62,0.21267523,0
ZINC000207891274,CON(C)C(=O)C[C@H]1CCC(=O)N1,0.30601624,-5.818,0.11723687,0
ZINC000224138810,c1ccn2nc(NCC[C@@H]3CCCCO3)nc2c1,0.502532,-7.913,0.2887145,0
ZINC000226615788,CCCC1(CNCc2cc(F)ccc2O)CC1,0.47414783,-7.301,0.2961133,0
ZINC000227635391,CCN(CCc1cnn(C)c1)C[C@@H](C)C#N,0.5577319,-6.176,0.57864416,0
ZINC000293511703,CCN(CCCO)C(=O)c1cnn(CC)n1,0.30979636,-5.758,0.13096274,0
ZINC000306277968,CC#CC(=O)NCc1csc(C)n1,0.34815973,-6.416,0.13854948,0
ZINC000308248399,CC[C@@H](OC)c1nc(COC)no1,0.45092303,-5.566,0.43048272,0
ZINC000421011953,COc1ccnc(CN2C[C@H](O)CC[C@H]2C)c1,0.56466585,-7.298,0.47573322,0
ZINC000580308320,O=C(NCCF)c1cnc(C2CC2)s1,0.36048,-6.047,0.20131719,0
ZINC000595333186,CCN(CCC#N)CC1CC=CC1,0.36234576,-6.364,0.17205678,0
ZINC000657669593,Cc1cc(CNC[C@H]2CCC[C@H](C)O2)nn1C,0.6264321,-7.436,0.58373964,0
ZINC000697573575,O=C(N[C@H]1CCCC[C@@H]1O)C1(C(F)F)CC1,0.3600179,-7.402,0.05953204,0
ZINC000718904199,C#CC(=O)NCc1ccc(OC)c(Cl)c1,0.5161262,-7.436,0.36523372,0
ZINC000772387722,CCc1nc(C(=O)OC[C@@H](C)CO)co1,0.5629578,-6.083,0.59866464,0
ZINC000815162830,C[C@@H]1CN(Cc2ccnc(N(C)C)c2)[C@H]1C,0.6330837,-6.96,0.6464022,0
ZINC000835285767,CCSc1cccnc1C(=O)O[C@H]1C=CCC1,0.5389174,-6.886,0.4675606,0
ZINC000853063258,CC1(F)CN(C[C@H](O)c2ccccn2)C1,0.46309343,-7.207,0.2839881,0
ZINC000877861405,Cc1ccc2c(c1)C(=O)N[C@@H](c1nccs1)N2,0.6449035,-8.569,0.5025398,0
ZINC000901489609,CCCN(CC(=O)O)C(=O)Cn1cncc1C,0.3897854,-6.354,0.22745192,0
ZINC000924147279,CC(C)N(C)Cc1nc(-c2cnsc2)no1,0.5834816,-6.678,0.57746255,0
ZINC000990313373,NC(=O)C(=O)N1CC(NC(=O)c2cn[nH]c2)C1,0.43246168,-6.787,0.26697376,0
ZINC001212741803,OCc1cc(F)cc(N=c2cc[nH]cc2)c1,0.6347164,-7.575,0.58569926,0
ZINC001243067117,Cc1cc(-c2cncn2C)nc(C2CC2)n1,0.59784734,-7.015,0.57088417,0
ZINC001250364295,Cc1cc(Cc2cc(CO)ccc2F)on1,0.521312,-7.596,0.35887218,0
ZINC001346531517,CC(C)(C)SCCNC(=O)[C@@]1(F)CCOC1,0.35607764,-6.649,0.13001081,0
ZINC000008995998,Cc1nnc(NC(=O)CC(C)C)s1,0.40486816,-6.858,0.20493217,0
ZINC000034599359,Cn1ncc(C=O)c1C(F)(F)F,0.42016533,-6.122,0.31175113,0
ZINC000084375824,CC(=O)N1CC(O)(C2CC2)C1,0.29646906,-5.856,0.094374225,0
ZINC000128447528,CC(C)NC(=O)CN(C)CC[C@H](C)O,0.3776109,-5.649,0.27662915,0
ZINC000135266236,CC#CCN[C@@H](C(=O)OC)c1cccnc1,0.53602356,-6.724,0.47867012,0
ZINC000196112537,C[C@H]1NC(=O)N(c2ccc3ccccc3c2)C1=O,0.5739112,-9.371,0.2785322,0
ZINC000308184174,C/C=C/CN[C@H](C)CC(=O)N(C)C,0.51311034,-5.593,0.55086315,0
ZINC000315971070,Cc1cnccc1NC[C@H](O)C1CCC1,0.64309835,-7.162,0.64523983,0
ZINC000380845127,N#Cc1ccc(=O)n(CCSC(F)(F)F)c1,0.37639537,-6.963,0.13761401,0
ZINC000452321004,O=C(NC(CF)CF)c1cc(F)ccc1O,0.39276445,-7.133,0.15236597,0
ZINC000669513567,CC1CC(NC(=O)NC/C=C/CN)C1,0.44211873,-6.575,0.30814368,0
ZINC000711787006,C[C@]1(O)CCCN(CCOC2CC2)C1,0.39417815,-6.194,0.2527876,0
ZINC000822712104,CCOC(=O)[C@@H](C)NC(=O)c1ccsc1C,0.44492328,-6.448,0.32690248,0
ZINC000000330973,CCn1cc([N+](=O)[O-])cc(Br)c1=O,0.38056335,-6.196,0.22560999,0
ZINC000002003478,C[C@H](c1ccccc1)[N+](C)(C)C,0.5615056,-6.266,0.57676274,0
ZINC000039115660,CC[C@@H]1CC[C@@H](C(=O)OC)N1,0.52523845,-5.514,0.5831009,0
ZINC000061714950,COc1cc2nc(C)n(O)c(=O)c2cc1OC,0.46735257,-7.546,0.25718158,0
ZINC000082680802,C[C@@H](NC[C@H](O)C(F)(F)F)c1cccs1,0.38664323,-6.645,0.1909743,0
ZINC000085262381,CCCOc1ccc(N(C)C(N)=O)cc1,0.3993567,-6.886,0.19110344,0
ZINC000086441226,COC(CN(C)CCc1cccs1)OC,0.5109226,-5.571,0.5488167,0
ZINC000104817919,C[C@H]1CCC[C@@H]1NC(=O)NCCc1ccco1,0.5303441,-7.83,0.35243666,0
ZINC000269871923,O=C(NCCC1=CCCC1)[C@@H](O)c1cccnc1,0.5499626,-8.536,0.31790125,0
ZINC000335217397,Cc1cc(=NC(=O)C[C@@H]2C[C@H]2C)[nH]nc1C,0.4925335,-8.077,0.25185847,0
ZINC000493040347,CC1=C[C@@H](C)CN(C(=O)/C=C/c2cnccn2)C1,0.4818854,-8.101,0.22827041,0
ZINC000629041979,C/C=C\CNC(=O)c1c(C)noc1C,0.44232628,-6.561,0.31001028,0
ZINC000634359335,CC1(F)CCN(C(=O)[C@H]2CCSC2)CC1,0.34328952,-6.587,0.11112439,0
ZINC000656858724,C[C@@H]1CCCN(S(=O)(=O)c2ccncc2)C1,0.4551162,-7.757,0.2110063,0
ZINC000724613977,O=C(NC[C@H]1C[C@@H]2COC[C@@H]2O1)c1ccco1,0.4953675,-7.467,0.3208897,0
ZINC000853455936,C[C@@H](O)C[C@@H]1CCCN1c1cnc(F)cn1,0.3826393,-7.012,0.14488849,0
ZINC000873343074,CC(C)SCC(=O)OCc1ccc(C#N)o1,0.42276627,-6.68,0.2588921,0
ZINC000892589967,O=C(NC/C=C/Cl)NC1CCSCC1,0.49304405,-6.189,0.44915178,0
ZINC001180119176,C=C(F)C(=O)NCc1ccc(O)c(OCC)c1,0.4785658,-7.588,0.27502757,0
ZINC001212838176,Cc1c(F)nccc1Nc1ccn(C)n1,0.48363632,-7.312,0.3137656,0
ZINC001241907695,COc1ncc(-c2cnn(C3CC3)c2)cn1,0.39545015,-6.747,0.19781582,0
ZINC001459035238,Cc1occc1SCC(=O)Nc1ccccn1,0.54416615,-7.499,0.41422862,0
ZINC000033414666,CN1CCC(c2nnc(N)o2)CC1,0.704731,-6.434,0.8430135,0
ZINC000069948056,O=S(=O)(NCC1CCCCC1)c1c[nH]cn1,0.4132504,-7.209,0.18504557,0
ZINC000110895408,CN(C)CCCN(C)c1ccc(C#N)cn1,0.59917986,-6.657,0.61074257,0
ZINC000165827126,CC1(OCC(=O)N2CCSCC2)CNC1,0.3279802,-5.9,0.15222052,0
ZINC000194561080,COC(Cn1cc([N+](=O)[O-])c(C2CC2)n1)OC,0.39659217,-6.236,0.2532031,0
ZINC000269277148,Cc1[nH]cnc1CNC(=O)C1(N)CCCCC1,0.4154869,-7.664,0.14217281,0
ZINC000285831145,CC[C@@H](C)CCC(=O)NCCc1ccc[nH]1,0.46256527,-6.918,0.31298712,0
ZINC000301450120,CN(c1ncnc2[nH]ncc21)C1CCC1,0.5799169,-6.893,0.54804915,0
ZINC000334292850,CN(Cc1ncc(Cl)s1)c1ccn(C)n1,0.44733733,-6.268,0.35039783,0
ZINC000344384413,CN(CC(C)(C)C)C(=O)CN1CCOCC1=O,0.41023508,-6.853,0.21608333,0
ZINC000462368860,C=Cc1ccc(CCNC(=O)C[C@@H]2C[C@@H]2C)cc1,0.57613736,-8.668,0.35602808,0
ZINC000593872879,CCCOCC(=O)N1C[C@@H]2C[C@H]1C[S@]2=O,0.36152026,-6.137,0.19402112,0
ZINC000618707101,Cn1nncc1C(=O)N1C[C@@H]2COC[C@]2(C)C1,0.48269036,-7.585,0.28350985,0
ZINC000647643256,COc1ncncc1CN=c1nc(C2CC2)[nH]o1,0.5000997,-7.406,0.33660552,0
ZINC000847799230,CN1CC[C@@H](COC(=O)C(F)=C2CCC2)C1=O,0.5025454,-7.746,0.3061028,0
ZINC000858911232,CCC1CCC(NC(=O)OCCF)CC1,0.49432755,-6.895,0.37829643,0
ZINC000863486609,CC(C)ON=C(N)c1ccncn1,0.48754442,-6.222,0.4348267,0
ZINC000884244492,C[C@H]1CN(C(=O)c2ccc(C#N)[nH]2)[C@@H](C)CN1,0.44028783,-7.443,0.214277,0
ZINC000901573607,N#Cc1ncccc1SCCNC(=O)C1CC1,0.52140546,-6.964,0.42476195,0
ZINC000920465017,C[C@@H]1CCN1C(=O)c1cc2c(cccc2F)s1,0.5495393,-8.205,0.3514746,0
ZINC001195092743,CC[C@@H](C)OC(=O)N1CCC(C)(F)CC1,0.36897457,-6.821,0.13767684,0
ZINC001224261488,C=C[C@H](CC)OCc1cc(C(=O)OCC)no1,0.36582536,-6.641,0.15015182,0
ZINC001326307498,O=C(CO[C@@H]1CCOC1)OCC1CCC1,0.48612767,-6.402,0.41330695,0
ZINC001442574096,Cn1nccc1NC(=O)C1(C(=O)C2CC2)CC1,0.40237463,-7.245,0.15975901,0
ZINC000004832026,O=C(O)c1cc(NC(=O)C2CC2)cc(C(=O)O)c1,0.43314427,-7.707,0.17268004,0
ZINC000005924786,CC[C@H](C)COC(=O)c1ccccc1O,0.5668825,-7.355,0.47419825,0
ZINC000272506461,CC(C)c1nccn1C[C@@H]1CCOCO1,0.5420483,-6.679,0.4952829,0
ZINC000308244236,CCCN(C)C(=O)CCCC(C)=O,0.33774135,-5.226,0.24162751,0
ZINC000334583525,O=C(N[C@H]1CCC[C@H]1F)c1ncccc1O,0.40301296,-7.706,0.113096595,0
ZINC000566413868,CCCNC(=O)CCCN(C)Cc1nc[nH]n1,0.43061218,-6.17,0.32745516,0
ZINC000599643700,CN(CCC(=O)NC(N)=O)[C@H]1C[C@@H](C(N)=O)C1,0.46123707,-6.859,0.3164899,0
ZINC000601329659,COC(=O)c1cccc(CN2C[C@H](N)C[C@H]2C)c1,0.5081423,-7.827,0.3087688,0
ZINC000606897482,C=CCCN(C)C[C@H]1CCCOC1,0.54070824,-6.055,0.55750126,0
ZINC000654986791,C=C(C)CN(C)C(=O)[C@@H]1CC[C@H]1C(N)=O,0.34309995,-6.726,0.09629802,0
ZINC000824269149,CC(C)COC(=O)[C@H]1CC[C@@H](NC(=O)O)C1,0.3696618,-7.564,0.061793763,0
ZINC000835485321,N#CCCCCCC(=O)OCC1CC(F)(F)C1,0.374719,-7.386,0.09031698,0
ZINC000846549921,C=C[C@H](C)ONC(=O)CS(=O)(=O)CC,0.54470855,-6.09,0.5617868,0
ZINC000865227467,CCCCCNC(=S)NCc1cc(C)on1,0.39127687,-6.206,0.24579287,0
ZINC000910447382,C/C=C/[C@@H](O)C(=O)N[C@@H]1CCCC[C@H]1F,0.3664913,-7.488,0.0634144,0
ZINC000932397702,C[C@@H](CF)NC(=O)Nc1cnn(C)c1Cl,0.6320875,-6.495,0.6927717,0
ZINC001139593844,CCOc1ccc(CN2CCCO2)cc1Cl,0.66861296,-7.462,0.6645931,0
ZINC001320420849,Cc1csc(C(=O)N2CC[C@H](C)[C@H](C)C2)n1,0.4741643,-7.364,0.28959632,0
ZINC001336972291,CCc1ccc(NCCC(=O)NC(C)C)nc1,0.38988283,-6.921,0.16869792,0
ZINC001543448303,O=C(NCCC[C@H]1CCOC1)[C@H]1C[C@@H]1C(F)F,0.36474946,-7.396,0.06952857,0
ZINC000046774807,C[C@H]1COCCN1Cc1cccc(F)c1,0.5378583,-7.572,0.394144,0
ZINC000053131945,CCCN[C@H](C)Cc1cccnc1,0.4101297,-6.189,0.28490594,0
ZINC000080488050,Cc1ncoc1C(=O)N(C)Cc1ccccc1C,0.57221156,-7.769,0.44171408,0
ZINC000124300583,C=CCOCc1c(C(=O)O)cnn1C,0.4179195,-5.966,0.32352057,0
ZINC000181074424,COC1(CNC(=O)NCc2ccoc2)CCC1,0.48735937,-7.412,0.31074432,0
ZINC000261692612,O=C(O)[C@@H]1CCN(C(=O)[C@H]2CC23CCCC3)C1,0.4152896,-8.078,0.098741375,0
ZINC000273947440,C=CCNC(=O)NC1Cc2ccccc2C1,0.69462883,-7.744,0.6868106,0
ZINC000340447832,C[C@@H](N[C@@H](C)c1ccnc(O)c1)c1ccco1,0.5960274,-7.77,0.488787,0
ZINC000347928279,Cc1cc(C(=O)NCCn2cncn2)nc(C)n1,0.5222438,-7.388,0.38234228,0
ZINC000349719951,CC(=O)NCCNC(=O)NCC1(O)CCC1,0.31511196,-6.658,0.04792583,0
ZINC000517273947,N#CC1(CNC(=O)CCc2ccccn2)CC1,0.4984312,-8.02,0.26946718,0
ZINC000625226994,CO[C@H]1CCCN(C(=O)c2c(C)cccc2O)C1,0.65316504,-8.132,0.564337,0
ZINC000668719722,C[C@H]1C[C@@H]1CN1CCC2(COC2)C1,0.35453346,-6.384,0.1545021,0
ZINC000714962834,CO[C@@H]1CCC[C@H]1NCc1cccnc1O,0.47886577,-7.098,0.3265636,0
ZINC000815184550,CCN(Cc1nonc1C)[C@@H](C)CO,0.4707737,-6.115,0.4127295,0
ZINC000825850884,C[C@@H]1C[C@H]1C(=O)N1CCN(C(=O)O)C[C@H]1C#N,0.36206493,-7.509,0.052462973,0
ZINC000827493215,C/C=C\CNC(=O)[C@@H]1CN(C(C)=O)CCO1,0.35727477,-7.132,0.08216814,0
ZINC000835963374,CC[C@@](C)(COC(=O)c1c(C)coc1C)OC,0.39163476,-6.441,0.22207053,0
ZINC000856112411,C#C[C@H](NC(=O)c1c[nH]cc1C)C1CCOCC1,0.57991385,-8.54,0.37681618,0
ZINC000930738649,CCOC(=O)/C=C\CN1CCC[C@H](CO)[C@H]1C,0.4829895,-6.665,0.37974826,0
ZINC001212855025,N#C[C@H]1CC=C(Nc2cncnc2)CC1,0.50840336,-7.419,0.35170275,0
ZINC001222386811,C=CCn1cc(-c2cccc3nccnc32)cn1,0.52815217,-8.01,0.32938132,0
ZINC001223206458,CCC[C@@H](C)OCc1ccncn1,0.38167864,-6.277,0.21939828,0
ZINC000019074911,CCNC(=O)Nc1ccc(F)c(F)c1F,0.5555137,-7.327,0.45458868,0
ZINC000020442008,COc1ccccc1-c1ccc(C(=O)O)cn1,0.60810864,-7.883,0.5009711,0
ZINC000037475342,COC(=O)c1c(N)cc(F)cc1F,0.43122295,-6.493,0.29508504,0
ZINC000080821438,Cc1cnn(CC(=O)N(C)CC(C)(C)O)c1,0.41782942,-6.136,0.30566844,0
ZINC000129893815,C[C@H]1CCC[C@@H](C(=O)OCc2cncs2)C1,0.42207584,-7.267,0.19649817,0
ZINC000131543377,CCn1nccc1C(=O)NC[C@H](C)C[C@@H](C)O,0.5579716,-7.034,0.48991874,0
ZINC000173775406,Cc1nc(CSCCOCC2CC2)no1,0.28568932,-5.677,0.09162989,0
ZINC000236865171,CCCc1cc(C(=O)NC[C@@H](C)CN)[nH]n1,0.40065065,-6.846,0.19782518,0
ZINC000261530461,CN[C@@H](C)CNc1ccncc1Br,0.68785155,-5.595,0.8968017,0
ZINC000287562824,CC[C@H](NCCn1cnc(C#N)n1)C1CC1,0.5251647,-6.685,0.46121433,0
ZINC000307599366,O[C@@H]1CCCN(Cc2ccoc2)CC1,0.4712945,-6.659,0.35720533,0
ZINC000308221299,Cc1ccncc1[C@H](C)NCCF,0.5011883,-6.159,0.46840364,0
ZINC000334561114,C[C@@H]1[C@@H](C)CCN1CCc1cncs1,0.5892462,-6.382,0.6196547,0
ZINC000335343864,Cn1ccc(CC(=O)N2C[C@@H]3C[C@H]2CS3)n1,0.37479645,-6.641,0.16792277,0
ZINC000335798315,N#Cc1ccncc1N[C@H]1CCCC(F)(F)C1,0.44577152,-8.185,0.14799918,0
ZINC000336052016,CC[C@@]1(C)COCCN1C(=O)[C@H](C)O,0.29688585,-6.13,0.06671396,0
ZINC000375423217,N#CCN1CC[C@@H](c2nc(C3CC3)no2)C1,0.57688606,-7.598,0.4687515,0
ZINC000379413860,C[C@@H]1C[C@H]1C(=O)NCCC(C)(C)C,0.44885617,-6.558,0.3232573,0
ZINC000388211636,CCC[C@@H](CC)S[C@H]1CCOC1=O,0.37392914,-5.797,0.2539494,0
ZINC000397440514,CCNC(=O)N1C[C@H](CN)[C@@H](C)C[C@@H]1C,0.52635324,-6.703,0.46169728,0
ZINC000493755138,CCO/C=C\C(=O)N[C@]1(CO)CCOC1,0.44479108,-5.935,0.37997362,0
ZINC000591157928,N#Cc1cnc(NC[C@H]2CCCC(=O)N2)c(F)c1,0.49564487,-8.936,0.16871762,0
ZINC000602400220,Cc1ccc(CNC(=O)N2CCO[C@H](C#N)C2)o1,0.41027364,-7.822,0.115419656,0
ZINC000642384972,C[C@@H]1C[C@H]1CNC(=O)Cn1cccn1,0.34042567,-6.621,0.10191663,0
ZINC000645260492,CC[C@@H](O)CN=c1[nH]ccc2cc(F)ccc21,0.6276029,-7.699,0.55871665,0
ZINC000839025252,C[C@@H]1CN(C[C@@H](O)C2CC2)[C@H]1C,0.48166865,-6.085,0.43743026,0
ZINC000843681742,C#CC[C@H]1CCCN(C(=O)c2cccc(F)c2)C1,0.54803175,-9.085,0.2570008,0
ZINC000845939626,C=CC[C@@H]1CC[C@H](N[C@@H](C)CCSC)C1,0.49245906,-6.639,0.40120962,0
ZINC000931022040,CCc1ncc(CN[C@H]2C[C@@H](O)C23CCC3)o1,0.4887492,-7.107,0.3452061,0
ZINC001161813662,O=[N+]([O-])c1cnc2ccc(NCC(F)F)cn21,0.42328572,-7.18,0.20793962,0
ZINC001237964023,Cc1sccc1CN1CCC1,0.65896696,-5.396,0.8602725,0
ZINC001520878154,C#C[C@@H](CC)NC(=O)N1CC(F)(F)CC[C@@H]1C,0.44559312,-7.951,0.17197314,0
ZINC001527033256,O=C(OCCc1ccncc1)[C@H]1C[C@@H]1F,0.36304936,-7.138,0.09298326,0
ZINC001540290681,Cc1nccnc1NC(=O)c1cccnc1F,0.48375157,-7.724,0.27116114,0
ZINC000001238586,CC(=O)OCc1cnnn1-c1nonc1N,0.44495326,-6.769,0.2935898,0
ZINC000042936787,O=C(CCc1ccco1)NCc1ccsc1,0.57657367,-7.563,0.4717713,0
ZINC000052809167,CC[C@H]1CCCN1C(=O)[C@H](N)CCOC,0.3333592,-6.135,0.1384446,0
ZINC000075614047,CCCCCC(=O)Nc1ccnn1CCCC,0.48568648,-6.622,0.38956115,0
ZINC000086194144,CN(CCC#N)Cc1cccc(O)c1,0.697646,-6.851,0.7856263,0
ZINC000125030049,C[C@H](CN)C(=O)NCCc1ncc[nH]1,0.3274759,-6.217,0.118265346,0
ZINC000214478425,Cc1nccnc1N[C@@H]1CCC[C@@H](C)C1,0.4711889,-7.309,0.28942028,0
ZINC000217596493,O=C(NO)c1ccnc2c(F)cccc12,0.5193081,-7.79,0.33473384,0
ZINC000225775962,CCc1ccc(N2C(=O)[C@H](N)[C@@H]2C)cc1,0.63144326,-8.179,0.5164219,0
ZINC000292701916,CC[C@H](Sc1nc(C)c(C)[nH]1)C(=O)OC,0.45216876,-6.265,0.36028036,0
ZINC000306731234,CCc1noc([C@H]2C[C@@H](F)CN2)n1,0.511961,-6.862,0.41665745,0
ZINC000331057776,CS[C@H](C)CC(=O)NCc1nnnn1C,0.2946866,-6.091,0.066412,0
ZINC000393412482,Cc1ccccc1CNCc1nn(C)cc1Cl,0.6902136,-7.733,0.67920804,0
ZINC000493595629,Cc1ccc(/C=C\C(=O)N[C@H]2C[C@@H](C(=O)O)C2)o1,0.57102835,-7.712,0.44529608,0
ZINC000615587731,N#C[C@@]1(F)CCN(C(=O)c2ccc[nH]2)C1,0.3920219,-6.835,0.181876,0
ZINC000649172102,C[C@H](O)C(=O)N[C@@H]1CCS[C@@H]1C,0.5386302,-6.135,0.5450678,0
ZINC000742786401,C/C=C\C(=O)NC[C@@H](C)Sc1ccccc1,0.50656736,-7.542,0.3352784,0
ZINC000829243486,COCCSC[C@@]1(C)CC1(Cl)Cl,0.4782099,-5.309,0.5112541,0
ZINC000849682379,CC(C)=CCCOC(=O)CC[C@@H]1CCCO1,0.4264462,-7.18,0.21420026,0
ZINC000859907706,O=C(OCCN1CCOC1=O)[C@@H]1COC(=O)N1,0.35336986,-6.675,0.12194389,0
ZINC001172480280,C[C@H](CCCC#N)NCCF,0.28121808,-5.219,0.13038778,0
ZINC001205109864,Nc1cccc(F)c1CN1CCC[C@@H](N)CC1,0.59808743,-7.818,0.48787755,0
ZINC001228951521,C#C[C@H](CC(C)C)Oc1ccnc(Cl)n1,0.54594815,-7.373,0.43085796,0
ZINC001229260348,C#CC(C#C)Oc1cc(OC)cc(C(=O)OC)c1,0.48213825,-7.537,0.28740638,0
ZINC001262828413,C[C@@H]1C[C@]2(N=C(c3ccsc3)NO2)[C@@H](C)O1,0.5221573,-6.947,0.42801863,0
ZINC001557137545,Cc1cc(O)nc(NC(=O)Cc2cncs2)c1,0.51981294,-7.048,0.41287443,0
ZINC000070200075,C[C@H]1CN(C(=O)NCCCCC(=O)O)CCO1,0.36021364,-6.594,0.1439218,0
ZINC000079148155,CCO[C@H](C)C(=O)N[C@@H](C)CN1CCCC1=O,0.4340224,-6.474,0.30260578,0
ZINC000120464825,COC(=O)[C@H]1CCCCN1C[C@H](C)CO,0.40052983,-6.101,0.27503824,0
ZINC000286637522,COC(=O)c1cnoc1CN(C)CC[C@H](C)O,0.56089723,-6.417,0.5598592,0
ZINC000300359889,C[C@@H]1C[C@H](NC[C@H](O)c2ccco2)CCO1,0.48380485,-7.094,0.33676335,0
ZINC000308919389,C[C@H](N)CN1CCC[C@@H](CC(N)=O)C1,0.48677832,-6.172,0.4385073,0
ZINC000322881627,CCC[C@H](NC1CCC1)C1CCC1,0.43222728,-6.378,0.30903026,0
ZINC000334067171,CC(C)(C)CCNC(=O)NC[C@H]1CC[C@H](O)C1,0.5562813,-7.488,0.4393713,0
ZINC000336731030,FC(F)C1CCC(NCCC2CC2)CC1,0.61589223,-7.19,0.588436,0
ZINC000342571432,N1=NC(=C2NN=NN2)N=N1,0.41624984,-5.393,0.37978387,0
ZINC000402777282,CCN(C(=O)c1ccco1)[C@H]1CCCOC1,0.3463284,-6.517,0.124421544,0
ZINC000424726950,NC(=O)COCCNC(=O)[C@@H]1CCC[C@@H](F)C1,0.36564574,-7.112,0.10082948,0
ZINC000600380192,CCC(F)(F)CNC(=O)c1cc(C#N)c[nH]1,0.50603634,-7.253,0.36427173,0
ZINC000651186198,CCc1nc(SC[C@@H]2CCC(=O)N2)n[nH]1,0.34426367,-6.738,0.09735573,0
ZINC000672134460,O=C(c1cc2ccccc2o1)N1CCC[C@@H]2C[C@@H]21,0.60366756,-9.019,0.3740719,0
ZINC000678994692,C[C@H]1C[C@@H](C(=O)N(C)Cc2cn[nH]c2)CCO1,0.5561742,-6.886,0.50174475,0
ZINC000739426796,CCN(CCNC(=O)Cn1cccn1)C(=O)O,0.31432688,-5.885,0.12673397,0
ZINC000784595647,C#CCOCCNC(=O)[C@H](C)C(F)(F)F,0.30889747,-6.361,0.066492476,0
ZINC000800401146,C[C@@H]1C[C@H](C)[C@@H](C(=O)O[C@@H]2CC(=O)N(C)C2)O1,0.64731634,-7.431,0.6256292,0
ZINC000843589051,Cc1ncc(NC(=O)C2(F)CC2)c(C2CC2)n1,0.40970588,-7.191,0.17989558,0
ZINC001245849820,OCc1ccc(F)c(-c2cccc(F)n2)c1F,0.46516788,-8.362,0.16802023,0
ZINC000113982806,O=C(Nc1ccc(Cl)nc1)c1ncccc1O,0.5736851,-7.563,0.46604934,0
ZINC000133253510,CCS(=O)(=O)CCN1CC[C@H]2CC[C@@H](C1)N2,0.36344045,-6.734,0.13575901,0
ZINC000163566187,C[C@H](CC(=O)O)Sc1ncncc1Cl,0.48342818,-5.975,0.4523517,0
ZINC000219383792,C=Cn1cc(CNC[C@](C)(O)CCC)cn1,0.38275123,-6.392,0.2095672,0
ZINC000267829555,COC(=O)CN(C)C(=O)/C=C1/CC[C@H](C)C1,0.38514936,-7.31,0.11887976,0
ZINC000380016082,Cc1cc(CNC[C@@H](C)C2CCCCC2)on1,0.589828,-7.689,0.48492762,0
ZINC000390487570,C[C@@H](N[C@@H](C)c1ccc[nH]1)c1ccnn1C,0.5473001,-6.978,0.47460133,0
ZINC000580075166,C[C@@H](O)[C@@H](C)n1cc(-c2ccncn2)cn1,0.42472154,-7.175,0.21130362,0
ZINC000651396512,CCC1(N[C@@H](C)CCCCO)CC1,0.37321725,-5.908,0.24099936,0
ZINC000652017845,CCc1ccc(CN[C@H](CO)CCF)o1,0.566412,-6.189,0.59448695,0
ZINC000663409746,O=C(NCC1CCCCC1)NC1CC(CO)C1,0.5098815,-7.476,0.34870493,0
ZINC000715184631,NC[C@@H]1C[C@@H]1C(=O)NCc1cccs1,0.40434685,-6.41,0.25047487,0
ZINC000746550348,CC(C)OCC(=O)Oc1cccc2c1CCCC2,0.49907303,-7.614,0.31294748,0
ZINC000798345131,COc1ccccc1CONC(=O)NC(C)C,0.5726967,-7.748,0.44485825,0
ZINC000799498961,Cn1nnc(COC(=O)[C@H]2CCCCO2)n1,0.3560786,-6.846,0.109532,0
ZINC000803295220,O=C(C=C1CCCC1)OCC1CCC(=O)CC1,0.5982757,-9.004,0.36495054,0
ZINC000808652340,COC(=O)C[C@H](C)CC(=O)OCc1cn[nH]c1,0.43332353,-6.441,0.3046522,0
ZINC000820692339,CC(C)CCn1c(Cl)cc(=O)n(C)c1=O,0.38632116,-7.173,0.13544393,0
ZINC000823377873,CCC[C@@H](CC)C(=O)N1CC(C)(CO)C1,0.44545078,-6.606,0.3115213,0
ZINC000836820068,CC/C(C)=C/C(=O)N1CC[C@H](F)C1,0.41339096,-6.814,0.22638941,0
ZINC000851259947,C#CCCCCC(=O)OC[C@]1(C)CC1(F)F,0.41694626,-7.479,0.16429682,0
ZINC000934569493,CC[C@H](CO)N1CC[C@@H](O)[C@H](F)C1,0.30593276,-5.957,0.10262069,0
ZINC001119640596,C=CCn1cc(C(=O)NCCCC(F)F)nn1,0.38320872,-6.877,0.1600515,0
ZINC001159114418,Nc1cc(Nc2ccc3c(c2)CNC3)ccn1,0.52988535,-8.158,0.31742805,0
ZINC001217850976,O=C1CC[C@@H](COC2CC(O)C2)N1,0.31113443,-6.11,0.097018406,0
ZINC001222894690,CC[C@@H]1CCCC[C@H]1OCc1ncon1,0.44436738,-6.888,0.28005764,0
ZINC001225273278,C#CC(C#C)Oc1ccc2[nH]ccc2c1,0.61808836,-8.159,0.49204624,0
ZINC001242960951,Fc1ccc(-c2cnn3ccccc23)cn1,0.54627746,-8.488,0.3155916,0
ZINC000026459309,Nc1cccc(-c2ccc(C(=O)O)s2)n1,0.46419695,-7.389,0.2672528,0
ZINC000046261621,O=C(NCC1CCCC1)[C@@H]1CC=CCC1,0.5495877,-8.323,0.33930287,0
ZINC000054937177,Cc1nccc(N2CCC[C@H](CCO)C2)n1,0.48711115,-7.239,0.3282382,0
ZINC000175585492,COCCCCNC(=O)c1oc(C)cc1C,0.45615944,-6.644,0.32878357,0
ZINC000219730815,C[C@H](O)CCN(C)C(=O)[C@H]1C[C@@H]1C(=O)O,0.3078005,-5.833,0.11921193,0
ZINC000352713717,CCc1ccnc(CNC(=O)c2cncs2)c1,0.4112948,-7.254,0.1764934,0
ZINC000684334328,C[C@@H]1C[C@@H](C)N1C(=O)c1coc(C2CC2)n1,0.45567375,-7.305,0.259102,0
ZINC000732836854,CC1(C)C[C@@H]1CNC(=O)C1=NNC(=O)C1,0.40838364,-7.01,0.19609365,0
ZINC000780592425,O=C(Cc1cc(F)ccc1F)O[C@@H]1C=CCC1,0.5534539,-8.496,0.3289758,0
ZINC000787309409,C=C[C@@H]1CCCCN1C[C@@H]1CCC=CO1,0.53530556,-6.799,0.46945065,0
ZINC000798594970,O=C(COCC1CC1)O[C@H]1CCC(=O)NC1=O,0.3401704,-6.609,0.102658525,0
ZINC000835313767,C[C@@H]1OCC[C@@H]1OC(=O)[C@H]1CC1(F)F,0.32189798,-6.448,0.08320054,0
ZINC000840338291,COC(=O)[C@@H](F)CNc1ccnc(C2CC2)n1,0.5712453,-7.186,0.5004104,0
ZINC000856037771,O=C(NOCCN1CCCC1=O)c1ccc[nH]1,0.42355087,-7.304,0.19557345,0
ZINC000883238817,C1=C[C@H](CNCc2ccc3nc[nH]c3c2)CC1,0.72358185,-8.294,0.6869843,1
ZINC000901678643,C=C(C)C[C@@H](N[C@H](C)C1CCOCC1)C(=O)O,0.6974351,-7.151,0.7540195,0
ZINC000928936299,CC[C@@H](C)C(=O)NC(C)(C)/C=C\Cl,0.35069263,-6.191,0.16695857,0
ZINC000037697273,C[C@H](O)CSc1nc2ccccc2o1,0.6718096,-7.136,0.7048173,0
ZINC000111134022,C#CCN(CC)C(=O)c1ccnc(F)c1,0.40772042,-6.706,0.22638455,0
ZINC000181447295,C=C(C)CN[C@@H](COC)c1ccc(F)c(F)c1,0.5945878,-7.114,0.5541351,0
ZINC000306349173,C#CCONC(=O)c1ccnn1C,0.38652667,-6.138,0.24345262,0
ZINC000306548964,CCC(=O)Nc1nnc(OC)s1,0.36415395,-5.541,0.26120016,0
ZINC000338184352,CN(CC1(O)CCC1)C(=O)[C@@H]1C[C@H]1C(F)F,0.31776962,-6.83,0.0353088,0
ZINC000378824634,C[C@@H](CN)NC(=O)C[C@@H]1CCC[C@H]1N,0.3449899,-6.686,0.10420033,0
ZINC000421039951,OCCCN1CCC[C@@H](CCO)CC1,0.43712962,-6.01,0.3569997,0
ZINC000571177767,CN1C(=O)C[C@H](NC(=O)CC2CC2)C1=O,0.39641893,-6.731,0.20139827,0
ZINC000626245343,COc1nc(C(=O)N[C@H]2CCOC2)co1,0.3678139,-6.301,0.18943833,0
ZINC000641473363,Cn1cnc(CNc2cc(C3CC3)ncn2)n1,0.42098826,-6.961,0.22615644,0
ZINC000680369458,CN(Cc1cn[nH]c1)[C@H]1CCC(C)(C)C1,0.5547709,-7.057,0.48118725,0
ZINC000718665420,CC(F)(F)CCCOc1ccccc1CN,0.5636748,-7.422,0.46087864,0
ZINC000769477796,Cc1nnccc1NC(=O)[C@@H](F)c1ccccc1,0.54922986,-8.421,0.3284055,0
ZINC000819239576,O[C@@H](CNOC1CCOCC1)CC(F)(F)F,0.34670553,-6.722,0.103856176,0
ZINC000832431863,C#C[C@@H](C)NC(=O)c1ccc(CF)cc1,0.57494986,-7.718,0.4524405,0
ZINC000868834785,C[C@@H]1CC[C@@H](CNC(=O)[C@@H](O)c2cnc[nH]2)O1,0.40670472,-7.013,0.19245596,0
ZINC000892668264,C[C@H](CO)NCc1cc(O)cc(Cl)c1,0.6156393,-6.726,0.63617384,0
ZINC000905380320,O=C(CO)NCCC(=O)NCCN1CCCC1,0.32511365,-6.392,0.09539245,0
ZINC001218416691,COC(=O)c1ccc(C)cc1O[C@H]1C[C@@H](O)C1,0.46774173,-7.688,0.24318975,0
ZINC001300433635,O=C(Nc1cnc2ccccn12)C1=COCC1,0.66918415,-8.299,0.57870764,0
ZINC001304111945,Cc1oncc1CNC(=O)CC[C@H]1CCOC1,0.43602183,-7.577,0.19189544,0
ZINC001332946432,C[C@@H](NC1(C)CC1)c1cn2ccccc2n1,0.579497,-7.443,0.49003774,0
ZINC001336702566,C=CC(=O)NCc1nc(-c2cccc(F)c2)no1,0.56292355,-8.167,0.38193804,0
ZINC000050213537,O=C(O)c1cn(C[C@H]2CCCO2)nn1,0.36982134,-6.428,0.18021162,0
ZINC000129468968,Cn1ccc(CN2CCC[C@](C)(O)C2)c1,0.4699289,-7.053,0.31353876,0
ZINC000129563910,CCCCC(=O)OCc1cccc(C)n1,0.4023698,-7.108,0.1739924,0
ZINC000136236113,COC(=O)N[C@@H](C)CN1CCOCC1,0.35673216,-5.473,0.25356776,0
ZINC000158684773,Cn1ncnc1NCC1(C)CCOCC1,0.36192244,-6.326,0.17516886,0
ZINC000307173060,N=C(N)NCCC1(O)CCC1,0.39961907,-5.095,0.3778208,0
ZINC000528397679,C/C(Cl)=C/CN1CC[C@H](C)[C@H]1C,0.51142275,-6.679,0.43461654,0
ZINC000569425984,CC1=C(C)CN(C(=O)NCCn2cccn2)CC1,0.54593796,-8.044,0.36107862,0
ZINC000618498671,CC[C@H](O)CC(=O)NC[C@@H]1CCC[C@@H]2C[C@@H]21,0.56564426,-7.651,0.44097248,0
ZINC000653174460,O=C(N[C@H]1CC=CCC1)[C@@H]1C[C@H]2C[C@H]2N1,0.52841747,-7.582,0.37440294,0
ZINC000663289882,C[C@@H](O)COc1cnc2c(F)cccc2c1,0.600103,-7.728,0.5012269,0
ZINC000807182819,C#CCC(CC#C)C(=O)N1C[C@H](C)[C@H](O)C1,0.45782956,-7.575,0.23530251,0
ZINC000819604702,C=C[C@@H]1OCC[C@H]1CNC(=O)[C@H]1CCC=CO1,0.44605705,-7.784,0.19025397,0
ZINC000856766216,Cc1ccnc([C@@H](C)Nc2cncc(Cl)n2)n1,0.61661154,-7.593,0.54796386,0
ZINC000891684040,COc1cc([N+](=O)[O-])cnc1N[C@H](C)CO,0.4310922,-6.136,0.3319408,0
ZINC001579812063,Cc1ccnc(CNC[C@@]2(C)CCCNC2)c1,0.48359114,-7.675,0.27593756,0
ZINC001620643551,CCC[C@@H]1CCCN1Cc1nc(C2CC2)nn1C,0.62450075,-7.438,0.5797059,0
ZINC000004158475,O=c1cn[nH]c(N/N=C/c2ccco2)n1,0.57354987,-6.721,0.5533182,0
ZINC000019093298,Cc1c2cc(Br)ccc2[nH]c1CO,0.52182287,-7.255,0.39533556,0
ZINC000112340689,COc1ncccc1CNCc1ccn(C)n1,0.61404014,-6.909,0.61398077,0
ZINC000182984859,Cn1ccnc(N[C@@H]2CCCOCC2)c1=O,0.38169616,-6.898,0.154872,0
ZINC000190913932,C=CCC1(C(=O)N[C@H](C)CCOC)CCC1,0.34758195,-6.714,0.10642401,0
ZINC000223636950,CC1(CNC(=O)c2ccncc2F)CC1,0.3799583,-7.374,0.10194313,0
ZINC000236427650,O=C(O)C1CCC(O)(CN2CCCC2)CC1,0.5234708,-7.072,0.41762516,0
ZINC000360765392,COC[C@@H](C)[C@H](C)C(=O)N1CCCO1,0.57921517,-5.685,0.6722462,0
ZINC000577885799,CN1C(=O)C[C@H](NC(=O)Cc2ccco2)C1=O,0.35797733,-7.393,0.056425493,0
ZINC000623329041,O=C([C@@H]1CCC(=O)N1)N1CC(C(F)(F)F)C1,0.32679933,-7.075,0.027724922,0
ZINC000641616178,Cc1cnc[nH]c1=NCc1nc(C(C)C)n[nH]1,0.48542875,-7.732,0.27365178,0
ZINC000774410685,CC(=NN=c1cc[nH]n1C)c1occc1C,0.6330181,-7.585,0.5812954,0
ZINC000839448222,C#C[C@H](CCC)NC(=O)C1=CCC1,0.48391244,-6.738,0.37398723,0
ZINC000877479501,C#C[C@@H](C)N(C)Cc1cn(C[C@@H]2CCOC2)nn1,0.42405683,-7.77,0.148129,0
ZINC000901429122,CSc1nccnc1C(=O)N[C@H](C)C(=O)O,0.34549195,-5.964,0.1802561,0
ZINC001119553349,C=C/C=C\CCNC(=O)C(=O)NC[C@@H]1C[C@@H]1C,0.42886987,-7.084,0.22898175,0
ZINC001240466634,Cn1ccc2ccnc(C3=CCNCC3)c21,0.6572893,-7.378,0.6508949,0
ZINC001326347117,CC(C)c1nc(NC(=O)C[C@@H]2CCCN2)n[nH]1,0.4480318,-7.794,0.19312616,0
ZINC001355197304,CC(C)(C)[C@@H]1C[C@H]1C(=O)NCc1cnccn1,0.5241865,-7.986,0.32402077,0
ZINC000001705225,C[C@H]1COP(Oc2ccccc2)O1,0.36937493,-6.595,0.16196553,0
ZINC000004992794,O=C(O)c1ccccc1OCCN1CCCC1=O,0.4675719,-7.666,0.24514055,0
ZINC000096527325,OCC1([C@@H](O)C2CC2)CCCC1,0.3422078,-6.379,0.13060589,0
ZINC000125250327,COCCCCN1C[C@@H](C)CCC[C@H]1C,0.46699214,-6.556,0.3593909,0
ZINC000151202543,CCc1ccc(CN[C@@H]2C[C@@H](C)N(C3CC3)C2)o1,0.73235226,-7.545,0.78222597,0
ZINC000220118057,CCc1csc(NC[C@H](C)N(C)C2CC2)n1,0.56319386,-6.116,0.5957015,0
ZINC000261534870,Cc1cc(F)c2c(c1)CCCN2CCN,0.6359665,-7.534,0.592438,0
ZINC000292822102,C[C@@](O)(C(=O)NC1CC1)c1ccc(Cl)cc1,0.6116223,-7.61,0.5363132,0
ZINC000308240061,CCN(Cc1cncnc1)C1CC1,0.44688302,-5.639,0.4148906,0
ZINC000335853280,CC(F)(F)CC(=O)N1C[C@@H]2CCC[C@H]2C1,0.373349,-7.591,0.06629074,0
ZINC000381349059,C#CCCNc1ccc(Cl)cc1C(=O)NC,0.5459056,-7.517,0.41580296,0
ZINC000401134700,O=C(c1ccsc1)N1CCC(CCO)CC1,0.3747523,-6.794,0.15192902,0
ZINC000594895428,CC(C)[C@H](C)S[C@H]1COC(C)(C)C1,0.36323354,-6.461,0.16373104,0
ZINC000622858860,CCc1nc(C)c(C(=O)N(C)c2cnccn2)o1,0.5059426,-7.224,0.36710098,0
ZINC000650824816,CC/C=C\CNC(=O)c1cn(C)cn1,0.35338056,-6.321,0.15876797,0
ZINC000797526056,CC1=C[C@@H](C)CN(Cc2ccc(Cl)nc2)C1,0.5366221,-7.628,0.38587332,0
ZINC000863341433,COC(=O)c1cnc(SC[C@H]2C[C@H]2C)s1,0.44150904,-6.524,0.31223804,0
ZINC000907308959,Cn1cncc1CCNC(=O)[C@H]1COC(=O)N1,0.44116098,-7.145,0.24698755,0
ZINC000912450572,C#CCONC(=O)[C@@H]1C(=C)[C@H]1C(=O)NOCC#C,0.38640714,-7.612,0.08997451,0
ZINC000929532826,C[C@@H](c1ncccn1)N1CCC[C@@H](CCO)C1,0.4305834,-7.237,0.21646976,0
ZINC001167133411,CCCCN(CC#N)c1cc(Cl)nc(C)n1,0.45458606,-6.66,0.32400343,0
ZINC001458573300,C[C@H](Cc1cn(C)nn1)Nc1nccs1,0.47099152,-6.267,0.39735863,0
ZINC000075579689,COC(=O)[C@@H]1CC[C@H](C(=O)O)S1,0.374614,-5.614,0.27433127,0
ZINC000084311238,COc1n[nH]c2cc(N)ccc21,0.49499938,-6.264,0.44522786,0
ZINC000162360619,C#CCCNC(=O)[C@@H]1CO[C@@H](C)C1,0.40532094,-6.673,0.2250622,0
ZINC000179576974,CO[C@H](C)C(=O)OCc1nnc(C)n1C1CC1,0.34441206,-6.577,0.11438768,0
ZINC000206696972,Cc1oncc1C(=O)N[C@@H](C)Cc1ccoc1,0.59840226,-8.076,0.46167877,0
ZINC000230009941,C[C@@H]1CN(CCC(F)(F)F)C[C@@H](CO)O1,0.4442061,-6.258,0.34523475,0
ZINC000231946981,Cc1cc(C(=O)O)nc(NCCC(C)C)n1,0.4640172,-6.845,0.3234526,0
ZINC000292758004,CCn1nc(C)c(NCc2conc2C)c1C,0.55317605,-7.051,0.47865176,0
ZINC000298691306,Cc1n[nH]cc1CNC(=O)NCc1ccoc1,0.48337436,-7.461,0.29775617,0
ZINC000331162335,CCc1nn(C)cc1N/C(O)=N/CCC#N,0.45813507,-6.435,0.35442537,0
ZINC000335832168,C[C@H]1CC[C@H](C)N1c1ncc(F)cn1,0.36938936,-6.766,0.14421643,0
ZINC000422210417,CC[C@H](C)CNC(=O)N1C[C@H]2CCC[C@H]21,0.54402626,-7.049,0.46073478,0
ZINC000615826659,N#C[C@@]1(F)CCN(C(=O)c2cn[nH]c2)C1,0.41002548,-6.905,0.21026209,0
ZINC000629914588,O=C(NCCN1CC[C@H](O)C1)[C@@H]1CCSC1,0.35407645,-6.697,0.12105641,0
ZINC000741854636,Cc1nc(SC[C@@H]2CCOCO2)sc1C,0.44459635,-6.633,0.30702174,0
ZINC000778832241,CCc1noc(C)c1COC(=O)c1ccnnc1,0.45045298,-7.746,0.20291251,0
ZINC000880238538,CCN(C#N)CCN1CCC[C@H](CF)C1,0.43285674,-6.418,0.30611867,0
ZINC000885338338,Cc1ncc(CC(=O)OCC2(CC#N)CC2)o1,0.48673064,-6.858,0.3670943,0
ZINC000896809659,ClC1(Cl)C[C@H]1c1noc([C@@H]2CC23CC3)n1,0.49087265,-7.623,0.29576764,0
ZINC000917733411,Cc1nc(C)c(Cn2cc([N+](=O)[O-])c(C)n2)[nH]1,0.5753749,-6.984,0.5295912,0
ZINC001161049729,CC[C@H](CC#N)Nc1cncnc1Cl,0.5085297,-6.191,0.47961953,0
ZINC001174135157,c1cnnc(Nc2cccc3cnccc32)c1,0.68409044,-8.1,0.62892425,0
ZINC001211236716,Cc1occc1Nc1nc(C#N)c(C#N)nc1N,0.52491057,-7.548,0.37099087,0
ZINC001214107730,COc1nc(O)cc(Nc2ccc(N)cc2C)n1,0.6989753,-7.899,0.6793064,0
ZINC000049684752,COCc1nc(CNC(C)C)cs1,0.41250995,-5.313,0.38069254,0
ZINC000096032210,CC(C)c1nc(Br)n(C)n1,0.30115476,-5.535,0.13702825,0
ZINC000230376343,C[C@]1(O)CCCN(Cc2ccno2)CC1,0.43315306,-6.869,0.25981838,0
ZINC000232769145,CC(C)[C@H](C)Sc1ccnc(C#N)c1,0.43853104,-6.926,0.2645458,0
ZINC000280129865,O=C(CC(F)(F)F)N1CCCc2n[nH]cc21,0.37520838,-7.276,0.1027223,0
ZINC000334287264,C[C@H]1CCCN1S(=O)(=O)c1ccsc1,0.38835153,-6.542,0.2050665,0
ZINC000354022123,COC[C@H]1CCN1C(=O)CCC(=O)OC,0.37149042,-5.838,0.24485606,0
ZINC000593509303,Cc1nsc(N[C@H](CO)CCF)c1C#N,0.44473517,-6.186,0.35376817,0
ZINC000611140271,COCC#CCN1CCO[C@H](CC(=O)OC)C1,0.44011354,-6.703,0.29086432,0
ZINC000611219369,C[C@@H](C#N)NC(=O)CN1CCOCC1,0.35857025,-5.899,0.21292062,0
ZINC000648635243,CC(=O)NC(C)(C)C(=O)N[C@H]1CO[C@H](C)C1,0.3799156,-6.712,0.17068194,0
ZINC000711411825,Nc1ncn(CC(=O)N2CCC[C@H](CF)C2)n1,0.39871767,-7.136,0.16384691,0
ZINC000777443864,COC1(C)CN(C(=O)C(F)(F)C2(O)CCC2)C1,0.36566174,-7.047,0.10761878,0
ZINC000795601251,CC[C@H](C)CCC(=O)OC[C@H]1CCC[C@@H](O)C1,0.5178994,-8.2,0.2893185,0
ZINC000904424127,C(N[C@H]1CNOC1)c1nc2c(s1)CNCC2,0.52792686,-6.925,0.4417348,0
ZINC000911398237,CC(C)[C@H](C(=O)O)C(=O)N1CCC(C)(O)CC1,0.35040742,-7.205,0.060975216,0
ZINC001240699969,CCn1nccc1-c1cccc(C2OCCO2)c1,0.7043044,-8.329,0.64515877,0
ZINC001240829145,C=Cc1nc(C(F)(F)F)c2ncnc-2[nH]1,0.5529833,-7.383,0.44375426,0
ZINC000001695831,CCN(CC)C(=O)c1ccc[n+](C)c1,0.4010107,-6.251,0.26039636,0
ZINC000106653372,CCOC(=O)c1csc(-c2ccc(C)o2)n1,0.46108702,-7.046,0.2967516,0
ZINC000131253692,C[C@@H]1CC[C@H](C(=O)NCCCC(N)=O)O1,0.3798063,-6.533,0.18907486,0
ZINC000152627879,O=C1NC[C@@H]2CN(CCCO)CCN2C1=O,0.3925078,-6.363,0.23190902,0
ZINC000167083832,C[C@@H](Cn1cncn1)N[C@@H](C)c1ccoc1,0.5715014,-6.831,0.5378244,0
ZINC000227208917,CCC1(CNC(=O)c2ccc(N)c(C)c2)CC1,0.59072924,-8.351,0.41788942,0
ZINC000398407448,CNC(=O)CCCNC(=O)[C@@H]1CCC[C@@H](N)C1,0.3794231,-7.578,0.07967452,0
ZINC000679252929,C[C@H]1CCN(C(=O)Cn2cncn2)C[C@H]1F,0.3568811,-7.146,0.079932824,0
ZINC000724012628,CC[C@H](NCC1(C)CC1)[C@@H]1CCCOC1,0.4180059,-6.587,0.25913078,0
ZINC000807999481,CC(=NN[C@@H]1CCSC1)c1cc(C)on1,0.40798423,-6.572,0.24083817,0
ZINC000823662338,C[C@H](C(=O)N1CC[C@@H](NC(=O)O)C1)C1CC1,0.39202645,-7.072,0.15724586,0
ZINC000857697798,CCC[C@@H](C)CC(=O)Nc1ccnc(F)c1F,0.46867555,-8.054,0.20698917,0
ZINC000858923618,C#CCCOC(=O)N1CCc2c1cccc2C,0.49700597,-7.448,0.32611066,0
ZINC000863248330,CC(C)CNC(=S)N1C[C@@H]2COC(=O)[C@@H]2C1,0.45551178,-6.883,0.3026535,0
ZINC000867440696,CC(C)NC(=O)N1Cc2ccncc2C1,0.60558033,-6.952,0.5927522,0
ZINC000916098701,CSCCNC(=O)N1CCO[C@H](C)CC1,0.34995982,-5.912,0.19451264,0
ZINC001218361774,COc1ccc(O[C@H]2C[C@H](O)C2)c(F)c1,0.43651536,-6.934,0.25972122,0
ZINC001276923672,C=C(C)CN1CC[C@@H]1CNC(=O)CC(C)(F)F,0.40426493,-6.594,0.2311834,0
ZINC001347480227,C[C@H](NC(=O)Cc1ccc(F)cn1)C1(C)CC1,0.41726962,-7.684,0.14362493,0
ZINC001545078849,CC[C@@H](CC(F)F)C(=O)NCC1(CC)COC1,0.42858005,-6.968,0.24046734,0
ZINC001583412571,C=C[C@@H](C)ONC(=O)Cc1ccc(C=O)cc1,0.4700721,-7.721,0.24437524,0
ZINC001610356434,COc1cccc(NN=CC[C@@H](C)C(=O)O)c1,0.58028936,-7.699,0.46499282,0
ZINC000012505437,Cc1nc(C2(N)CCCC2)no1,0.4848028,-6.885,0.36046845,0
ZINC000032191502,C[C@H]1CC(=O)c2ccccc2[S@]1=O,0.48188967,-7.505,0.29024073,0
ZINC000051924213,CCn1ccnc1CNc1cccc(F)c1C,0.5413902,-7.14,0.44605237,0
ZINC000057678102,CCS[C@@H](C)C(=O)Nc1cccc(C)c1,0.5563196,-7.365,0.45223448,0
ZINC000121785297,C[C@H](O)[C@H]1CCCN(C[C@H](O)C(F)(F)F)C1,0.4495371,-6.993,0.2793823,0
ZINC000261528357,CC[C@H](OC)C(=O)N1CCCNCC1,0.44827658,-5.75,0.4061112,0
ZINC000283991797,CCN(C[C@@H]1CCCO1)C(=O)c1cnn(C)n1,0.32226032,-6.441,0.08464607,0
ZINC000295435124,CC[C@H](NC(=O)c1ccoc1)[C@H](O)C(F)F,0.37571338,-6.971,0.13543138,0
ZINC000297336386,CC#CCNc1ncc([N+](=O)[O-])c(C)n1,0.521077,-7.628,0.3550799,0
ZINC000307540056,CC(C)(O)CN1CCOC[C@H](O)C1,0.32723418,-5.769,0.16436191,0
ZINC000388389022,C[C@H](O)CCN[C@H]1C[C@@H](C)[C@@H]1C,0.50510204,-6.165,0.47553268,0
ZINC000399328473,COc1cc(CN[C@@H]2CC23CCCC3)sn1,0.4666237,-7.207,0.29098117,0
ZINC000521110823,c1nc(-c2nc(C3CCOCC3)cs2)no1,0.38479224,-7.232,0.12628143,0
ZINC000528351112,CC(C)N1C[C@H](NC(=O)c2cccnn2)CC1=O,0.48716018,-7.809,0.26907647,0
ZINC000594664485,O=[S@](Cc1cncs1)C[C@@H]1CCCO1,0.41316372,-5.816,0.32969427,0
ZINC000605470931,O=C(COC[C@@H]1CCCO1)Nc1cccnn1,0.35429412,-6.826,0.10807639,0
ZINC000611751423,C[C@H](NC(=O)[C@@H](O)C1CC1)C(C)(C)O,0.41957593,-6.591,0.261825,0
ZINC000640714280,O=C(NCCc1cnoc1)[C@@H]1CCC(F)(F)C1,0.5067752,-8.41,0.24545036,0
ZINC000657348426,Cc1cnc(CN[C@@H]2CCN(C3CC3)C2)[nH]1,0.4752509,-6.559,0.37543887,0
ZINC000658282911,C[C@H](NC[C@H]1C(C)(C)C1(F)F)c1ccco1,0.40899402,-6.665,0.23316991,0
ZINC000678386536,Cc1[nH]ccc1C(=O)N[C@H](CO)CC1CC1,0.5202537,-6.939,0.4250795,0
ZINC000718339289,N#CCNC(=O)C1CC2(CSC2)C1,0.36529517,-5.894,0.22676189,0
ZINC000732199056,O=C1CN(Cc2ncc[nH]2)CCCN1,0.40142804,-6.176,0.2690203,0
ZINC000735208546,C=CCNC(=O)[C@H](C#N)C(=O)/C=C\CCC,0.52285254,-6.563,0.46931762,0
ZINC000786400541,Cc1ncc(COC(=O)c2cnnc(C)c2)s1,0.416292,-7.295,0.18212998,0
ZINC000813908360,CCC/C=C/COC(=O)C1(C)COC1,0.3416664,-6.406,0.1267264,0
ZINC000837680399,Cc1cc(CC(=O)OCC2(C#N)CCC2)no1,0.4873185,-7.647,0.28623202,0
ZINC000894529013,Cc1nnc(CN(C)c2nccc3nc[nH]c32)o1,0.49539787,-7.108,0.35827255,0
ZINC000901570304,FC(F)(F)[C@H](SC1CCC1)[C@@H]1CCOC1,0.50534093,-6.608,0.4299503,0
ZINC000918868377,C/C=C/C=C\C(=O)OC[C@H]1CCOC1,0.36952874,-6.716,0.14969069,0
ZINC000932334363,C[C@H]1CCN(CC2CCC2)CCO1,0.36618376,-6.32,0.1842339,0
ZINC000977688210,CC(=O)NC[C@@H]1[C@H]2CN([C@H](C)C(N)=O)C[C@H]21,0.4759907,-6.957,0.33552715,0
ZINC001170190124,CC[C@@H]1C[C@H](N[C@H]2[CH]CC=C2)CCO1,0.4474618,-6.725,0.30313337,0
ZINC001227248554,C#C[C@H](CCC)Oc1cc(C)cc(C)n1,0.398319,-7.124,0.16430473,0
ZINC001230038624,N#Cc1cccc(O[C@H]2CCCOC2)n1,0.44470355,-7.708,0.19547397,0
ZINC001232799755,CCCn1cnc(CN2C[C@H]3[C@H](CF)[C@H]3C2)c1,0.3877432,-7.299,0.12516153,0
ZINC001245946118,CC[C@H](O)Cn1nc(-c2nccs2)cc1O,0.36648518,-6.336,0.18316758,0
ZINC001245997921,C=C[C@@H](O)CN[C@H]1CCCCNC1,0.39985457,-6.023,0.2818097,0
ZINC001332799155,O=C(NCCCC(F)F)Nc1ccncn1,0.46055907,-6.752,0.32627085,0
ZINC001456875806,C=C(C)c1cccc(NC(=O)[C@H](O)/C=C/C)c1,0.5721413,-8.104,0.40674722,0
ZINC001560811691,C[C@@H]1CCN(Cc2csc(C#N)c2)C[C@@H]1O,0.5033243,-6.856,0.4001727,0
ZINC000013568297,CCCC(=O)NCCNC(=O)c1cnccn1,0.3328667,-6.45,0.10472065,0
ZINC000042768323,O=C(OC[C@@H]1CCNC1)c1ccncc1,0.64579165,-6.897,0.67812514,0
ZINC000102514634,O=c1c(O)c(NCc2cccs2)c1=O,0.42850363,-6.425,0.29676783,0
ZINC000194924845,C[C@H](N)CNC(=O)CNC(=O)c1cccs1,0.48176202,-6.577,0.3864655,0
ZINC000273525068,O=C(NC1CCC1)c1ccc2nc[nH]c2n1,0.5882832,-7.916,0.4582679,0
ZINC000401135132,CO[C@H]1CCC[C@H]1NCC1=CCCC1,0.4280162,-6.49,0.28904462,0
ZINC000401367800,N#Cc1cncc(Oc2ccc([N+](=O)[O-])cc2)n1,0.42118454,-7.878,0.13121127,0
ZINC000417720919,COC[C@@H](C)CNC(=O)NC[C@@H]1CCCN1,0.34473133,-6.434,0.1298868,0
ZINC000630409649,CSc1cc(C(=O)NCCN(C)C)co1,0.546465,-6.007,0.573895,0
ZINC000633267887,CC[C@H]1CCC[C@H]1CNC(=O)CC1CSC1,0.50939244,-7.128,0.38391528,0
ZINC000654090715,COCC1(CNC(=O)Cc2ccoc2)CC1,0.39685005,-6.865,0.18832126,0
ZINC000667166323,Cc1cc(CNC(=O)C2CC3(CC3)C2)no1,0.4584709,-7.748,0.21858737,0
ZINC000679836610,CCN(Cc1ccoc1)c1cc(COC)ncn1,0.41346967,-6.597,0.24910529,0
ZINC000753712586,C[C@@H](CC#N)NN=Cc1cc(Cl)ccc1F,0.74526453,-7.817,0.779526,0
ZINC000870528706,Cc1nc(C(=O)N[C@H](C)[C@@]23C[C@@H]2CCCC3)co1,0.59214216,-7.852,0.4725658,0
ZINC000872779645,Cc1nnc(N2CC[C@H]3[C@@H]2CCCN3C)nc1C,0.65832883,-7.773,0.61188865,0
ZINC000928557065,CN1CC[C@H]1CNC(=O)[C@@]1(C)CCOC1,0.3744366,-6.765,0.15431854,0
ZINC000941851209,C=CCN1CC[C@@H](NC(=O)c2cn[nH]c2)[C@@H](C)C1,0.4629473,-7.002,0.30501103,0
ZINC000003017436,C[C@H](Oc1ccccc1)c1ccno1,0.43294626,-7.583,0.18517919,0
ZINC000005423216,Cc1cnn(-c2ccc([N+](=O)[O-])cc2)c1,0.56657463,-7.45,0.46371198,0
ZINC000061364486,C[C@@H](Nc1ccc(F)cn1)c1ccsc1,0.49444392,-7.358,0.33039215,0
ZINC000167120167,Cc1cc([N+](=O)[O-])ccc1N1CC[C@H](C)C1,0.4860119,-7.603,0.28821814,0
ZINC000199563902,Nc1cc2cc(F)cc(F)c2cn1,0.48135358,-7.452,0.29468885,0
ZINC000276712428,Cn1cccc1C(=O)NCc1nnnn1C,0.40693334,-6.924,0.20216155,0
ZINC000306485988,CCC(=O)N[C@@H]1CC[C@H]1C,0.3485816,-5.671,0.2168376,0
ZINC000330407973,CCNC(=O)[C@@H](C)NC(=O)Cc1cnn(C)c1,0.4233302,-6.82,0.24545431,0
ZINC000330913582,C[C@H](O)CN(C)C(=O)c1cc(C#N)ccn1,0.39670292,-6.879,0.18657431,0
ZINC000341825156,CCN(CCOC)c1nnc(C2CC2)o1,0.5194038,-6.159,0.504487,0
ZINC000349278982,C[C@@H]1NC(=O)N(c2ccncc2)C1=O,0.48410785,-6.717,0.37655753,0
ZINC000491808416,C#C[C@H](CC)NC(=O)CSc1n[nH]c(O)n1,0.35955,-6.939,0.10673996,0
ZINC000491994446,CCCCN(CC(N)=O)C(=O)/C=C\c1ccc[nH]1,0.3980046,-6.791,0.19830155,0
ZINC000492773317,O=C(/C=C/c1cnc[nH]1)NC1(c2nn[nH]n2)CC1,0.44573152,-7.629,0.20572336,0
ZINC000528020164,Cc1cc(CNC(=O)NCC2COC2)cc(C)n1,0.58785456,-7.685,0.48143432,0
ZINC000656452684,C=CCCn1cc(CNC[C@H]2CCCO2)nn1,0.4457366,-6.577,0.3151024,0
ZINC000724613742,CN(C[C@H]1C[C@@H](O)C1)C[C@@H]1C[C@@H]2COC[C@@H]2O1,0.55066913,-7.252,0.45278928,0
ZINC000779265191,C[C@@H]1CC[C@H](OC(=O)c2sccc2C#N)C1,0.514654,-7.648,0.34027722,0
ZINC000790484946,COC(=O)NCCCOc1ccccc1F,0.55868083,-6.976,0.4973535,0
ZINC000825876275,CC(=O)NCCCN(CC(=O)O)C1CCCC1,0.3720542,-6.89,0.13660385,0
ZINC000862571065,C#CC[C@H]1CCN(C(=O)c2cc(C)c(C)o2)C1,0.46967566,-8.446,0.16821685,0
ZINC000887351293,Cc1nccc(CNC(=N)NCC(F)F)n1,0.31781188,-6.315,0.088933416,0
ZINC000889024523,C[C@]1(NC(=O)[C@H]2CCCC23CC3)CCNC1=O,0.41275153,-7.634,0.13987319,0
ZINC000893677846,Cn1cnn(CC(=O)OCCOC2CC2)c1=O,0.2787796,-5.808,0.06432318,0
ZINC000911736020,C=C[C@](C)(O)C(=O)N1CCC[C@@H](NC)C1,0.5388053,-6.571,0.50008684,0
ZINC000912501759,C/C=C/[C@@H](O)C(=O)NCc1c(C2CC2)cnn1C,0.43097752,-7.52,0.18782899,0
ZINC000920945771,Oc1cccc(/C=N/CC2CCCCC2)c1O,0.6536934,-8.822,0.49364918,0
ZINC001012110834,CC(=O)N1C[C@H](NC(=O)C2CC2)C[C@H]1C,0.36927998,-6.706,0.15023758,0
ZINC001174342982,c1cc(Nc2cccc3[nH]ncc32)co1,0.56723833,-7.161,0.49507195,0
ZINC001175838022,C#Cc1cccnc1Nc1cncc(C(=O)O)c1,0.51780903,-8.238,0.2851889,0
ZINC001243067210,COCc1ccc(-c2cncn2C)nn1,0.4007053,-6.571,0.22652325,0
ZINC000081615720,N#Cc1cccc(Nc2ccccc2)n1,0.5838218,-8.028,0.4377864,0
ZINC000126259915,O=C(Nc1ccc(F)nc1)NC1CCCC1,0.5066349,-7.764,0.3123324,0
ZINC000133077531,CN(Cc1cccnc1)C(=O)NCC(F)(F)F,0.3663105,-6.734,0.14144431,0
ZINC000170077399,CC(C)c1nnc(CN[C@@H](C)[C@H]2CCCO2)o1,0.5025916,-7.378,0.34445274,0
ZINC000171890527,CC[C@H](C)CN(C)Cn1cccnc1=S,0.5421022,-6.103,0.55527234,0
ZINC000193682830,C[C@H]1CCNC(=O)[C@@H]1NCc1ccsc1,0.3739259,-6.857,0.1437423,0
ZINC000230635931,CC(=O)CN1CC[C@@H](O)[C@@H](C)C1,0.40554482,-5.77,0.3193842,0
ZINC000266472990,C[C@](O)(CNC(=O)CC1CC1)c1ccco1,0.46088502,-7.391,0.26048425,0
ZINC000270451143,NC(=O)N1CCN(c2ncccc2F)CC1,0.51003,-6.96,0.40264395,0
ZINC000307617554,C/N=C(\NC)NCC1(N(C)C)CC1,0.39653546,-4.593,0.4239018,0
ZINC000365939963,C[C@@H]1C[C@H](c2cccnc2)N(C(=O)C(F)F)C1,0.40185106,-7.427,0.13980064,0
ZINC000388986619,Cc1ncc(CN(C)C[C@H](O)CO)s1,0.46093857,-5.561,0.45084247,0
ZINC000399846845,Cc1scc(C(=O)N(C)Cc2cn[nH]c2)c1C,0.42785874,-6.717,0.26513314,0
ZINC000416073460,CC[C@H](NC(=O)Cc1cccnc1)[C@H]1CC1(C)C,0.40136054,-7.594,0.121467195,0
ZINC000507071321,C[C@@H](F)CCNC(=O)[C@@H]1CC[C@@H](O)C1,0.3677916,-7.221,0.09374827,0
ZINC000517704250,Cc1ccncc1CNC(=O)NC1(C2CC2)CC1,0.47731394,-8.467,0.18116431,0
ZINC000607888891,C[C@@H]1C[C@H]1CNC(=O)c1cc2cccc(F)c2o1,0.50005305,-8.555,0.21705967,0
ZINC000621371658,C[C@@H]1CCN(Cc2nccc(N)n2)C[C@H]1CO,0.45818028,-7.264,0.26832968,0
ZINC000648213108,C=CCn1cc(C(=O)N2CCCCCC2)nn1,0.5085645,-7.502,0.34339306,0
ZINC000652514855,CC(C)CN1C[C@@H](C(=O)O)[C@H](C2CC2)C1,0.5462391,-6.764,0.49474758,0
ZINC000664176018,C[C@@]1(C2CC2)CN(c2ccccn2)CCO1,0.44235623,-7.783,0.18302694,0
ZINC000666002103,O=C(NCCC1CCCC1)[C@H]1CC(=O)N1,0.45582557,-7.452,0.24412018,0
ZINC000703965180,CN(Cc1ccc(N)nn1)C[C@H]1CCOC1,0.52064216,-6.629,0.4580775,0
ZINC000755768880,CCC[C@@H](C)C=NNc1ncccc1[N+](=O)[O-],0.40641752,-7.003,0.19292668,0
ZINC000789927202,Cn1cc(C#N)cc1C(=O)Nc1cnn[nH]1,0.4172958,-6.831,0.23235722,0
ZINC000859498433,Cc1cnccc1COC(=O)[C@@H]1COCCO1,0.5578573,-7.02,0.49114767,0
ZINC000870274712,Cc1cc(F)ncc1C(=O)O[C@@H]1C=CCC1,0.4930576,-7.978,0.26318896,0
ZINC000922426054,O=C(CCCF)N1CCC[C@H]2CCNC(=O)[C@H]21,0.43912515,-7.587,0.19700316,0
ZINC001223171218,COCCN1CCC(OCc2cnco2)CC1,0.6289563,-6.27,0.7099607,0
ZINC001239558575,CCOc1ccccc1-c1cnc2[nH]nnc2c1,0.56689364,-8.141,0.39250556,0
ZINC001603470994,C[C@H]1CN/C(=N/CCCC(=O)O)N1,0.39593917,-5.93,0.2837222,0
ZINC000019487024,NC(=O)CNC(=O)[C@@H]1CCCCN1,0.3265846,-6.359,0.10173702,0
ZINC000047498058,CN(C)C(=O)CCNC(=O)Nc1nncs1,0.36018136,-6.212,0.18357168,0
ZINC000062701442,COC(=O)c1cc(C)n(Cn2cccn2)n1,0.425464,-6.438,0.2893951,0
ZINC000096054565,CC(C)C(=O)N1C[C@@H]2CCC[C@@H](O)[C@@H]2C1,0.40501195,-7.575,0.1306756,0
ZINC000132913865,C[C@H](CCNC(=O)c1cccs1)[S@@](C)=O,0.38489777,-6.476,0.20508642,0
ZINC000176919128,O=C(NC[C@@H]1CC=CCC1)[C@H]1C[C@@H]1C1CC1,0.5166264,-8.177,0.28918803,0
ZINC000490831695,C#CCNC(=O)[C@H](C)ON=Cc1ccncn1,0.43502322,-7.242,0.22474481,0
ZINC000496371242,C[C@H]1OC(=O)N[C@H]1C(=O)NOCC(N)=O,0.43677968,-6.218,0.33468223,0
ZINC000698234345,N#Cc1ccc(S(=O)(=O)N[C@H]2C=CCC2)cc1,0.49034804,-8.354,0.21873152,0
ZINC000775893257,CCn1nccc1C(=O)N1CCCO1,0.47089815,-6.202,0.40393126,0
ZINC000794572508,CSCCON=C(C)c1ccc(F)cc1C,0.47574264,-7.476,0.281079,0
ZINC000817349874,Cc1ccc(O)c(C(=O)NOCC2CC2)c1,0.53613085,-7.672,0.38032576,0
ZINC000825769162,C/C(=C\COC(=O)Cc1ccsc1)C(=O)O,0.3605739,-6.878,0.11510998,0
ZINC000834741172,Cc1ccnn1CC(=O)NC[C@H]1C[C@H](O)C1,0.41116264,-7.355,0.16573137,0
ZINC000854807774,Cc1ncccc1/C=C\C(=O)N1CCOC1,0.4594842,-6.982,0.30023018,0
ZINC000892445481,CCc1cccc(OC(=O)COC2CC2)c1,0.5598724,-7.535,0.44159853,0
ZINC001218280238,COc1cccc(CC#N)c1O[C@H]1CCCNC1,0.62250173,-7.961,0.5213734,0
ZINC001245556753,CCOc1cccnc1-c1ccncc1CN,0.636003,-7.057,0.64210075,0
ZINC001253564644,C=C[C@@H](O)CNc1cc(F)ccc1F,0.4636375,-6.897,0.31729433,0
ZINC001256719043,C[C@H]1C[C@@H]1c1nnc(-c2cc(Cl)n(C)n2)o1,0.5482812,-7.948,0.3757008,0
ZINC000003287289,O=C(CSC1=NCCS1)N1CCCC1,0.35326657,-6.003,0.19160235,0
ZINC000043395223,Cc1ccc(C#N)c(N[C@H](C)CC(=O)O)n1,0.4572665,-7.356,0.25695497,0
ZINC000070851670,C[C@H](Cc1cccs1)NC[C@H](C)C(=O)O,0.66654927,-6.256,0.7858844,0
ZINC000102945396,C[C@H](OC(=O)[C@@H]1CCOc2ccccc21)C(N)=O,0.46779457,-7.974,0.21356103,0
ZINC000224275407,COc1ccccc1NC[C@H]1CCSC1,0.4176942,-6.683,0.24853288,0
ZINC000261548131,CCn1nc(NC(=O)CN)cc1C1CC1,0.4338177,-6.413,0.3085421,0
ZINC000346610578,C[C@H](CCC1CC1)NC(=O)[C@@H]1CCCOC1,0.40601522,-7.392,0.15168819,0
ZINC000379487963,C=CCOCCN=c1[nH]ccnc1C,0.44249952,-5.889,0.38021654,0
ZINC000614410087,CN1CCN(C(=O)[C@@H]2CC(=O)N2)CC1(C)C,0.46499795,-6.981,0.31125635,0
ZINC000637795706,COc1cnn(C[C@H](O)CCOC(C)C)c1,0.38872933,-5.801,0.2828514,0
ZINC000639380282,FCCC1CCN(Cc2ncc[nH]2)CC1,0.5990646,-6.423,0.63484156,0
ZINC000647267809,Cc1[nH]ccc1C(=O)NCC[C@@H](C)F,0.3704466,-6.346,0.18997517,0
ZINC000657326406,CC1(C)C[C@H]1NCc1cn(C2CCC2)nn1,0.5024032,-7.788,0.30145472,0
ZINC000663013552,C[C@@]1(NC(=O)CCCc2cccnc2)CCNC1,0.47235623,-7.985,0.22145367,0
ZINC000709089848,C[C@H](NCc1ccon1)[C@]12C[C@H]1CCCC2,0.47742826,-7.681,0.26310566,0
ZINC000724775619,Cc1n[nH]cc1CN1CC[C@](C)(C(F)(F)F)C1,0.59474564,-7.429,0.5216994,0
ZINC000739728915,O=C(O)CCNC(=O)CC1(O)CCCCC1,0.36874768,-6.905,0.12849447,0
ZINC000762722360,CC[C@@H](CC#N)NC(=O)C(F)=C1CCCC1,0.40083155,-7.361,0.14464262,0
ZINC000816223824,C[C@@H]1CC[C@H](C)[C@H](OC(=O)C2CCC2)C1,0.49331307,-8.078,0.25329873,0
ZINC000843874327,CC1(C#N)CN(C(=O)C2(C(F)F)CC2)C1,0.3325776,-6.705,0.07763742,0
ZINC000898782058,C[C@H]1CCC[C@H](CNC(=O)[C@@H]2CCCN2C)O1,0.65407985,-8.112,0.56822836,0
ZINC000899960854,NC(=O)[C@@H]1CCCN(C(=O)C2(C3CC3)CC2)C1,0.38085133,-7.199,0.12190564,0
ZINC001038559556,CCCCN1CC[C@H]1CNC(=O)c1cnco1,0.5818931,-6.635,0.5787862,0
ZINC001175996336,Cc1cc(C)nc(Nc2ccc3nn[nH]c3c2)c1,0.59541297,-8.346,0.42768735,0
ZINC001206254523,Cc1ccc(Nc2nonc2N)c(O)c1,0.54018044,-7.857,0.36911452,0
ZINC000082244835,C[C@H](N)CNC(=O)CC1CCOCC1,0.41854843,-6.622,0.25656676,0
ZINC000107820664,CCCNC(=O)CN1CC[C@@H](C(=O)OC)C1,0.49242905,-6.437,0.42215073,0
ZINC000146588304,C[C@H](C(=O)O)[C@H]1CCC(=O)N1,0.32949257,-5.751,0.17070685,0
ZINC000194672324,CSC1(CNC(=O)C=C2CCC2)CC1,0.41228694,-6.743,0.23158383,0
ZINC000226758425,CC(C)(C)NC(=N)NC[C@H]1CC1(C)C,0.38839287,-6.397,0.22022301,0
ZINC000228128761,C[C@@H](O)C[C@H](C)Nc1ncccn1,0.39155212,-5.988,0.269002,0
ZINC000308002101,C=CCNC(=O)N[C@@H](C)COC,0.4574324,-5.068,0.49515072,0
ZINC000308868340,O=C(CNCC1CC1)NCC1CNC1,0.3300356,-5.925,0.15369305,0
ZINC000329201258,N=C(O)C[C@@H]1CCCN(CC2=CCCOC2)C1,0.47312048,-7.242,0.30021203,0
ZINC000492056904,COCCCOC1CN(C(=O)/C=C/C2CC2)C1,0.38290682,-6.337,0.21559338,0
ZINC000492926319,CC[C@H](O)CNC(=O)/C=C\c1cncs1,0.35507995,-6.122,0.18282293,0
ZINC000583509659,C=C(CC)CNC(=O)CN1CC[C@@H](C)C1,0.35643756,-6.672,0.12833261,0
ZINC000831294770,COCCC(=O)NC[C@H]1C[C@@H]2COC[C@@H]2O1,0.342865,-6.534,0.1157935,0
ZINC000873474869,O=C(Cc1cccc2ncccc12)OCCCF,0.45788178,-7.027,0.2923776,0
ZINC000899887346,O=[N+]([O-])CCN1CC[C@H]1C1CC1,0.45017117,-5.514,0.43439943,0
ZINC000923993418,C[C@H]1C(=O)CCCN1C(=O)NC[C@@H]1C=CCC1,0.50964004,-8.29,0.26360083,0
ZINC001156723746,Cc1cnc(-n2cccc2CN)c(Cl)c1,0.607612,-7.775,0.5112153,0
ZINC001524634543,O=C(Nc1cncc(F)c1)c1cccnn1,0.6080681,-7.593,0.5310401,0
ZINC000084986739,O=C(Cc1cccc(Cl)c1)N1CC(CO)C1,0.4566238,-7.359,0.25536996,0
ZINC000106358118,CCC1=NN(c2cc(C)ncn2)C(=O)C1,0.45307884,-7.637,0.21944599,0
ZINC000122535661,CC[C@@H](C)CS(=O)(=O)Oc1cccc(F)c1,0.40918708,-7.266,0.1710707,0
ZINC000123835674,CNC(=S)N(CC1CC1)CC1CC1,0.4446217,-5.267,0.4490853,0
ZINC000234307955,CN1C(=O)C[C@@H](NC(=O)C(C)(C)O)C1=O,0.55530894,-6.726,0.51666474,0
ZINC000336670833,CN(CCc1ccnn1C)CCC(F)(F)F,0.5805975,-6.68,0.5715414,0
ZINC000437702992,C[C@@H](Cc1ccc(Cl)cc1)C(=O)NCCF,0.44663742,-7.727,0.19732948,0
ZINC000649908896,Cc1nnsc1CN1CC[C@@]2(CC2(F)F)C1,0.4972663,-7.373,0.33442354,0
ZINC000725053097,C/C=C/C=C/C(=O)N[C@@H](CCO)C1CCCC1,0.5519744,-7.891,0.38894266,0
ZINC000728573567,C#Cc1cccc(N(CC)CCC)c1,0.55302274,-7.471,0.43468365,0
ZINC000759610663,O=C(OC[C@@H]1CCCOC1)c1ccccc1F,0.5616295,-8.252,0.37053776,0
ZINC000776211012,O=C(NO[C@H]1CCCCO1)N1CC(F)C1,0.3709994,-6.912,0.13222723,0
ZINC000850915773,Cc1ccoc1CC(=O)OC1CCOCC1,0.4347099,-7.085,0.24044637,0
ZINC000851377856,CCCC(=O)OCC[C@H]1CC1(F)F,0.2967778,-6.179,0.061405804,0
ZINC000871942405,O=C1CC(C2CC2)=NN1c1cc(Cl)ncn1,0.52387553,-8.018,0.32007802,0
ZINC000891437609,Cc1cc(N)nc(NC[C@@H](C)O)n1,0.50299925,-5.631,0.5268834,0
ZINC000907177576,CCc1nc[nH]c1C(=O)NCc1ccn(C)n1,0.50046396,-6.911,0.3887887,0
ZINC001152541335,Cc1scc(C(=O)Nn2cnnc2)c1C,0.4418585,-7.211,0.24150777,0
ZINC001162491652,CCCOC(=O)CNc1ccc2ncccc2n1,0.54890925,-7.296,0.44472873,0
ZINC001200609932,CNC(=S)Nc1cccc2c1COC2,0.5271846,-6.465,0.4880874,0
ZINC001242018038,c1c[nH]c(-c2ccc(-c3csnn3)cc2)n1,0.6231655,-8.076,0.51073253,0
ZINC001254111101,NC(=O)c1csc(-c2nnc(C3CC3)o2)c1,0.46273437,-7.647,0.23753315,0
ZINC001541098423,O=Cc1ccc(F)c(C(=O)NCc2cc[nH]n2)c1,0.6019594,-7.957,0.4810968,0
ZINC000001638429,CCOC(=O)[C@@H](C)[C@@H](C)OC(C)=O,0.33087984,-5.479,0.20173283,0
ZINC000005951501,CCCCNC(=O)NCCC,0.30895036,-5.313,0.17555037,0
ZINC000034957228,Cc1noc(C)c1CNCc1cccc(F)c1,0.5212007,-7.666,0.35137433,0
ZINC000134929275,C[C@H](Oc1ccccc1)C(=O)NCC1(O)CCC1,0.43436614,-7.955,0.14931767,0
ZINC000175735875,CN1CC[C@@H](NC(=O)c2cc(C#N)c[nH]2)C1=O,0.5297649,-7.414,0.3945378,0
ZINC000176183919,CC1(C)OC[C@H](COC(=O)c2cscn2)O1,0.3119947,-6.358,0.07293973,0
ZINC000182671933,COC(=O)CCCC(=O)N1CCOCC1,0.29168147,-6.089,0.06066708,0
ZINC000194948651,Cc1c(C(=O)OCc2ccsc2)ccn1C,0.51420385,-6.972,0.4096644,0
ZINC000232467017,CC(=O)CCC(=O)NC[C@@H](O)C(F)F,0.31537935,-5.708,0.14722027,0
ZINC000246103075,CCn1ncnc1CN1CC[C@H]([C@H](C)O)C1,0.40220824,-6.75,0.2108911,0
ZINC000271548455,O=C1NCCN(CCCF)c2ccccc21,0.43922928,-7.308,0.22621508,0
ZINC000289481831,CCC[C@@H](C)c1nc(-c2coc(C)n2)no1,0.42627156,-7.294,0.20200248,0
ZINC000332723901,CCn1nncc1C(=O)NC[C@H]1C[C@H]1C,0.34922493,-6.527,0.12911965,0
ZINC000334904548,C[C@H](C(=O)N1CCCCCC1)c1cncnc1,0.40508255,-7.705,0.11730029,0
ZINC000378673540,CCC[C@@H](C)N(C)C(=O)[C@H]1C[C@@H]1C,0.34564883,-5.957,0.18129459,0
ZINC000422960188,C1CC1[C@H](NC1CCC1)[C@@H]1CNCCO1,0.4189164,-6.508,0.2691475,0
ZINC000548159045,c1nc([C@@H]2CCCN2CCC2CC2)no1,0.5350038,-7.028,0.4450453,0
ZINC000661979766,O=C(CN1CC[C@H]2C[C@H]2C1)NCc1ccco1,0.49650276,-7.647,0.3044252,0
ZINC000804296732,O=C([C@@H]1CSC(=O)N1)N1CCC[C@@H]2C[C@@H]21,0.43478325,-6.836,0.26647842,0
ZINC000858721949,O=C(NCC1CC=CC1)N1C[C@H]2[C@@H](C1)C2(F)F,0.46581644,-8.207,0.18541919,0
ZINC000893338190,CCCCC(=O)OCCCc1ccoc1,0.37486723,-6.607,0.17159772,0
ZINC000912262561,CC(C)(O)[C@@H](O)C(=O)NOc1ccc(F)cc1,0.46876937,-7.386,0.27662224,0
ZINC000918379160,Cc1nc(C)c(Cn2ccnc2[N+](=O)[O-])o1,0.39090478,-6.622,0.20180723,0
ZINC000920295380,Cc1cn(CCc2ccccc2)c(=O)s1,0.45039606,-7.508,0.2275429,0
ZINC001123687598,C=C(CC)C(=O)NCCc1ccnn1C,0.4807138,-7.322,0.3069367,0
ZINC001174035141,COc1ncc(Nc2cc(C)cc(F)n2)cn1,0.4451064,-7.488,0.21914376,0
ZINC001224441685,CC[C@H]1OC(C)=C(OCCc2ccccn2)C1=O,0.43766612,-7.606,0.19213766,0
ZINC001258595255,COC(=O)[C@H](CS)N[C@H]1CCC(C)(C)C1,0.56847143,-6.416,0.574967,0
ZINC001263320579,N[C@H]1C[C@H](NC(=O)c2ccnc(C3CC3)c2)C1,0.45074147,-8.072,0.16959205,0
ZINC001590826402,CC(C)(Cc1cn(-c2cccnc2)nn1)C(=O)O,0.42836362,-7.562,0.17828463,0
ZINC000003098287,CC(=O)/C(=C/c1cn(C)c2ccccc12)[N+](=O)[O-],0.7008993,-8.284,0.6430919,0
ZINC000040677755,C=CC(=O)N1CCOc2ccccc2C1,0.43520674,-7.46,0.20244446,0
ZINC000085272442,CNCc1cn(CC2CCCC2)nn1,0.3671182,-6.67,0.14969796,0
ZINC000190343522,CCC(=O)CCN1CCC[C@]12CCOC2=O,0.4991012,-6.758,0.40199554,0
ZINC000307317207,CCN1CC[C@@H](NC(=O)C(C)(C)F)C1,0.36579457,-6.502,0.16454172,0
ZINC000334433766,CN(C(=O)CN1CC[C@](C)(F)C1)C1CC1,0.379546,-6.582,0.183465,0
ZINC000340679864,CC[C@H](C)CN(C)C(=O)C1=C(C)CCC1,0.52027786,-6.643,0.45590037,0
ZINC000343345808,CSCCC(=O)N[C@H](C)c1n[nH]c(C)n1,0.37624684,-6.096,0.22745565,0
ZINC000349703176,C[C@@H](O)[C@H]1CCCCN1C(=O)Cn1cnnn1,0.3838855,-7.18,0.12989138,0
ZINC000380132858,Cc1cc(N)c(C(=O)OCCO)cc1C,0.5169146,-7.346,0.3761521,0
ZINC000380791569,N#Cc1nc(=NCC2CCOCC2)cc[nH]1,0.44320405,-7.15,0.2505149,0
ZINC000493222120,CCN1CN(C(=O)/C=C\c2ccc(C)o2)CC1=O,0.65118164,-7.847,0.59003747,0
ZINC000754674292,CCCCN(C)c1[nH]cnc2nc(Cl)cc1-2,0.548967,-6.799,0.4965127,0
ZINC000846778789,Cc1occc1CN(C)Cc1cnsn1,0.41467577,-6.171,0.2957827,0
ZINC000848164679,C/C(=C\C(=O)N1Cc2cncnc2C1)C1CC1,0.5401627,-7.735,0.38176286,0
ZINC000870189730,O=C(O[C@@H]1CCSC1)c1cnn(C(F)F)c1,0.43167827,-6.835,0.26043168,0
ZINC000892001387,O=C(NCC[C@@H]1CCCS1)N[C@H]1CCNC1,0.6577129,-6.78,0.71390367,0
ZINC001032854420,CC(=O)N(C)[C@H]1CCN(CC(N)=O)C1,0.42396584,-5.997,0.33227497,0
ZINC001120681014,CC[C@@H](F)C(=O)NCCC(=O)NC,0.36207256,-5.836,0.22640803,0
ZINC001162549611,NC(=O)C1(Nc2cc(S)cc(S)c2)CC1,0.44730547,-6.441,0.33234915,0
ZINC000052852775,CC[C@H](CNC(=O)COC)c1ccccc1,0.44197243,-7.165,0.24651575,0
ZINC000096005959,CNC(=O)[C@@H]1CN(Cc2ccc(C)o2)CCO1,0.63510907,-7.297,0.61537874,0
ZINC000195269526,CC[C@@H](C)N(C)C(=O)Cc1cnn(C)c1,0.34759295,-6.421,0.13690694,0
ZINC000253415451,Cc1nnc(N2CCC[C@@H]2c2ccco2)o1,0.4514516,-7.581,0.22204456,0
ZINC000291071564,C[C@H](O)CCNC(=O)NOC/C=C/Cl,0.32477283,-5.905,0.14534724,0
ZINC000354366312,COCc1cc(C(=O)N(C)Cc2ccc[nH]2)no1,0.41421524,-6.521,0.25848335,0
ZINC000376191333,Cc1nnc(NC[C@@H]2CN3CCC[C@H]3CO2)o1,0.5043044,-7.319,0.3539794,0
ZINC000396909059,N#Cc1cnnc(NC[C@@]2(O)CCOC2)c1,0.40834793,-7.123,0.18427508,0
ZINC000403890631,C/C=C\C(=O)N1C[C@H](CC)OC[C@@H]1C,0.44386825,-6.591,0.30994588,0
ZINC000429761394,Cc1cnc(CN(CCO)[C@H]2CC[C@H](C)C2)o1,0.4916558,-7.223,0.3389041,0
ZINC000684519303,COC1(C(=O)N2CCC(F)(F)CC2)CCCC1,0.45047173,-7.522,0.22623733,0
ZINC000713975715,FC1(F)CCC[C@H]1CCNCc1ccco1,0.46602216,-7.609,0.24799652,0
ZINC000778511839,O=C(N[C@@H](CO)C1CC1)c1cc(O)cs1,0.4301233,-6.766,0.26452485,0
ZINC000789939486,COCC(=O)Nc1cccc(C(C)(C)O)c1,0.44280037,-7.302,0.23391287,0
ZINC000830500307,C#CC(=O)NCC[C@@H]1CC[C@@H](C(F)(F)F)O1,0.39278618,-7.228,0.14253257,0
ZINC000838391207,C[C@@H](C(=O)OCCO)C1CCC1,0.35526296,-5.815,0.21510209,0
ZINC000930050938,C[C@H](CO)NC(=O)[C@@H]1C[C@@H]2C[C@@H]2C[C@H]1C,0.3667121,-7.331,0.080174,0
ZINC000973773018,CC(=O)N[C@H]1C[C@@H](NC(=O)C2(C3CC3)CC2)C1,0.4403013,-7.308,0.22833869,0
ZINC001262682814,CC[C@@H]1CO[C@H](C)CN1C(=O)[C@@H]1C[C@H]1F,0.3357469,-6.66,0.0885939,0
ZINC001556086200,Cc1nc[nH]c1CC(=O)N1CC=C(C)CC1,0.42318538,-7.384,0.18653242,0
ZINC000118657464,CC[C@H](C(=O)NCCNC(N)=O)c1ccccc1,0.49250963,-7.236,0.33924395,0
ZINC000148999869,O=C(NC[C@H]1CCCO1)c1cc(F)ccc1O,0.4223651,-7.882,0.133134,0
ZINC000160719849,C[C@@H]1OCC[C@@H]1Nc1cnn(C)c(=O)c1Cl,0.4701738,-7.034,0.3159992,0
ZINC000308181078,CS/C=C\C(=O)OC[C@H]1CCCO1,0.33443236,-5.537,0.2027402,0
ZINC000357079050,C=CCCc1nc([C@H]2CCCS2)no1,0.39468452,-6.877,0.18278399,0
ZINC000378774632,COC[C@@H](O)CN1CC[C@@H]1COC,0.39459065,-4.945,0.38345438,0
ZINC000378857590,C[C@@H](NCc1ccc(Cl)o1)[C@@]1(C)CCCO1,0.6442022,-7.398,0.6228911,0
ZINC000388403476,C/C=C/CSCCn1cccn1,0.33219337,-5.554,0.19653761,0
ZINC000408148037,O=C(CCC1CCCC1)N[C@H]1CNC(=O)C1,0.44323692,-7.832,0.17967731,0
ZINC000490631373,C#C[C@H](NC(=O)c1scnc1Cl)C(C)C,0.35731637,-6.932,0.10304314,0
ZINC000583975935,C[C@@H](Oc1ccccn1)C(=O)N[C@@H]1C[C@H]1C1CC1,0.4325034,-7.845,0.1570637,0
ZINC000584790287,CCN1C[C@H](C)N(C(=O)c2ccc[nH]2)[C@@H](C)C1,0.6282979,-7.206,0.6113472,0
ZINC000624820003,C/C=C\CNC(=O)N1CC[C@H]1CC,0.4045593,-6.415,0.25037593,0
ZINC000663468327,O=C(NC/C=C\CO)NCc1ccc(Cl)o1,0.58472645,-6.804,0.56682914,0
ZINC000746469726,N#Cc1ccc(Cn2cc(C(N)=O)nn2)c(F)c1,0.4623265,-8.284,0.17050077,0
ZINC000811688812,N#Cc1c(F)cccc1/C=C\c1n[nH]cc1C=O,0.51263666,-8.171,0.28190848,0
ZINC000831510642,CC[C@@H](CO)C(=O)N1OC2CCC1CC2,0.3430732,-6.872,0.08106646,0
ZINC000889699578,Cc1cn(C)nc1C(=O)NCc1n[nH]c(C)n1,0.5792661,-7.187,0.51619476,0
ZINC000900821466,C[C@@H](NC(=O)[C@@H]1C[C@@H]1C(N)=O)c1cnn(C)c1,0.51228285,-7.228,0.37924463,0
ZINC000903707553,CC1CC(CN2CC[C@@H](C(=O)O)[C@@H](C)C2)C1,0.7248755,-7.226,0.8005793,0
ZINC000909595574,COC(=O)[C@](C)(CO)NC(=O)CCCF,0.31418082,-5.931,0.12166238,0
ZINC000931770034,CC[C@@H](CO)NCc1nc(O)n[nH]1,0.34545973,-5.516,0.22676769,0
ZINC001137391376,O=C(NC[C@@H](O)c1ccco1)[C@@H]1CCC=CO1,0.4962923,-7.667,0.30192906,0
ZINC001237816029,Cc1nc(CN2CCCCO2)ccc1F,0.46057782,-7.361,0.26299456,0
ZINC000037974513,CC(=O)[C@@H](C)Oc1ccc([N+](=O)[O-])cc1Cl,0.4142712,-7.02,0.20671675,0
ZINC000080629132,C#CCNC(=O)N1CCC(C(F)(F)F)CC1,0.4616821,-7.557,0.24480535,0
ZINC000092064046,CS[C@H]1CCCCN(Cc2cccs2)C1,0.54617196,-6.651,0.50636244,0
ZINC000128534404,c1cn(C[C@@H]2CCCN(c3cnccn3)C2)nn1,0.49126226,-7.66,0.29269278,0
ZINC000157740621,C[C@@H]1C[C@H]1c1noc(-c2ncccc2N)n1,0.5567217,-7.739,0.4141489,0
ZINC000191481565,Cc1ccc(CNC2(C(N)=O)CC2)cc1[N+](=O)[O-],0.5612815,-7.83,0.41372088,0
ZINC000293737139,CN(C)c1ccc(C(=O)Nc2ncn(C)n2)cc1,0.56661713,-7.924,0.41451776,0
ZINC000302127769,CC(=O)c1ccc(C#N)cc1NCCO,0.5293956,-7.116,0.42478725,0
ZINC000309689820,Cc1nnc(NCC2=CCCOC2)nc1C,0.50306726,-7.844,0.29694816,0
ZINC000322294194,C#C[C@@H](CC)N[C@@H](CC)C1CCC1,0.5219436,-6.905,0.43196175,0
ZINC000333360226,CCc1nc(C[S@](=O)[C@H]2CCCOC2)n[nH]1,0.3969815,-7.445,0.12828316,0
ZINC000379368076,N#CCCCC(=O)OCC1CCC1,0.39172778,-6.237,0.24346323,0
ZINC000384902281,C/C=C/CNCc1ccc(C#N)o1,0.50879294,-6.729,0.42420894,0
ZINC000579370424,c1cc(CN2CCn3nncc3C2)on1,0.3968715,-6.667,0.20894843,0
ZINC000724153484,C#CCN(C)[C@H]1CC[C@@H]1OC,0.46928918,-5.823,0.44014597,0
ZINC000740345711,O=C(CC1CCCC1)N[C@@H]1CCN(C(=O)O)C1,0.51242113,-7.572,0.34375536,0
ZINC000777038086,Cc1cccc(COC(=O)C(C)(Cl)Cl)n1,0.44975087,-7.291,0.24882479,0
ZINC000788073813,C#CCC1(OC(=O)CCCOC)CCC1,0.34514824,-6.198,0.1552479,0
ZINC000806796128,C#CCC(CC#C)C(=O)N[C@@H]1CCC[C@H]1C,0.5056769,-8.022,0.2836123,0
ZINC000896544581,CC1(C)C[C@H]1c1nc(-c2cn[nH]c2)no1,0.49899113,-7.365,0.33867204,0
ZINC000931519893,Cc1nc([C@@H](C)N2CCn3ccnc32)no1,0.49361885,-6.778,0.38905627,0
ZINC001118202371,CCOC(=O)c1cc(CNCc2ccoc2)[nH]n1,0.41308036,-6.964,0.2101797,0
ZINC001157237837,CC[C@@H](C)Nc1cc(N2CCCC2)ccn1,0.44358605,-7.106,0.255846,0
ZINC001206423616,Nc1ncnc(Cl)c1Nc1cccnc1O,0.46927065,-7.303,0.28624415,0
ZINC001237648825,CCc1n[nH]cc1CN1CC[C@@](C)(CO)C1,0.44978142,-6.736,0.3065847,0
ZINC001239499978,Cc1ccccc1-c1nccc(C)c1C(N)=O,0.6310327,-8.416,0.49096936,0
ZINC001252105166,CCCC[C@@H](O)CNCCN1CCCCO1,0.5342808,-6.25,0.5244962,0
ZINC000006584311,COc1ccccc1CNCCOCCO,0.5911732,-6.132,0.6494626,0
ZINC000039978329,C[C@@H](C#N)Sc1ccccc1F,0.56196356,-6.636,0.53920364,0
ZINC000086549361,COCCN(C)Cc1cc(Cl)ccc1N,0.6181986,-6.205,0.6954081,0
ZINC000134361914,C[C@H](Nc1cnn(CCO)c1)c1ccco1,0.35323393,-6.714,0.11762011,0
ZINC000268295605,C#CCCCCNC(=O)N[C@@H]1CCSC1,0.39356324,-6.694,0.19958806,0
ZINC000281003026,CCn1nccc1CN1CCC(C)=C(C)C1,0.66228676,-7.292,0.6697351,0
ZINC000293840284,CC[C@@H](CO)N(C)C(=O)c1oc(C)nc1C,0.5498086,-6.699,0.5085761,0
ZINC000306720752,C[C@H](O)CN[C@H]1CSC1(C)C,0.2912708,-5.149,0.1575787,0
ZINC000334379510,Cc1noc(C)c1NC(=O)Cc1ccccc1,0.49409676,-8.067,0.25599474,0
ZINC000336256204,CO[C@H](C)c1nc2c(s1)Cc1ccccc1-2,0.49088266,-7.917,0.26522237,0
ZINC000398289617,CC[C@@H](C)CN[C@@H](C)c1csnn1,0.45831504,-6.428,0.35550964,0
ZINC000528464649,CC[C@]1(O)CCN(C/C=C(\C)Cl)C1,0.44504377,-6.28,0.34460697,0
ZINC000584291081,CN(C(=O)c1n[nH]cc1[N+](=O)[O-])C1CC(N)C1,0.42132488,-6.832,0.24023446,0
ZINC000624635316,Cc1nocc1-c1nc(C2CC(F)(F)C2)no1,0.5628737,-8.399,0.35771993,0
ZINC000657765607,CO[C@H](CNCc1cccn1C)C1CCCC1,0.44757974,-7.234,0.25044987,0
ZINC000704549664,COC[C@@H](C)OC(=O)NCCF,0.21271029,-4.899,0.027948173,0
ZINC000829514617,C[C@H]1CN(C(=O)[C@@H]2CC(=O)N2)C(C)(C)C1,0.37411636,-7.376,0.09016282,0
ZINC000840587382,CCO/C=C/C(=O)OCc1cn(C)nc1C,0.4321768,-6.437,0.30279648,0
ZINC000851659206,C#CCCCNC(=O)N1CC2CC1(CN)C2,0.4175348,-6.915,0.22409773,0
ZINC000894723528,Cc1cc(C#N)nc(NC[C@H](O)[C@H]2CCCO2)c1,0.53165734,-7.904,0.3473448,0
ZINC000928935076,CC(C)(/C=C/Cl)NC(=O)/C=C/C1CC1,0.6256127,-7.043,0.6229739,0
ZINC001156295000,NCCONc1ncc2cc(F)ccc2n1,0.45519394,-7.123,0.2770728,0
ZINC001159464798,Nc1cccc(Nc2cncc(CO)c2)c1,0.5791159,-7.662,0.46651495,0
ZINC001181641931,Cc1cc(F)cc(CC(=O)Nc2ccn(C)n2)c1,0.4995507,-8.597,0.21169817,0
ZINC001206288559,CN(C)CCO[C@H]1C=CC(=O)C1,0.39935127,-5.847,0.2991102,0
ZINC001229321527,C[C@H](Oc1ccc[n+]([O-])c1)c1ccccc1,0.50697875,-8.245,0.26300743,0
ZINC001252603276,C=CCC[C@@H](O)CN1CCC[C@@H](C#N)CC1,0.40862238,-6.667,0.23222584,0
ZINC001520082699,C#CCOCCCOC(=O)c1cc(C#N)[nH]c1C,0.438295,-7.366,0.21833453,0
ZINC000012506473,CCCc1ccc([C@H](C)O)cc1,0.3800618,-7.2,0.120237716,0
ZINC000082645530,C[C@H](N)[C@H]1CCCN(CC(=O)N(C)C)C1,0.5184437,-6.513,0.46578225,0
ZINC000087402397,Cc1cccc(NCCNC(=O)C=C2CCC2)n1,0.57043546,-7.989,0.4153239,0
ZINC000121741828,C[C@@H](NC(=O)NCCc1cccnc1)C1CCC1,0.7053749,-8.032,0.6781563,0
ZINC000174377663,O=C(Cc1ccn[nH]1)Nc1ccc(F)c(F)c1,0.4052556,-7.732,0.114836,0
ZINC000266736043,Cn1cccc1CNC(=O)N1CC[C@@H](CO)C1,0.37987512,-7.459,0.09294151,0
ZINC000306422708,Cc1cc(CN2C[C@H](O)C[C@@H]2C)on1,0.4081143,-6.61,0.23714526,0
ZINC000336553979,CN(C1CCCC1)[C@@H]1CCN(C)C1=O,0.49414507,-6.666,0.40174246,0
ZINC000345501845,C[C@H](C1CC1)N(C)C(=O)CN1CCCC1=O,0.3845666,-6.49,0.20297496,0
ZINC000354437089,C=CCCC1(C(=O)Nc2cn[nH]c2)CC1,0.5409282,-6.555,0.5059555,0
ZINC000355987573,CC1CC(NC(=O)NC[C@@H]2CCC[C@H](C)C2)C1,0.77908474,-8.401,0.7858065,0
ZINC000358234283,C[C@@H](O)CN(C)C(=O)[C@@H](C)C(C)(F)F,0.29530975,-5.872,0.09041433,0
ZINC000518540370,CO[C@@H](CN)C(=O)NCCN1CC[C@H](C)C1,0.46063113,-6.121,0.3920142,0
ZINC000600528761,COC(=O)C[C@H](C)S[C@@H]1CCCC[C@@H]1C,0.42249194,-6.807,0.24514538,0
ZINC000618098549,C[C@@H]1CN(C(=O)Cc2cncnc2)C[C@@H](C)C1=O,0.5212158,-8.042,0.31231412,0
ZINC000622384392,O=C(NCC1(O)CCC1)c1cnn2c1CCC2,0.48391202,-8.008,0.24195349,0
ZINC000634568337,CCc1cc(-c2nc(CC(=O)NC)no2)n(C)n1,0.5047568,-7.289,0.35799444,0
ZINC000641501534,CCC1(O)CN(c2ncncc2C)C1,0.58730984,-6.436,0.61020494,0
ZINC000682040162,CC[C@@H](NC(=O)c1cnco1)c1ncc[nH]1,0.37611872,-6.376,0.19809224,0
ZINC000814933284,CC(=NN[C@H]1CCSC1)c1c[nH]nc1C,0.6132713,-6.991,0.6039328,0
ZINC000819685169,CO[C@H](C(=O)N[C@@H]1CC[C@H]1O)C1CC1,0.34305355,-6.202,0.1506827,0
ZINC000848723929,O=C(OCc1cnsn1)[C@H]1CCC[C@@H]1O,0.5093774,-6.765,0.42162406,0
ZINC000859825323,CN(Cc1ccc[nH]1)C(=O)[C@H]1CCOC(=O)N1,0.45559862,-6.986,0.29211733,0
ZINC000861978332,COCC1(C(=O)NC[C@H]2COCO2)CCC1,0.33598003,-6.375,0.11868509,0
ZINC000883434127,C=C/C=C/CCNC(=O)NCc1cc(C)[nH]n1,0.43737832,-7.001,0.2544651,0
ZINC000893941398,CCN(CC(=O)NC)Cc1ocnc1C,0.32718444,-5.576,0.18432817,0
ZINC000928899240,C[C@H]1COC[C@H]1NC(=O)CCc1ccccc1,0.48781893,-8.603,0.18783483,0
ZINC001141007612,COC(=O)CC[C@@H]1CCN(Cc2ncco2)C1,0.54517454,-6.558,0.51405525,0
ZINC001207083284,Cc1cnc(CN(C)CCF)cn1,0.5941041,-5.5,0.720973,0
ZINC001233851061,Nc1ncncc1O[C@@H]1C=CCCC1,0.41762438,-6.654,0.25140953,0
ZINC000003832614,O=[N+]([O-])c1ccc2[nH]c(C(F)(F)F)nc2c1,0.44110736,-7.691,0.19011763,0
ZINC000018206057,Cc1cc(=O)n2ncc(C(=O)O)c2[nH]1,0.51877326,-7.471,0.36683857,0
ZINC000075779084,CCc1nc(CN(C)CC[C@@H](C)O)no1,0.43183115,-5.969,0.35076642,0
ZINC000083833899,NC1(C(=O)Nc2ccccc2F)CC1,0.4652931,-7.329,0.27566195,0
ZINC000127109901,C[C@@H]1CN(C(=O)c2ccc[nH]2)CC[C@@H]1O,0.40132722,-7.117,0.17099145,0
ZINC000132479957,CO[C@H](C)[C@@H](C)NCc1nccs1,0.38630688,-5.275,0.3327372,0
ZINC000164341900,CC[C@@H](C)CCNCc1cccs1,0.5237921,-6.34,0.4943624,0
ZINC000178522853,CC[C@@H](SC)C(=O)NC1CCSCC1,0.36822942,-5.858,0.23631701,0
ZINC000190299504,c1cc(COc2ccc([C@@H]3CCOC3)cc2)no1,0.5630292,-8.177,0.38110775,0
ZINC000252697711,CCCCN1CCC[C@H]1C[C@H](C)O,0.43919033,-6.323,0.32854143,0
ZINC000257327373,Cc1nc([C@@H]2CCN(C)C2)c2sccn12,0.55910295,-6.331,0.56524575,0
ZINC000281098538,C[C@@H](NC(=O)NCCF)c1ccc(C#N)cc1,0.5467993,-7.745,0.3938698,0
ZINC000286946498,C[C@@H](C(=O)N[C@H]1CCC1(C)C)c1cccnc1,0.44711912,-7.805,0.1901746,0
ZINC000306369967,CC[C@H]1[C@H](C)CCN1CC#N,0.5134543,-6.084,0.5004988,0
ZINC000308661967,C[C@@H](CC1CC1)NCCc1cn[nH]c1,0.54194146,-6.593,0.5040121,0
ZINC000336730303,O=C(O)C(=O)N[C@@H]1COc2ccc(Cl)cc21,0.43055695,-7.627,0.17587186,0
ZINC000351783636,CCSCCn1cncc(C#N)c1=O,0.3944571,-6.144,0.25853828,0
ZINC000379918383,CC[C@]1(NCc2ccsc2Cl)CCOC1,0.43467414,-6.38,0.31366938,0
ZINC000459624469,Cc1cc(CN2CC(OC(F)F)C2)no1,0.50435984,-6.226,0.46772075,0
ZINC000564892301,CO[C@@H]1CN(c2cncc(C#N)n2)CCO1,0.48161197,-6.563,0.38762373,0
ZINC000619053768,CCCCC(=O)N1CCC(=O)N(C)CC1,0.3492989,-6.592,0.122508615,0
ZINC000673078526,C[C@@H]1C[C@H]1NC(=O)N1CC[C@@H](CO)C1,0.3698136,-6.632,0.15898784,0
ZINC000834426659,O=C(Cc1ncc[nH]1)N[C@@H]1CC12CCCC2,0.4166756,-7.197,0.19307816,0
ZINC000853020093,C#CCOCCOc1ccc(C)nc1Cl,0.40877315,-6.509,0.24895066,0
ZINC000904366643,Cc1nc(CCNC2CC(CN)C2)cs1,0.4292345,-6.289,0.31235453,0
ZINC000908090811,Cn1cnc(CNC(=O)OC[C@@H]2CCCO2)c1,0.38981777,-6.482,0.21420877,0
ZINC000938995657,CCC(=O)N[C@@H]1CCN(C(=O)C(F)F)C1,0.32449576,-6.695,0.06266766,0
ZINC001184152666,Cn1ccnc1NC(=O)[C@H]1CCCC[C@@H]1CO,0.45854074,-7.541,0.240246,0
ZINC001205026307,C=CCO[C@@H]1CC[C@H](C#N)C1,0.33950272,-6.102,0.15404513,0
ZINC000048113611,C[C@@H](NC(=O)NCCCn1cccn1)C1CC1,0.3907798,-6.835,0.17941552,0
ZINC000070911870,NC[C@@H]1CN(CCC(F)(F)F)CCO1,0.34157664,-5.993,0.16948527,0
ZINC000283216271,Cc1cccc(CCNC(=O)[C@H]2COC(=O)N2)c1,0.7703755,-8.544,0.7536875,0
ZINC000331838363,CC[C@@]1(C)C[C@@H]1C(=O)NCc1[nH]cnc1C,0.40036073,-7.583,0.120630234,0
ZINC000335311517,COc1ccc2c(c1)ncn(CCF)c2=O,0.43236902,-7.604,0.18185252,0
ZINC000409433818,CC1(C)CN(C2CC2)C(=O)O[C@@H]1C=O,0.34473032,-6.694,0.10285445,0
ZINC000443866191,NS(=O)(=O)[C@H]1CCN(Cc2cncs2)C1,0.35446227,-6.66,0.12566729,0
ZINC000598651120,C[C@H]1CCN(CCCSCC#N)C[C@@H]1CO,0.4608353,-6.673,0.33503115,0
ZINC000628425662,C[C@@H]1CSC[C@@H]1Nc1cnn(CCF)c1,0.36337274,-6.342,0.17637837,0
ZINC000639358094,CO[C@H](CNCC(C)(C)F)[C@@H]1CCOC1,0.30161238,-5.851,0.10508245,0
ZINC000641608172,CNC(=O)[C@H](C)Nc1cc(C2CC2)ncn1,0.42377174,-7.482,0.17750557,0
ZINC000854809248,C/C=C/C(=O)N1CCS(=O)(=O)C[C@H]1C1CC1,0.38601482,-7.265,0.12527247,0
ZINC000870207799,COC/C=C\C(=O)OC1([C@@H]2CCOC2)CC1,0.37120438,-6.948,0.1288906,0
ZINC000895769917,CN1CC[C@@H]1CNc1cc(=O)n(C)c(=O)n1C,0.5344385,-6.781,0.4696044,0
ZINC000922251287,C=CCCCNC(=O)N1CCOC[C@H]1COC,0.5295286,-6.444,0.49491388,0
ZINC001347836151,CCN(OC)C(=O)c1cscc1C#N,0.3599529,-5.741,0.23208565,0
ZINC001444917787,COC/C=C\C(=O)Nc1cc(C(C)C)on1,0.4928496,-6.943,0.37037852,0
ZINC001521428862,CC1=CCCN(C(=O)/C=C/c2nccs2)C1,0.569229,-7.43,0.47104928,0
ZINC001601087994,N#Cc1cc(CN2CCC[C@H]2C(=O)O)cs1,0.45452148,-7.234,0.2642008,0
ZINC000036283687,COC(=O)N(C)C1CCNCC1,0.5640378,-5.268,0.6855338,0
ZINC000120141408,COC[C@H](O)CNC(=O)Nc1ccnc(C)c1,0.5301062,-6.891,0.44958657,0
ZINC000159204290,Cc1cnc(CS(C)(=O)=O)s1,0.36902237,-5.197,0.3066073,0
ZINC000274474624,FC1=CCCN(Cc2cnc3cnccn23)C1,0.6515408,-7.673,0.60883856,0
ZINC000330205475,C[C@H]1OCC[C@@H]1NS(=O)(=O)C1COC1,0.31470877,-6.237,0.09089552,0
ZINC000361247900,O=C(NC[C@H](CO)[C@H]1CCOC1)c1nc[nH]n1,0.37786862,-6.971,0.13970068,0
ZINC000423235699,CC[C@H](NCC[C@H](C)N)c1cccs1,0.4671123,-5.739,0.44456667,0
ZINC000451081022,CN(C)C(=O)CSCCOC1CCCC1,0.3551101,-5.693,0.22748277,0
ZINC000597566843,C[C@@H](C#N)NC(=O)C[C@H](C)[C@@H]1CCCO1,0.38978553,-7.157,0.1439699,0
ZINC000640489657,CCc1ccc(CN2C[C@H]3C[C@@]3(O)C2)nc1,0.6498487,-7.412,0.6326209,0
ZINC000641012361,CCCC1(CNC(=O)N[C@@H](C)C(F)F)CCC1,0.44641724,-7.159,0.25594428,0
ZINC000662485161,C[C@H](Cc1cccs1)NC(=O)[C@H]1C[C@H](N)C1,0.51261777,-6.865,0.41764662,0
ZINC000768482729,CN(C)c1ncc(NC(=O)C(C)(C)F)cn1,0.5128538,-6.45,0.46125874,0
ZINC000892059153,C#CCN(CC#C)Cc1nccn1C1CC1,0.45320752,-6.524,0.33541164,0
ZINC000906196671,CC(C)[S@@](C)(=O)=NC(=O)C1=CCC1,0.50224364,-6.751,0.4089482,0
ZINC000907470544,COC(=O)Cn1ncc(NC(=O)CCF)c1C,0.36343282,-6.244,0.18668571,0
ZINC000915459095,CC(C)=CCOC(=O)CN1CCCCC1=O,0.36202154,-6.851,0.1207846,0
ZINC001139831124,Fc1cc(CN2CC(C3COC3)C2)ccn1,0.6317227,-7.243,0.6142847,0
ZINC001161625441,C=C/C(=N/CC(F)(F)F)NCOC,0.4413103,-5.411,0.427555,0
ZINC001163373923,C=C(C)CNc1ncc(OC)cc1C#N,0.5579804,-6.532,0.5421255,0
ZINC001225596178,O=C1OCCC[C@H]1Oc1ccc(Cl)nc1,0.40211526,-7.263,0.15737393,0
ZINC001263778970,CCON(C)C(=O)NC[C@H]1C[C@@H]1C1CCCC1,0.45380434,-7.34,0.25176018,0
ZINC001334726992,CON(C)CCCNC(=O)[C@H]1CCC[C@H](F)C1,0.491071,-7.266,0.33327526,0
ZINC000061668092,CCCOc1cccc(C(=O)N2CC[C@@H](N)C2)c1,0.5889096,-8.178,0.43227053,0
ZINC000182289034,CC[C@@H]1CCN(CN2CC(=O)N(C)C2=O)C1,0.5661437,-7.144,0.494671,0
ZINC000343776640,CC1(C)C[C@@H]1NC(=O)CSc1nncs1,0.37013847,-6.738,0.14861134,0
ZINC000381692272,CCOCC(=O)NCCn1cncn1,0.29991174,-5.86,0.100777954,0
ZINC000381858015,COC[C@@]1(C)CCN([C@@H](C)C(N)=O)C1,0.3291287,-5.868,0.15782245,0
ZINC000409426653,O=c1n(CC2CC2)ncn1[C@H]1CCNC1,0.37351063,-6.605,0.16911836,0
ZINC000416398885,CCCCCc1nc(C(C)=O)c(C)s1,0.43693474,-6.575,0.29787463,0
ZINC000527822897,c1cc2cc(CNCC3COC3)ccc2[nH]1,0.751412,-7.419,0.8330808,0
ZINC000613318111,CN(C[C@H]1CCCC[C@H]1O)C(=O)CCCF,0.35247773,-6.987,0.087740235,0
ZINC000630790540,COCCN(C)C(=O)c1cc(CO)c(C)o1,0.360004,-6.214,0.18301244,0
ZINC000669449445,Cc1c[nH]nc1C(=O)N1CCc2ccsc2C1,0.49511704,-7.552,0.31155676,0
ZINC000696138822,C=CCCSCCNC[C@@H]1CCCOC1,0.4331112,-6.199,0.32939062,0
ZINC000793275892,C=C[C@H](C)OC(=O)[C@H]1CCC(=O)c2ccccc21,0.7130661,-8.472,0.64764816,0
ZINC000802767092,Cc1cc(O)c(COC(=O)COC(F)F)nn1,0.42387572,-6.555,0.27408513,0
ZINC000804782561,Clc1cc(N2CCC[C@H]3C[C@H]32)nc(C2CC2)n1,0.52153534,-8.041,0.31305107,0
ZINC000809136948,Cn1nncc1COC(=O)C1=COCCO1,0.34981355,-6.196,0.16469742,0
ZINC000815237095,CCC1=C(C(=O)O[C@@H]2CC[C@H](C)C2)CCCO1,0.49649295,-7.774,0.29120255,0
ZINC000891115895,CC[C@@H]1C[C@H]1C(=O)NCC#C[C@@H]1CCCCO1,0.4903276,-8.269,0.22752789,0
ZINC000894050439,Cc1ncoc1CN1CCOC2(CCC2)C1,0.41601908,-7.232,0.188139,0
ZINC001204055336,O=C1CN(Cc2ccccn2)CCC[C@H]1F,0.43006712,-7.468,0.19143163,0
ZINC001217966360,C[C@@H]1CNC[C@@H]1Oc1cccc(Cl)c1,0.5434337,-7.399,0.42317405,0
ZINC001229704012,CCN1CC(Oc2ccc(C(F)F)cc2)C1,0.6716773,-7.145,0.7036195,0
ZINC001333586629,c1nc(CN[C@H](c2cccnc2)C2CC2)n[nH]1,0.5389881,-7.136,0.44170997,0
ZINC000187656824,CN1CC[C@H](CSc2nncn2C)C1,0.39306784,-6.51,0.21773584,0
ZINC000274097138,C#CCN(C(=O)[C@@H]1C[C@H]1OCC)C1CC1,0.34925866,-6.253,0.15767232,0
ZINC000307147938,C[C@@H](O)C(=O)N1CCS[C@H](C)C1,0.3048274,-5.429,0.15532346,0
ZINC000334936106,Cc1nn(C)c(OCc2nccs2)c1C,0.41917533,-6.414,0.2794329,0
ZINC000335832802,COC(=O)[C@H]1C[C@H]1C(=O)N1CCCSCC1,0.37578854,-6.144,0.22155756,0
ZINC000336419101,CCCNS(=O)(=O)c1sccc1Cl,0.42233902,-6.206,0.30732417,0
ZINC000344011719,CCC(=O)CNC(=O)COC[C@H]1CCOC1,0.4171626,-6.11,0.3070506,0
ZINC000515336325,COc1ccc(F)c(N(C)Cc2ccccc2)n1,0.5697609,-7.637,0.4505826,0
ZINC000637970040,CCN[C@H](C)C(=O)N1CCO[C@@H](C(N)=O)C1,0.46007416,-6.197,0.38300967,0
ZINC000638141460,C[C@]1(C(=O)NCc2ccco2)CNCCO1,0.38543594,-7.404,0.10967493,0
ZINC000663218463,CN(c1nc(-c2ccncc2F)cs1)C1CC1,0.530348,-7.028,0.4358226,0
ZINC000665012810,Cc1ccc(Cc2noc(C3(F)CC3)n2)cc1C,0.5757133,-9.459,0.27295333,0
ZINC000669378246,CNS(=O)(=O)c1sccc1C1OCCO1,0.3991798,-6.153,0.26695782,0
ZINC000803281754,CC[C@](C)(C#N)C(=O)NCc1cccnc1F,0.5173771,-7.917,0.31770533,0
ZINC000844201790,C[C@@H](N)C[C@@H](C)NC(=O)c1ncccn1,0.48252034,-6.423,0.40397793,0
ZINC000853225239,C[C@@H](OC(=O)[C@H](C)C(C)(F)F)c1nc[nH]n1,0.3742917,-6.258,0.20674069,0
ZINC000873458596,C[C@@]1(C(=O)OC[C@@H]2CCOC2)CCC(=O)N1,0.35395238,-6.805,0.10958266,0
ZINC000885802803,Cc1nc(C(=O)NCC2(N)CC2)no1,0.39566514,-6.25,0.24991125,0
ZINC000922622200,C[C@@H](F)CCNC(=O)N[C@H]1C[C@H](CO)C1,0.35219577,-6.419,0.14623263,0
ZINC001119583658,CC(=O)C1(NC(=O)c2cccc(F)c2)CC1,0.4721902,-8.017,0.217798,0
ZINC001158814517,C=C[C@@H](CO)Nc1c(C)nc(Cl)nc1OC,0.43920526,-6.583,0.30154064,0
ZINC001173865161,Cc1nccnc1Nc1ccc(F)c(F)c1,0.46718657,-7.485,0.2631945,0
ZINC001228256791,C[C@H](CON)Oc1cc(Cl)cc([N+](=O)[O-])c1,0.48267224,-6.8,0.36508483,0
ZINC001242014195,CO[C@@H](C)c1cccc(-c2ncncc2F)c1,0.49189052,-8.355,0.22168307,0
ZINC001243065507,Cc1occc1-c1cn2ncnc2cc1F,0.44248837,-7.818,0.17964998,0
ZINC001243339683,N#Cc1nccc(-c2ccc(O)c(F)c2F)n1,0.518657,-8.213,0.28946787,0
ZINC001335530035,O=C1CC[C@H](c2nc([C@@H]3CCCO3)no2)O1,0.47855157,-7.717,0.26158816,0
ZINC000157928486,CCC(=CC(=O)N1CCC[C@@H](N)C1)CC,0.45358595,-7.175,0.26848143,0
ZINC000293487681,Cn1ncc(CN[C@H]2C[C@@H]2Cc2ccccc2)n1,0.72008026,-8.008,0.7097814,0
ZINC000336333455,O=C(NCc1cc[nH]n1)N1CCC(F)(F)C1,0.44155225,-7.48,0.21293509,0
ZINC000344928248,CSCC(=O)N[C@H](CO)[C@H]1CCCO1,0.3130585,-5.641,0.1495884,0
ZINC000350358210,O=C(NCC1CC1)c1ccccc1OC1CC1,0.47171634,-7.578,0.26249903,0
ZINC000402700827,CCN(C(=O)C(C)C)[C@@H]1CCCOC1,0.6059402,-6.053,0.6869278,0
ZINC000566464713,C[C@H](C(=O)N[C@]1(C(N)=O)CCOC1)C1CC1,0.43796018,-7.014,0.2542662,0
ZINC000629080534,CCO[C@@H](CN1C(=O)NC(C)(C)C1=O)C1CC1,0.33952183,-6.807,0.080789074,0
ZINC000677503099,Cc1cnc(Sc2nnnn2C2CC2)nc1,0.59758645,-7.023,0.56953573,0
ZINC000742528076,Cc1ccc([C@H](C)C(=O)N2CCC(O)CC2)o1,0.46835843,-8.036,0.20823231,0
ZINC000770058570,C[C@@H]1CC/C(=C/C(=O)NCc2ncccn2)C1,0.5050295,-7.99,0.2856567,0
ZINC000777801205,Clc1cc(N[C@@H]2CCn3ccnc3C2)ccn1,0.6119206,-7.509,0.54740435,0
ZINC000794820987,CCCNC(=O)CNC(=O)[C@@H]1CCO[C@H]1CC,0.44687635,-6.893,0.28450784,0
ZINC000817618915,CC(=O)CN(CC(C)C)C(=O)c1nonc1C,0.41124246,-6.676,0.23648028,0
ZINC000828162088,C[C@@H]1CC(C)(C)CC[C@H]1NC(=O)O,0.37603092,-7.225,0.1096538,0
ZINC000833568577,C[C@@]1(NC(=O)O)CCCOC1,0.32525918,-5.713,0.16627151,0
ZINC000859055850,C#CCCOC(=O)NC[C@H](C)c1ccncc1,0.60749114,-8.149,0.47209382,0
ZINC000890679390,CCC1(CC(=O)N2CC[C@H](O)[C@@H](F)C2)COC1,0.36433282,-7.231,0.085857175,0
ZINC000899140248,CCN1CCN(C(=O)CNC(=O)CO)CC1,0.38156572,-5.931,0.25514573,0
ZINC000901396559,CCOC(=O)Cc1cc([C@H]2CCCO2)no1,0.3575529,-6.834,0.11369998,0
ZINC000903191018,C[C@@H](NCc1nc2c(s1)CCC2)c1ncc[nH]1,0.5970776,-7.28,0.5418093,0
ZINC000930885572,C#C[C@@H]1CCCN(CC2CC(C)C2)C1,0.60268205,-7.358,0.54480207,0
ZINC001154934695,O=C1C[C@@H](CNc2ccc(Cl)nn2)CCN1,0.6195168,-7.862,0.52575284,0
ZINC001226096409,COc1cncc(O[C@@H](C)c2nccs2)c1,0.43385732,-6.406,0.3093483,0
ZINC001241534490,Fc1cccnc1-c1cccn2ccnc12,0.46465653,-8.044,0.20006746,0
ZINC001249632397,Cc1c(N)c(F)ccc1Nc1cccnc1F,0.4548674,-8.282,0.15593289,0
ZINC000008581880,CN(C)c1ccncn1,0.4928581,-4.798,0.5933958,0
ZINC000019422088,NCCCNC(=O)CCOc1ccccc1,0.51433986,-6.778,0.43010265,0
ZINC000053133118,c1cncc(Cc2noc([C@@H]3CCCCN3)n2)c1,0.44188735,-8.037,0.1556915,0
ZINC000271883939,CCc1nc(CNc2c(C)cccc2F)no1,0.5774292,-7.778,0.45111403,0
ZINC000290988057,CC1(NC(=O)NCCc2cn[nH]c2)CCCC1,0.49437657,-7.551,0.3101939,0
ZINC000304195571,C=CCOCCN[C@@H]1CCc2cccnc21,0.6463198,-6.788,0.69050336,0
ZINC000308390235,C=CCCOc1ccc(C)nc1Cl,0.44736362,-6.35,0.34192494,0
ZINC000318972500,CC[C@](C)(CNC1CC=CC1)OC,0.36878505,-5.78,0.24552679,0
ZINC000339520957,CC(C)CSCCNC(=O)C1CCC1,0.3706362,-6.036,0.22257923,0
ZINC000392355727,CCc1nc(CN[C@H](C)c2cncs2)n[nH]1,0.4992186,-6.433,0.43601608,0
ZINC000422906629,C[C@H](NCc1ccc(F)c(F)c1)C1CNC1,0.58071315,-7.738,0.46177778,0
ZINC000490987013,C#CCN(CC#N)C(=O)c1cccc2[nH]ncc21,0.58325076,-8.323,0.40598625,0
ZINC000594902324,CC1(C)C[C@@H](Sc2cccnc2C#N)CO1,0.5546105,-7.425,0.4426112,0
ZINC000601048544,CC(C)SC[C@@H]1CC(C)(C)CO1,0.6320372,-6.077,0.7361285,0
ZINC000724753806,CCCN(CC1CC1)C(=O)C[C@@H](N)C(F)F,0.37370524,-6.341,0.19695006,0
ZINC000736563586,C[C@H](CCN(C)C)NC(=O)C(C)(C)NC(=O)O,0.3181467,-6.273,0.09396314,0
ZINC000787539713,C[C@H]1C(=O)N(C)CCN1C(=O)C(F)F,0.3723956,-6.394,0.18884574,0
ZINC000794997954,C=CCNN=C[C@H]1CCO[C@@H](CC)C1,0.5006147,-6.366,0.44574714,0
ZINC000803508089,O=C(OCCCCCO)c1ccnc(F)c1F,0.33855602,-6.933,0.06577657,0
ZINC000809795103,CON=CC(=O)N1C[C@@H]2CCC[C@H]2[C@H]1C(N)=O,0.38489282,-7.304,0.118995376,0
ZINC000832047559,C=CC[C@@H](CO)NC(=O)Nc1cccnc1F,0.45275936,-7.161,0.2682995,0
ZINC000842446287,CCC/C=C/C(=O)OCc1nn(C)cc1Cl,0.45213568,-7.068,0.27673262,0
ZINC000860580070,N=C(O)OCCNC(=O)c1cc(O)ncn1,0.3143006,-6.455,0.067423046,0
ZINC001174295999,COC(=O)c1c(F)cccc1Nc1cn[nH]c1,0.5228446,-7.386,0.3837404,0
ZINC001331260798,C[C@@H]1C[C@@H]1[C@H]1C[C@@H]1CNC(=O)N1CCC1,0.400172,-7.255,0.15435618,0
ZINC000034410145,O=C(c1ccccc1)N1CCC[C@@H](O)C1,0.499864,-8.13,0.2608695,0
ZINC000060657177,Cc1ccc(-n2cnnc2SCCO)c(C)c1,0.43598416,-7.893,0.15896854,0
ZINC000089170223,O=C(O)c1ccnc(NC[C@@H]2CCC[C@@H]2O)c1,0.48097515,-7.909,0.24642816,0
ZINC000108953134,O=C(c1cncc(O)c1)N1CCC[C@@H](CO)C1,0.4357264,-7.493,0.20004308,0
ZINC000134043656,C[C@H]1OCC[C@@H]1NCc1nccn1C,0.3813105,-5.964,0.25120938,0
ZINC000156610816,C[C@H](C(=O)NCC(F)(F)F)N(C)CC(F)F,0.28685105,-6.276,0.03165738,0
ZINC000178080757,C=CCCCC(=O)Nc1ccc(OC)nc1C,0.37540764,-6.963,0.1356574,0
ZINC000180421822,Cc1cnc(CN2CCC[C@H](C)C2)s1,0.5536364,-6.407,0.5465157,0
ZINC000201887328,CC(=O)N1CCCC[C@H]1CCCC(=O)O,0.5161276,-6.552,0.45713964,0
ZINC000306485833,CCS(=O)(=O)c1ncccc1C,0.3709651,-6.499,0.17509592,0
ZINC000309180808,Cc1cccc(F)c1CNCC1(C)CC1,0.47587043,-6.903,0.3409029,0
ZINC000334150332,C[C@@H]1C[C@@H]1CC(=O)N1CCCCCO1,0.363927,-6.885,0.12102443,0
ZINC000335143025,CCc1nc(CN2C[C@@H](C)S[C@@H](C)C2)n[nH]1,0.5872881,-6.925,0.5593239,0
ZINC000341515569,CCn1nccc1NC(=O)[C@H]1C[C@@]1(C)CC,0.4110441,-7.464,0.15416457,0
ZINC000351382073,C=CCCCc1nc(-c2cc(O)ncn2)no1,0.5130771,-7.685,0.33330688,0
ZINC000432445347,C=CCN(C)C(=O)NC[C@H]1CC[C@@H](CO)O1,0.4306788,-6.463,0.29712605,0
ZINC000590488688,Cn1c(=O)ccn(CC(=O)N2CC(C#N)C2)c1=O,0.37702894,-7.558,0.07701114,0
ZINC000613021694,CC(C)(CO)NC(=O)[C@H](O)C1CC1,0.3380413,-5.894,0.17277443,0
ZINC000618154051,CCn1cc(CNC(=O)c2cnc[nH]2)nn1,0.34190705,-6.325,0.13562414,0
ZINC000633612184,C=CCCNC(=O)CC1CSC1,0.3896719,-5.766,0.2883572,0
ZINC000650923471,CC[C@@](C)(CNC(=O)CCn1cccc1)OC,0.4239646,-6.927,0.235587,0
ZINC000656229960,C[C@@H](O)CN(c1ncnc2[nH]ccc21)C1CC1,0.5497445,-7.192,0.4571954,0
ZINC000839112882,O=C(Nc1cnsn1)N[C@H](CO)C1CC1,0.45990357,-6.041,0.39889002,0
ZINC000849635656,CC(C)[C@@H](O)COC(=O)C1CC1,0.29150847,-5.702,0.100557975,0
ZINC000859121067,CCCOC(=O)Oc1ccc2c(c1)NC(=O)CC2,0.4004385,-8.257,0.050713256,0
ZINC000870295709,Cc1cnc(F)c(C(=O)O[C@H]2CCO[C@H]2C)c1,0.49657643,-7.441,0.32598752,0
ZINC000883780822,CN(CC(F)F)C(=O)NC[C@@H]1C=CCC1,0.33600968,-6.967,0.057197787,0
ZINC000895968378,CO[C@H]1CN(Cc2ccc(CO)o2)CCO1,0.46938896,-6.523,0.36756957,0
ZINC000902900336,COC(=O)[C@@]1(C)CCN(C(=O)OC2COC2)C1,0.35736626,-6.766,0.1203998,0
ZINC000930067824,N#Cc1cncc(CN2CCc3c[nH]nc3C2)c1,0.58071095,-8.311,0.4022027,0
ZINC001163367924,C#CCNc1nccc(Br)c1C#N,0.45894527,-6.66,0.33263868,0
ZINC001185659205,O=C(Nc1cn(CCF)cn1)Nc1cccnc1,0.45028558,-6.859,0.294796,0
ZINC000002560620,CCOC(=O)c1cc(C)cc(C)c1,0.4203963,-6.837,0.23787522,0
ZINC000031374883,N#C[C@H]1CN1,0.23423608,-3.854,0.17923006,0
ZINC000048674640,C/C(=C\C(=O)N[C@@H]1CCS(=O)(=O)C1)C1CC1,0.474363,-7.355,0.29092553,0
ZINC000295886544,c1nnsc1CNC1(c2ccccc2)CC1,0.64607394,-7.715,0.59364265,0
ZINC000319092181,CC[C@](C)(CNCCCn1cncn1)OC,0.49038023,-5.839,0.48026198,0
ZINC000334824842,Cc1cscc1N[C@H](C)c1ccn(C)n1,0.503696,-6.582,0.42939496,0
ZINC000345423830,Cc1cccc(COc2nc(C(C)(C)C)no2)n1,0.50757307,-8.175,0.27146214,0
ZINC000493863672,O=C(/C=C/c1cscn1)N[C@@H]1C[C@H]1CO,0.47451356,-6.87,0.34164584,0
ZINC000573623200,CC[C@@H](CNC(=O)c1[nH]c(O)nc1C)OC,0.3750759,-6.574,0.17544188,0
ZINC000601095022,CCOC(=O)CCSCc1noc(C)n1,0.29834658,-5.793,0.10464304,0
ZINC000622337917,O=C(NCCc1nccs1)[C@H]1CC1(F)F,0.36166126,-6.586,0.1476211,0
ZINC000636322352,CC(C)OC1CN(C(=O)CCCF)C1,0.31067818,-5.689,0.13988297,0
ZINC000636562293,COCCCCNC(=O)N[C@]12C[C@H]1CCCC2,0.38808727,-6.972,0.15983894,0
ZINC000647314675,C[C@@H]1CN(C(=O)[C@@H]2CCO[C@@H]2C)[C@H]1C,0.37976846,-6.569,0.18525723,0
ZINC000661690447,C[C@@H](C(N)=O)N1CCC[C@@H](CCF)C1,0.38851103,-6.472,0.21265987,0
ZINC000820764514,C#CCN(C(=O)NCCC=C)C1CCCC1,0.3781037,-6.879,0.14973095,0
ZINC000853894490,COC(=O)CCCN(C)c1cc(F)ncn1,0.3611767,-6.422,0.16371116,0
ZINC000876951616,C[C@H]1C[C@H](N)CCN1C(=O)CN1CCOC1=O,0.395102,-6.991,0.17175922,0
ZINC000889585853,CC(C)c1cc(C(=O)N[C@@H]2C[C@@H]3CCC[C@@H]23)n[nH]1,0.5348449,-8.659,0.27516705,0
ZINC000903836030,C[C@@H](c1noc(-c2cccnn2)n1)[C@H]1CCCO1,0.5917323,-8.029,0.45335257,0
ZINC000905926771,Cc1n[nH]cc1CNC(=O)C1(C2CC2)CCC1,0.417423,-7.719,0.14029013,0
ZINC000922490523,Nc1ccc(COC(=O)[C@H]2CCC[C@@H]2O)cn1,0.44739005,-8.197,0.14995784,0
ZINC000953468154,CN(C(=O)C1CC1)C1CN(C(=O)c2cn[nH]c2)C1,0.38480997,-6.892,0.16166393,0
ZINC001121133824,CCc1cccc(CNC(=O)[C@H]2C[C@@H]2F)c1,0.6178202,-8.438,0.46250948,0
ZINC001201581968,CCN1CC[C@@H](Oc2cc(F)ccc2F)C1,0.74232614,-7.475,0.8092607,0
ZINC000013755858,CC[C@@H]1CCNC1=O,0.33976632,-5.372,0.2304602,0
ZINC000037694428,CC[C@H](O)Cn1nc(C)cc1C,0.5667133,-6.237,0.5900936,0
ZINC000038996008,C[C@@H]1C[C@@H](C)N1Cc1ccccc1,0.7292027,-7.238,0.8079035,0
ZINC000123489416,C[C@@]1(CNC(=O)C[C@H]2C=CCC2)CCCO1,0.40739444,-7.989,0.092354454,0
ZINC000151511741,C/C=C/CSCc1cc(C#N)ccc1OC,0.4322496,-6.542,0.29202458,0
ZINC000229064630,C=C[C@H](C)NC(=O)Cc1sc(S)nc1C,0.47244132,-6.39,0.3874431,0
ZINC000252486954,O=C(O)[C@@H]1CCCC[C@@H]1C(=O)NC[C@H]1CO1,0.35884225,-6.946,0.10461028,0
ZINC000268393529,C#CCNC(=O)N1C[C@@H](C)O[C@@H](C(N)=O)C1,0.54267824,-7.296,0.4323856,0
ZINC000309183506,Cc1ccc(F)cc1Cn1cc(C#N)cn1,0.473261,-8.098,0.21149814,0
ZINC000335577283,CC1(F)CC(NC(=O)[C@@H]2C[C@H]2c2cccnc2)C1,0.5179644,-8.979,0.2084602,0
ZINC000497188957,COc1ccccc1SC[C@H]1COC(=O)N1,0.53830624,-6.88,0.46697366,0
ZINC000598137168,C[C@@H](C#N)N(C(=O)c1cncn1C)C1CC1,0.32523882,-6.237,0.111754596,0
ZINC000769890873,CN(C)c1noc(CCC(=O)c2ccccn2)n1,0.41025883,-7.663,0.13192044,0
ZINC000799484446,CC(=NOC1CCCC1)c1cnoc1C,0.4456614,-7.666,0.20173782,0
ZINC000816280956,CS[C@@H](C)C(=O)OCCn1cnccc1=O,0.3571837,-6.476,0.15018739,0
ZINC000829302548,C(CC1CCCC1)NC1=NCCCCN1,0.63808596,-7.373,0.6133746,0
ZINC000831985865,O=C(O)N1CCC[C@@H](Nc2ccccc2)C1,0.5703203,-7.938,0.42039788,0
ZINC000845617461,C=C[C@H](C)ONC(=O)N1CC[C@@H](CO)C1,0.38256297,-6.68,0.17925298,0
ZINC000874046927,O=C(O)[C@H]1C[C@@H](NCc2cccs2)C1,0.48128483,-6.405,0.40340185,0
ZINC000881609951,CCOC(=O)NCC(=O)N1CCC(F)CC1,0.33511356,-6.456,0.10854772,0
ZINC000921417211,CONC(=O)CNC(=O)NC[C@H]1CCCS1,0.38160065,-6.47,0.1991789,0
ZINC000924281077,O=C(O[C@@H]1CCOC1)c1nccc2cccnc21,0.48979363,-8.069,0.24726273,0
ZINC000928554118,CN1CC[C@H]1CNC(=O)c1cnc2cccnn21,0.57049036,-7.577,0.45826536,0
ZINC001243424404,Oc1cc(-c2ccc3cncn3c2)ccn1,0.51852095,-8.315,0.27859402,0
ZINC000043333215,CCc1cccc(NC(=O)NC[C@H]2C[C@@H]2C)c1,0.7737518,-8.096,0.80695105,0
ZINC000043639166,CCN(CC(N)=O)CC(F)(F)F,0.25674456,-5.038,0.10072526,0
ZINC000080131777,N[C@@H]1C[S@](=O)C[C@H]1C(=O)O,0.29082298,-5.418,0.12872559,0
ZINC000097162224,C[C@@H](O)[C@H]1CCCN(Cc2ccsc2)C1,0.45378995,-6.735,0.3146292,0
ZINC000129233724,CN(C[C@@H]1CCC[C@@H]1O)C(=O)c1cnsn1,0.35271502,-6.802,0.107443415,0
ZINC000261575885,O=C(c1cnsn1)N1CC[C@@H]2NCC[C@@H]2C1,0.43287158,-6.923,0.25364682,0
ZINC000307924324,COC/C=C\C(=O)OCCO,0.3173326,-4.519,0.27470136,0
ZINC000307942058,CC[C@@](C)(O)CNCC1(F)CC1,0.30353826,-5.627,0.13218513,0
ZINC000334299407,C[C@]1(F)CCN(C(=O)c2ccc(O)nc2)C1,0.3971415,-7.873,0.08410394,0
ZINC000378627145,CO[C@H]1CCCN(C(=O)C=C(C)C)CC1,0.3404783,-6.759,0.08767402,0
ZINC000617906518,CC(C)OCC(=O)N[C@@H](C)C1(CO)CC1,0.3073694,-5.986,0.10245164,0
ZINC000624481610,O=C(Nc1c(F)cccc1F)C12CC(C1)C2,0.43654644,-7.934,0.15581986,0
ZINC000656435277,CCOCc1cn(-c2cccc(C)c2)nn1,0.49613014,-8.015,0.26542878,0
ZINC000679629785,C=CCOCCNC(=O)N1CC[C@@H](CO)C1,0.34104198,-6.135,0.15366347,0
ZINC000779330523,C#CC(=O)Nc1cc2c(cc1F)NC(=O)CC2,0.42490476,-8.64,0.059360918,0
ZINC000842553789,CCCON=C(CC)[C@H]1C[C@H]1C,0.40848157,-5.914,0.31023097,0
ZINC000879001879,C#CCCCNC(=O)c1cc(C(F)F)[nH]n1,0.3767454,-7.534,0.07894461,0
ZINC000881672897,O=C(Cc1cncc(O)c1)N1CC[C@H](CF)C1,0.48748732,-8.005,0.24934776,0
ZINC000916566552,COC(=O)[C@H](C)SCCc1ccns1,0.38630983,-5.518,0.30748007,0
ZINC000922281547,O=C([C@@H]1CCOC(=O)N1)N1CC=C[C@@H]1CO,0.38195792,-7.431,0.09997829,0
ZINC000924068830,CCCCC1(c2nc(-c3coc(C)n3)no2)CC1,0.57812136,-7.985,0.43096483,0
ZINC001225668170,C#C[C@@H](CCC)Oc1nccc(O)c1[N+](=O)[O-],0.55307907,-7.394,0.44280034,0
ZINC001249939246,COCCc1cc(F)c(C#N)c(F)c1,0.43809718,-7.083,0.2473642,0
ZINC001290097572,O=Cc1cc(C(=O)N2CCc3ccccc32)co1,0.6668434,-8.388,0.56481814,0
ZINC001525403502,CN1C[C@@H](OC(=O)CC2CCCC2)CNC1=O,0.4505841,-7.924,0.18466687,0
ZINC000001585343,CN1CCC(C(C)(C)C)CC1,0.4772176,-5.992,0.43828174,0
ZINC000044926950,O=C(NCc1nnn[nH]1)c1ncccc1O,0.42290184,-6.844,0.24211073,0
ZINC000066927341,CCN1CCC[C@H]1CNC(=O)[C@@H](C)CSC,0.409193,-6.352,0.2661045,0
ZINC000075768900,CCc1nnc(CN2CCC[C@@H]3CCC[C@@H]32)o1,0.6432335,-7.708,0.58874375,0
ZINC000158098317,CC[C@@H](NC(=O)c1ccon1)c1ccncc1,0.5215758,-7.589,0.36012256,0
ZINC000166310589,COCCNC1CCC(O)(C(F)(F)F)CC1,0.45846942,-6.724,0.32504243,0
ZINC000179936408,COCCCCOC(=O)c1cnc(C)nc1C,0.5384077,-6.189,0.539013,0
ZINC000228242964,COC[C@H](CCO)N[C@@H](C)C(=O)O,0.35015863,-4.843,0.3060428,0
ZINC000230882964,Cn1ccc(CCNCc2cccc(F)c2)n1,0.55550575,-8.136,0.370467,0
ZINC000261594457,CC[C@H](OC)C(=O)N1CCO[C@@H](C(=O)O)C1,0.36267442,-6.274,0.18206452,0
ZINC000293602602,CCCc1nc(C)c(CNC(=O)C(C)(C)O)o1,0.6284823,-6.931,0.6403022,0
ZINC000306381794,C=C[C@H](C)NC(=O)c1ccn(C)n1,0.40691063,-6.146,0.28299966,0
ZINC000308448977,C[C@@H]1COCCN1C[C@@H](N)CC(F)F,0.34466958,-5.944,0.18070634,0
ZINC000381567067,C[S@](=O)C1(CNCc2ccc(CO)o2)CC1,0.43021765,-6.64,0.27781108,0
ZINC000393322826,C=C(CC)COC(=O)CC(C)C,0.30615312,-5.853,0.113869324,0
ZINC000402050536,N#CCc1ccc(Cn2cc(C3CC3)cn2)cc1,0.53573984,-8.636,0.27933097,0
ZINC000487526247,CC[C@@H]1CCN1C(=O)NCCCOC,0.3096532,-5.719,0.13473368,0
ZINC000562258410,CCc1nnc(N(CC)CC2CC2)n1CC,0.406536,-6.578,0.2373456,0
ZINC000563083420,CO[C@@H]1COC[C@H]1NCc1ccncc1F,0.58829576,-6.537,0.6016577,0
ZINC000638281922,CO[C@@H]1CN[C@@](C)(C(=O)NCc2cnc[nH]2)C1,0.3958334,-6.507,0.22352609,0
ZINC000644798162,Cc1nccc(C(=O)N[C@@H]2C[C@H]2C2CCC2)n1,0.41330302,-7.603,0.1441885,0
ZINC000713203358,O=C(CC(F)(F)C(F)(F)F)N1CCCCC1,0.38927552,-7.357,0.12216706,0
ZINC000763845539,CCC[C@H](C(=O)OCc1nccs1)C(C)C,0.39456785,-6.582,0.21322194,0
ZINC000830843485,COC1(C(=O)OCCOC[C@@H]2CCCO2)CC1,0.3597852,-6.099,0.19453472,0
ZINC000876809422,CC1=C(C(=O)NCC2=CCNCC2)CCCO1,0.56785244,-8.055,0.4033456,0
ZINC000880140507,O=C1CCC(CN2CCCNC(=O)C2)CC1,0.5440354,-7.995,0.36240393,0
ZINC000907301258,COC(=O)CC(=O)N1C[C@H](C)[C@@H]2CCCC[C@@H]21,0.3994658,-7.633,0.11365929,0
ZINC001163927893,COC(=O)c1cc(C)nc(N2CCCCO2)c1,0.54635626,-7.233,0.4462212,0
ZINC001223218627,C[C@@H](OCc1cncnc1)c1ccc(F)cc1,0.60718834,-8.062,0.4805388,0
ZINC001227681303,CCc1ccccc1OC(=O)[C@@H](O)CC,0.61889213,-7.264,0.58668524,0
ZINC000021991439,O=C(CO)NN1CCCCC1,0.3276433,-5.632,0.17941524,0
ZINC000032009245,CCCOc1ccccc1[C@@H](O)CN,0.5631046,-6.567,0.54863745,0
ZINC000057351406,NC(=O)C[C@@H](C(N)=O)c1ccccc1Cl,0.39213964,-7.378,0.12565742,0
ZINC000076105903,Cc1noc(CCC/N=C(/N)NC2CC2)n1,0.5364314,-6.152,0.5389447,0
ZINC000086727375,c1ccc2c(c1)OCC[C@@H]2N[C@H]1CCNC1,0.67655534,-7.619,0.66400397,0
ZINC000153435597,C=C(C)CNC(=O)c1cc(C)cc(Cl)c1,0.52909416,-7.618,0.37200078,0
ZINC000269321200,CCC[C@@](C)(O)C(=O)N(C)Cc1nnc[nH]1,0.36873612,-6.27,0.19448803,0
ZINC000342367947,CC(C)CCS(=O)(=O)N[C@@H](C)c1ccon1,0.3706923,-6.543,0.16998121,0
ZINC000372897713,OC[C@@H]1C[C@@H](F)CN1Cc1ccnc(Cl)c1,0.65412986,-7.232,0.65981483,0
ZINC000388731174,CCCN(C)C(=O)c1nccn1C,0.43994316,-5.3,0.43638673,0
ZINC000456839165,CCC[C@@H]1CCCC[C@H]1CNC(=O)CC(N)=O,0.52811575,-7.3,0.40312287,0
ZINC000641758744,CCC1(CNCc2ccc(SC)o2)COC1,0.4638242,-6.427,0.36652672,0
ZINC000661249537,CC(F)(F)CCNC(=O)NCCc1ccoc1,0.4074085,-7.235,0.17077032,0
ZINC000768816406,Cn1ncnc1COC(=O)[C@@H]1Cc2ccccc21,0.4648135,-8.686,0.13363425,0
ZINC000779352912,Cc1noc(NC(=O)N[C@](C)(CO)C2CC2)n1,0.55631375,-6.889,0.5017092,0
ZINC000794450892,Cc1cc(CN2CC[C@H](C(F)(F)F)C2)ncn1,0.52083284,-7.172,0.40200332,0
ZINC000814203033,C[C@H](CC(F)(F)F)NC(=S)NC1CCC1,0.3472582,-6.697,0.10755009,0
ZINC000820615268,COc1ccc(CNc2ncc(C)o2)cn1,0.46470892,-7.082,0.30018356,0
ZINC000835619900,CCn1nc(C)c(COC(=O)CC2CC2)n1,0.42956516,-6.445,0.29679137,0
ZINC000839376201,Cn1cc(COC(=O)C2=CCC2)c(Cl)n1,0.446565,-6.641,0.31008974,0
ZINC000864259258,CC#CCNC(=O)Nc1nnn(C)c1C(F)F,0.40148577,-7.718,0.10882381,0
ZINC000885343340,O[C@H]1CCN(CC2CC2)C[C@H]1F,0.35026157,-5.748,0.21216029,0
ZINC000893092191,C[C@H]1[C@H](C)N(c2nccs2)CCN1C,0.594697,-6.357,0.6330513,0
ZINC000893840675,CCC#CCOC(=O)c1cc(C)nc(O)c1,0.4838377,-8.392,0.20188455,0
ZINC000899888771,CCn1cc(CN(C)C[C@H]2C[C@@H](O)C2)nn1,0.38690385,-6.453,0.21145147,0
ZINC001227432203,C#C[C@H]1CCC[C@H]1Oc1cccc(O)c1C,0.7158068,-8.592,0.64060163,0
ZINC000036754414,CCc1nc(CN2CCC(N)CC2)cs1,0.4970364,-6.692,0.40476692,0
ZINC000306328908,Cc1ccnc(NCC2(C)COC2)n1,0.41463673,-6.33,0.2791752,0
ZINC000309351871,C[C@@H](CO[C@H]1CCOC1)NCc1cn[nH]c1,0.46791556,-6.331,0.38461182,0
ZINC000361326999,c1ncc(CN2CCc3nn[nH]c3C2)[nH]1,0.51322895,-6.552,0.45139766,0
ZINC000367407876,CCCCC(=O)N1CCNC[C@H]1C(F)F,0.3782068,-6.464,0.1930798,0
ZINC000388658551,CC[C@H](OC(=O)[C@H](C)OC)C(N)=O,0.48457468,-5.245,0.5305157,0
ZINC000420166078,Nc1ccc2c(ncnc2NC[C@@H]2CCCN2)n1,0.57056653,-7.552,0.46101537,0
ZINC000425311478,C=CCC(C)(C)C(=O)NCc1oc(C)nc1C,0.5717558,-7.693,0.4487124,0
ZINC000618152343,CCn1cc(CNC(=O)C2=C(C)CCC2)nn1,0.532894,-8.17,0.3221404,0
ZINC000658204734,C=CCOCCCN[C@@H]1CCCn2ccnc21,0.54863757,-6.605,0.51602894,0
ZINC000675445112,CNC(=O)CCNC(=O)C1=CCCC1,0.40276232,-6.897,0.19670613,0
ZINC000720898508,Cc1ccoc1CNCC1(C)CC(F)(F)C1,0.43236414,-7.069,0.23746303,0
ZINC000724155903,CO[C@H]1CC[C@@H]1N(C)C(=O)C(F)(F)F,0.3209313,-6.076,0.11995982,0
ZINC000785164464,COC[C@@H](C#N)OC(=O)c1cc(C)ccc1N,0.46258944,-7.527,0.24972156,0
ZINC000829804023,C#CC[C@@H]1CCCN(C/C(Cl)=C\Cl)C1,0.5691102,-6.952,0.5205083,0
ZINC000841641333,CC(=NN[C@@H]1CCOC1(C)C)[C@H]1CC1(F)F,0.34528577,-7.091,0.062681496,0
ZINC000887238579,CCc1cnc(NC(=O)CSCC(N)=O)o1,0.46681583,-6.274,0.38835922,0
ZINC000903782271,CC1(C)[C@H](N)C[C@@H]1NCc1cnn(CCF)c1,0.4100689,-6.49,0.25349268,0
ZINC001161711359,CN(Cc1noc(C2CC2)n1)C(=O)c1cocn1,0.44564825,-7.483,0.220737,0
ZINC001589315659,C[C@H](C(=O)O)C(=O)O[C@H]1CCC[C@@H](C)C1,0.366105,-7.287,0.08354573,0
ZINC001605424380,Cc1ncoc1-c1noc([C@@H]2CC[C@H]2C(=O)O)n1,0.48345792,-8.626,0.1768049,0
ZINC000036776169,CN(CC#N)Cc1ccncc1,0.33600888,-5.873,0.17093164,0
ZINC000074852910,CN(C)S(=O)(=O)Nc1cccc2nn[nH]c21,0.49900994,-7.252,0.35045707,0
ZINC000076087958,CC(C)n1cnc2c1CCCC2,0.43702832,-6.9,0.26427203,0
ZINC000169815294,CC[C@H](C)Nc1ncnc2[nH]c(C)cc21,0.4555616,-6.914,0.29952937,0
ZINC000278711949,CCOCCNC(=O)Cn1c(=O)ncn1C,0.32690275,-6.479,0.08989167,0
ZINC000279165604,C=CCCCNC(=O)c1ccc2[nH]nnc2c1,0.4717345,-7.874,0.23176195,0
ZINC000405242049,Cn1ncnc1CN[C@@H]1C[C@@H](N)C1(C)C,0.3484924,-6.469,0.1336985,0
ZINC000459829360,CO[C@@H]1COC[C@@H]1NCC(=O)NCC(C)C,0.3670859,-6.402,0.17749602,0
ZINC000495587684,CCO[C@@H]1C[C@@H]1C(=O)OC[C@@H]1CNC(=O)O1,0.39359963,-6.256,0.24519588,0
ZINC000600537132,Cc1nc(COc2cnc(C#N)nc2)c(C)o1,0.4465128,-7.307,0.240747,0
ZINC000601168786,CN(CCF)c1nc(C#N)c(Cl)s1,0.4561427,-5.659,0.4311539,0
ZINC000619417330,O=C(NCC1CCC(O)CC1)c1cocn1,0.5090631,-7.466,0.3481235,0
ZINC000632248696,CC[C@@H](C)Cc1noc(-c2cncc(F)c2)n1,0.58264834,-8.216,0.41591686,0
ZINC000648096710,Cc1nc(C)c(NC(=O)[C@@H]2C[C@H]3C[C@H]3N2)s1,0.61793613,-6.792,0.6338621,0
ZINC000717045279,Cc1cc(C(=O)NC2CC(=O)C2)c(C)nn1,0.51751286,-7.484,0.3629903,0
ZINC000724778001,CCO[C@H]1CCN(Cc2[nH]c(C)nc2C)C1,0.5787023,-6.539,0.58244586,0
ZINC000725618394,C[C@@H]1CN(C[C@@H](O)CO)C[C@@H](C)C1O,0.37308025,-6.208,0.20953907,0
ZINC000796941492,Cn1cncc1COC(=O)c1ccc(C#N)o1,0.5407061,-7.413,0.41631538,0
ZINC000830065925,Cn1nc(C(=O)N2CCC[C@@H](C#N)C2)cc1C=O,0.47203588,-7.405,0.28111762,0
ZINC000831456961,O=C(NCCC1CC=CC1)c1cc(Cl)c[nH]1,0.4563952,-7.797,0.20938139,0
ZINC000833026851,Cc1oc(COC(=O)C2(C)CC2)cc1C(=O)O,0.462874,-7.862,0.2154577,0
ZINC000889592581,COCCC(=O)N[C@@H]1C[C@@H]2CCC[C@H]12,0.37233517,-6.608,0.166478,0
ZINC000889880686,CC(C)CCC(=O)Nc1cccnc1C1CC1,0.44496328,-7.236,0.24505894,0
ZINC000921789274,C#CCCCS(=O)(=O)N1CC(=O)CC[C@H]1C,0.40873504,-7.104,0.1870172,0
ZINC000931427087,O=C(CN1CC[C@H]1C(F)F)Nc1cnccn1,0.4206583,-6.733,0.24920635,0
ZINC001326557017,CCCN(C(=O)NC1CC1)[C@@H]1CCN(C)C1,0.48447293,-6.228,0.42811862,0
ZINC001600819658,Cc1nsc(NCc2cc(C(=O)O)co2)n1,0.41759476,-6.764,0.2399149,0
ZINC000085166422,CCc1cc(C(=O)Nc2cn[nH]c2)n(C)n1,0.4334336,-6.768,0.27087435,0
ZINC000086195461,O=C(CSC1COC1)c1ccc[nH]1,0.42712936,-5.78,0.36110157,0
ZINC000091919229,CC[C@H]1CCCN(Cc2cnnn2C)C1,0.4589555,-6.968,0.30063835,0
ZINC000187440641,C[C@H]1CCN(CCCF)[C@H](C(N)=O)C1,0.44381365,-6.501,0.3191944,0
ZINC000300765805,Cc1cc(C(=O)CSCC(N)=O)c(C)n1C,0.44864282,-6.763,0.30152223,0
ZINC000308223714,C=CCCCC(=O)O[C@@H](C)C(C)=O,0.40200317,-6.244,0.26309007,0
ZINC000309865691,Cc1ccc(NCc2nnnn2C)c(C)c1,0.53128403,-7.674,0.37051684,0
ZINC000357155531,CCCNC(=O)c1csc(-c2nc[nH]n2)n1,0.4011934,-6.552,0.22946547,0
ZINC000601914356,Cc1ncsc1C[S@](=O)CC1CCC1,0.39071545,-6.083,0.25746816,0
ZINC000618442219,CCO[C@@H]1C[C@@H]1C(=O)Nc1c(C)cnn1CC,0.42300558,-6.563,0.27152976,0
ZINC000774391707,C=C(C)[C@H](C)OC(=O)[C@@H]1C[C@@H]1C(C)C,0.3465754,-6.232,0.1545403,0
ZINC000838450958,CC(C)CCOC(=O)[C@@H]1C[C@H]2CC(=O)[C@@H]1C2,0.4116731,-7.356,0.16663858,0
ZINC000882276463,C[C@@H](CN1C(=O)COC1=O)C1CCCCC1,0.43783256,-7.701,0.18259089,0
ZINC000891741672,C[C@H]1C[C@H](NC(=O)NC[C@H]2C[C@@H](N)C2)CCO1,0.5087808,-7.819,0.3108653,0
ZINC000895616368,C#CC1(F)CN(Cc2csc(C3CC3)n2)C1,0.51696527,-6.778,0.43530333,0
ZINC000906503990,Cc1cc(OCC[C@@H]2CCCCN2C)nn1C,0.4938634,-7.522,0.3121923,0
ZINC000909116136,O=C(CO)OCCc1cccc(Cl)c1Cl,0.5420137,-6.927,0.46943164,0
ZINC001217976419,c1nc2cccc(O[C@H]3CCCCNC3)c2s1,0.6952583,-7.704,0.69221604,0
ZINC001223371292,CC[C@@H](COCc1cn2cc(C)ccc2n1)OC,0.41163608,-6.907,0.21324463,0
ZINC001225298607,NC(=O)c1ccc(O[C@@H]2CCCOC2)cc1,0.47353077,-7.837,0.23916684,0
ZINC001241887481,Cn1c(=O)ccc2ccc(-c3cscn3)nc21,0.51759887,-7.97,0.31263468,0
ZINC001244607811,CCCOc1cc(-c2ccnnc2)c(Cl)cn1,0.43264085,-7.437,0.19975278,0
ZINC000019090782,CCNCc1noc(CC(C)C)n1,0.52378964,-6.053,0.524195,0
ZINC000062853940,CC(=O)NCCNC(=O)[C@]1(C)CCCNC1,0.35281312,-7.163,0.07010714,0
ZINC000124279358,COCCCCOC(=O)CCc1ccnn1C,0.42992964,-6.392,0.3030234,0
ZINC000131217568,CCC[C@@H]1CN(CCn2cccn2)CCO1,0.46919858,-6.319,0.3884009,0
ZINC000176723389,CCOCCCC(=O)NC[C@@]1(O)CCSC1,0.3307804,-6.194,0.12720239,0
ZINC000307435780,OC[C@@H]1CCN(CCF)C[C@H]1O,0.29684561,-5.723,0.10894721,0
ZINC000308037828,CCC(=O)O[C@H](COC)C(C)C,0.36002117,-5.484,0.25893936,0
ZINC000335509156,O=C(N[C@H]1CNC(=O)C1)C1(CF)CCC1,0.32368642,-6.981,0.031331077,0
ZINC000352806256,CN(CCC1CCCC1)[C@H]1COC[C@H]1O,0.5661604,-6.939,0.51601636,0
ZINC000393333491,C=CCOC(=O)[C@H]1CCCSC1,0.5450973,-5.801,0.59260213,0
ZINC000401699684,Cc1ccccc1CN[C@H]1CNC[C@H](C)C1,0.6049913,-8.08,0.47431535,0
ZINC000684129475,C=CCCCNC(=O)C[C@H]1CCc2ccccc21,0.6109885,-7.858,0.5092749,0
ZINC000729762862,C=CCOCC(=O)OC[C@@H]1CCCO1,0.31777152,-5.764,0.14613706,0
ZINC000762959442,C/C=C/COC(=O)Cn1cc([C@H](C)O)nn1,0.32547772,-6.353,0.100168176,0
ZINC000786110911,Cc1cc(C(=O)OCc2cscn2)ncn1,0.3498945,-6.325,0.15144655,0
ZINC000842821954,O=C(Oc1ccccc1-n1cncn1)C1(F)CC1,0.47894514,-7.728,0.2612242,0
ZINC001204080167,Fc1cccc2c1CN(Cc1ccncc1)C2,0.72237074,-8.04,0.71099174,0
ZINC001349853150,Cc1cc(COCC(=O)NC/C=C/Cl)no1,0.4123238,-6.102,0.29829705,0
ZINC000001674598,COc1ccc(N2C(=O)CCC2=S)cc1,0.4201731,-7.063,0.21393749,0
ZINC000049692784,CCC[C@H](N)C(=O)N1CCS(=O)CC1,0.48812303,-6.274,0.43056682,0
ZINC000081574502,CS(=O)(=O)NCCNCc1ccc(CO)o1,0.5575288,-6.238,0.571796,0
ZINC000085659622,CC(C)C[C@H](O)CNc1ccnc2ccncc21,0.56754327,-7.261,0.48527974,0
ZINC000144045070,CC(C)c1cccc(C(C)C)c1NC(=O)CO,0.46324074,-7.504,0.25340292,0
ZINC000161930393,C[C@@H](CC#N)N(C)CCC(=O)NC(N)=O,0.5613529,-5.858,0.6188772,0
ZINC000180540819,CCCCC[S@@](=O)Cc1nc(C)cs1,0.32250267,-5.695,0.16268244,0
ZINC000214309974,Cc1nccnc1N(C)C[C@H](C)O,0.45954216,-5.629,0.44100678,0
ZINC000252131701,C[C@@H]1CCC[C@@H](Nc2nccs2)[C@H]1C,0.6229071,-7.295,0.59141576,0
ZINC000306687087,c1csc(SCc2cscn2)n1,0.46423537,-5.141,0.50103754,0
ZINC000306930502,CC(F)(F)C(=O)Nc1ccc(C(=O)O)s1,0.54535896,-7.398,0.42709172,0
ZINC000308550681,C#CCSCCNC1CC(C(F)F)C1,0.506462,-6.135,0.48134547,0
ZINC000333161131,C[C@@]1(c2nc(-c3cocn3)no2)CCOC1,0.4426326,-7.132,0.25125423,0
ZINC000339004260,CC[C@H](O)CN1CCC[C@@](O)(C(F)(F)F)C1,0.435127,-7.354,0.21330655,0
ZINC000424602022,C[C@@]1(C(=O)NCCOC2CCCC2)C[C@H]1F,0.37180763,-7.304,0.09307477,0
ZINC000528203282,CC(C)O[C@@]1(C)C[C@H]1Nc1ccc(C#N)cc1F,0.5816927,-8.121,0.42390037,0
ZINC000549013825,N#Cc1cnn(C/C=C\c2ccc(Cl)cc2)c1,0.66759896,-9.051,0.4973874,0
ZINC000664428316,O=C(NCC1=CCCC1)C(=O)c1ccc[nH]1,0.53219914,-7.873,0.35164088,0
ZINC000720363859,Cc1conc1CN[C@@H](CO)C1CCC1,0.47874686,-6.692,0.368537,0
ZINC000765449665,CC1(O)CN(C(=O)C2(F)CCCC2)C1,0.33749202,-6.719,0.08591698,0
ZINC000784135760,C[C@H]1C[C@@H](C(=O)Oc2cnn(C)c2)CO1,0.3443413,-6.6,0.1118564,0
ZINC000805213200,Cc1cccc(C(=O)NCc2cnn(C)n2)c1,0.5029362,-8.194,0.2603016,0
ZINC000816660815,Cn1ncc(CNC(=O)[C@]2(C)C[C@H]3C[C@H]3C2)n1,0.5006126,-7.853,0.2911501,0
ZINC000843945691,CC1(C(N)=O)CN(C(=O)CSC(F)F)C1,0.34005514,-6.314,0.13309927,0
ZINC000873814056,CN(C)C(C)(C)CNC(=O)c1cc(Cl)no1,0.55845004,-6.614,0.5345308,0
ZINC000918539573,CC/C=C(/C)C(=O)OCc1cccs1,0.42227328,-6.247,0.30293143,0
ZINC000926775498,Cc1nonc1[C@H](C)NCCN1CC[C@H](O)C1,0.4285684,-6.606,0.27807882,0
ZINC001146884495,O=C(c1cc[nH]c1)N1C[C@@H]2OCC(F)(F)[C@@H]2C1,0.39619714,-7.602,0.11040722,0
ZINC001200633256,OCc1ccc(F)cc1NC(=S)NC1CC1,0.5315466,-6.882,0.45337555,0
ZINC001205051159,C/C=C/CO[C@@H]1C[C@@H]2CC[C@H]1C2,0.46403933,-6.667,0.3420018,0
ZINC001239169176,Cc1c(F)ccnc1-c1cnoc1,0.64572775,-6.804,0.6876672,0
ZINC001241890667,c1nc(-c2cnc3cccnc3c2)cs1,0.49982166,-7.096,0.36828327,0
ZINC001257454861,OC[C@H]1C[C@@H](F)CN(C2CCCCC2)C1,0.4837441,-7.56,0.28819627,0
ZINC000054741684,C[C@@H](N)c1cn[nH]c1,0.33900625,-4.82,0.28634205,0
ZINC000082239567,Cc1ncc(C(=O)N[C@H](C)CN)s1,0.4688699,-5.804,0.44129068,0
ZINC000170695558,CNc1nnc(SC[C@@H](O)CO)s1,0.3616488,-5.281,0.283268,0
ZINC000191569765,CCN1CN(Cc2ccc(F)c(C#N)c2)CC1=O,0.6638841,-8.293,0.5688324,0
ZINC000228136271,O=C(O)c1coc(C(=O)Nc2ccncc2)c1,0.4723208,-7.414,0.28074634,0
ZINC000230197549,CCc1ccc(CNC[C@@H]2CCC[C@H](O)C2)o1,0.6601104,-8.178,0.5733129,0
ZINC000268158293,CC[C@H](C)CSc1c([N+](=O)[O-])ncn1C,0.45730904,-6.606,0.33501142,0
ZINC000308148992,C=CCN(C)CCOCC(F)F,0.5318029,-4.887,0.6612892,0
ZINC000308896073,Cc1nnc(S)n1N=C[C@H]1CC=CCC1,0.5987967,-7.686,0.50300574,0
ZINC000405857679,C[C@]1(N)CCN(Cc2cccc(O)c2)C1,0.71016085,-7.362,0.7572919,0
ZINC000455298875,CC/C=C\CNC(=O)N1CC[C@H]1c1ccccc1,0.53027976,-7.877,0.347423,0
ZINC000495942908,O=C(OCCCF)N1CCC[C@H](CCO)CC1,0.5373811,-6.506,0.50402325,0
ZINC000594960343,C=CCCSCCN[C@H]1CCO[C@@H]1C,0.41273817,-5.506,0.36107978,0
ZINC000612382299,O=C(NCC1(CO)CC1)c1nc[nH]c2nccc1-2,0.40953267,-7.644,0.13245727,0
ZINC000762060467,O=C(OCC1CCOCC1)c1ccnnc1,0.43162495,-7.172,0.22529054,0
ZINC000814241018,C(ON=C1CCN2CCC[C@@H]12)C1CC1,0.5229345,-7.037,0.42020148,0
ZINC000833388524,CC(=O)C[C@H](C)NC(=O)[C@@H]1C[C@H]1C(=O)O,0.45559555,-6.542,0.33827078,0
ZINC000853469197,Cn1ncc(C#N)c1NCCc1cnccn1,0.521833,-6.539,0.46979305,0
ZINC000916565687,C#CCNC(=O)c1cc2c(cccc2Cl)s1,0.565738,-7.588,0.4477078,0
ZINC001161686191,Cc1cnc(N[C@H]2CCO[C@H](C)C2)cn1,0.6226008,-6.81,0.64123094,0
ZINC001187830758,COc1cc(NC(=O)c2n[nH]cc2Cl)no1,0.44930977,-6.769,0.30221963,0
ZINC001226098261,COc1cncc(O[C@@H](C)CS)c1,0.5403209,-5.559,0.60829955,0
ZINC001240235475,N#Cc1cnccc1-c1cncc(F)c1,0.41268456,-7.735,0.12924024,0
ZINC001344814960,O=C(OC[C@H]1CCO1)c1cccc(F)c1Cl,0.48918056,-7.641,0.2905444,0
ZINC001345179420,Cc1ccc(OCCOC(=O)CCC2CC2)nc1,0.46759796,-7.099,0.30413914,0
ZINC000037462790,CCC(O)(CC)c1cccc(OC)c1,0.41396216,-7.136,0.19404481,0
ZINC000163902044,CCCc1nsc(NCCn2ccnn2)n1,0.48054188,-6.522,0.38976645,0
ZINC000177112240,Cn1ccnc1CN1CCOC[C@@H]1C#N,0.477866,-6.113,0.42698658,0
ZINC000190522159,CC(=O)NC1CN(C(=O)c2ccoc2)C1,0.42734897,-6.685,0.26745018,0
ZINC000281548930,CCCCCCCCNC(=O)c1cnnn1C,0.3897357,-7.166,0.14293553,0
ZINC000296186662,Cc1cc(N[C@H]2CCOC2(C)C)ccn1,0.47979754,-7.192,0.31863683,0
ZINC000336042809,C[C@@H]1CN(C(=O)CC(C)(F)F)C[C@@H](C)S1,0.33132264,-6.585,0.08762703,0
ZINC000408370161,CN(c1nc2c(cnn2C)c(O)n1)C1CCC1,0.5439113,-7.326,0.43170926,0
ZINC000454438931,CC/C=C/CNC(=O)N[C@H](C)C[C@H]1CCCO1,0.5021933,-7.049,0.37786746,0
ZINC000512746542,COC[C@H]1CN(C(=O)[C@H]2C[C@@H]2C(F)F)CCO1,0.34298313,-6.821,0.08619016,0
ZINC000564392338,Cc1ccn(Cc2cnnn2C)c(=O)c1,0.39838082,-7.434,0.13219869,0
ZINC000612746626,O=C(NCC1(CO)COC1)c1ccc(F)s1,0.3703575,-6.812,0.141352,0
ZINC000646036816,CCN1CCO[C@@]2(CCS(=O)(=O)C2)C1,0.40255806,-6.574,0.22988151,0
ZINC000710959013,C#CCCS(=O)(=O)N1CCC[C@@H]2CCC[C@H]21,0.48334217,-7.871,0.25506762,0
ZINC000731394188,CCC(=O)COC(=O)[C@H](C)c1ccccc1F,0.4377983,-8.258,0.1246157,0
ZINC000759992980,CCONC(=O)Nc1cc2n[nH]cc2c(C)c1,0.6713836,-7.613,0.6543831,0
ZINC000835545009,CCC[C@H](COC(=O)c1coc(CC)n1)OC,0.5820644,-6.113,0.6333941,0
ZINC000845621861,C=C[C@H](C)ONC(=O)N1CC[C@](C)(C(N)=O)C1,0.48719993,-7.46,0.30543822,0
ZINC000848078499,CCc1ocnc1C(=O)N[C@H]1C[C@@H](C)OC1=O,0.36946008,-7.133,0.10620215,0
ZINC000862381934,CC[C@@H](C)CC(=O)NCc1cnn(CC)n1,0.42710298,-6.784,0.25667056,0
ZINC000870971596,N[C@@H](Cc1ccccc1)C(=O)NC[C@H]1C[C@H](N)C1,0.54954416,-8.248,0.3470137,0
ZINC000888646963,Cc1nonc1NC(=O)[C@H]1C[C@@H](C)CO1,0.5209625,-7.699,0.34747165,0
ZINC000901837818,CN1CC[C@@H](SCCO[C@H]2CCOC2)C1=O,0.36318177,-6.437,0.1661236,0
ZINC000934460385,C=CC[C@@H]1CCN1Cc1c(F)cccc1F,0.6848822,-8.106,0.62986887,0
ZINC001156779695,CSc1ncc(Cl)nc1NCC(C)=O,0.42444414,-5.648,0.36950552,0
ZINC001210912676,C#Cc1cccnc1Nc1ccnn1CCC,0.54189056,-7.721,0.3866411,0
ZINC001243427861,Oc1cc(-c2cccn3cnnc23)ccn1,0.53436947,-8.37,0.30427057,0
ZINC001439917061,O=C(COc1ccsc1)NC/C=C\Cl,0.47448328,-6.11,0.4205976,0
ZINC000174121317,CC(=O)CSCCOc1cccc(Cl)c1,0.59949064,-6.522,0.6253932,0
ZINC000184506060,OCC[C@H](NCc1ccsc1)c1ccco1,0.39220747,-6.344,0.23328939,0
ZINC000213158255,Cc1cccc(C(=O)NCc2ccn(C)n2)c1F,0.52249616,-8.132,0.30549386,0
ZINC000264936344,C#CCCNC(=O)N[C@H]1CCCC[C@@H]1C,0.43145812,-7.154,0.22683142,0
ZINC000307708279,CC(C)CS[C@@H]1CCO[C@H]1C,0.41156122,-5.811,0.3270397,0
ZINC000336430632,C[C@H]1CN(C(=O)C2(O)CCC2)CCC1(F)F,0.39874485,-7.558,0.12002837,0
ZINC000381256742,CO[C@@H](CN=c1ccc(Cl)n[nH]1)C(C)C,0.6355594,-6.952,0.65213805,0
ZINC000386770633,CCCN(CC(F)F)C(=S)NC1CC1,0.3400121,-5.525,0.21504076,0
ZINC000388681153,CC[C@@H]1CCC[C@@H]1NS(=O)(=O)CCl,0.39342988,-6.114,0.25962234,0
ZINC000487845278,CC(C)OCC(=O)N[C@@H](C)Cc1ccncc1,0.49259427,-7.283,0.3345254,0
ZINC000703022680,C[C@@H]1OC[C@@H](NCC2SCCS2)[C@@H]1C,0.3217211,-5.827,0.14741114,0
ZINC000788659595,C[C@H](O)C[C@H](C)CNC(=O)CC1OCCO1,0.41143766,-6.773,0.22678256,0
ZINC000808623073,CC1(CC(=O)OCC(=O)C2CCC2)CCCC1,0.40480942,-7.358,0.15283434,0
ZINC000835000127,CC(C)ON=C1C(=O)Nc2c1cccc2F,0.4942606,-8.296,0.23251179,0
ZINC000851592835,C/C(=C/C(=O)NCCC(=O)O)c1ccco1,0.53244513,-6.826,0.46097732,0
ZINC000860911478,O=C(/C=C/c1ccco1)OCCC[N+](=O)[O-],0.4168253,-6.243,0.29255533,0
ZINC000871766462,Cc1noc(C)c1CCONC(=N)C1CCC1,0.48978224,-7.363,0.32063797,0
ZINC000886021449,Fc1cccc(/C=C\CNC2(C3CC3)CC2)c1,0.6722237,-8.41,0.5731887,0
ZINC000896375158,C/C=C(\C)c1nc(CCC[S@](C)=O)no1,0.36444604,-6.56,0.15584058,0
ZINC001157076989,N=CNc1cnc(Cl)cc1N,0.36656183,-5.442,0.27626228,0
ZINC001225980331,C#CC[C@H](C)Oc1nc(O)cc(C(F)(F)F)n1,0.42804775,-7.946,0.13773714,0
ZINC000103256122,COCc1ccccc1C(=O)Nc1n[nH]c(C)n1,0.44596744,-7.411,0.22885457,0
ZINC000165444854,C[C@@H]1CN(c2cc(=O)[nH]cn2)C[C@H](C)N1C,0.6189766,-6.988,0.61554635,0
ZINC000166389226,C#C[C@H](C)NCc1cnnn1C,0.5316498,-6.109,0.53394336,0
ZINC000229214474,CCn1ccnc1CN1C[C@@H](O)[C@H](O)C1,0.37564343,-6.103,0.22553259,0
ZINC000229618956,O=C(O)c1ccc(=O)n(C[C@@H]2CCCCO2)n1,0.425126,-7.451,0.18341106,0
ZINC000299237278,CCOc1cccc(CN(C)CC(N)=O)c1,0.64232963,-6.637,0.6982976,0
ZINC000309531948,Cn1ccnc1CNC1(CC(N)=O)CCC1,0.36123928,-6.028,0.2047965,0
ZINC000398957509,C[C@@H]1C[C@H](C(=O)O)CN(C(=O)c2cnccn2)C1,0.42715055,-7.601,0.17182708,0
ZINC000503541732,CN(CCC(N)=O)C(=O)N[C@@H]1[C@@H]2CCC[C@@H]21,0.37145957,-6.895,0.13490611,0
ZINC000658157906,COCc1n[nH]c(CN[C@@H]2COC(C)(C)C2)n1,0.5442531,-6.656,0.5020416,0
ZINC000669971014,C[C@@H](CO)N(C)c1nnc(C2CC2)o1,0.40416786,-6.622,0.22808015,0
ZINC000708409834,Oc1c(F)cc(F)cc1CNCC1CC=CC1,0.7336647,-8.143,0.7226559,0
ZINC000739770480,COC(=O)[C@@H]1C[C@H]1C(=O)NCCNC(=O)O,0.34028235,-6.557,0.10828636,0
ZINC000805886937,C#C[C@@H](C)OC(=O)c1ccccc1OC1CC1,0.51321155,-7.278,0.3758862,0
ZINC000813297137,C[C@]1(NC(=O)[C@@H]2[C@@H]3CCCO[C@H]23)CCOC1=O,0.54946184,-7.307,0.4446797,0
ZINC000842511344,NCCOCC(=O)N1CC[C@@]2(CCCN2)C1,0.33194172,-6.308,0.117651105,0
ZINC000859178404,CCC1(NC(=O)OCCF)CCCCC1,0.34259227,-6.653,0.10288167,0
ZINC000922966554,Cn1ccc(CNCC2CCC=CCC2)n1,0.5679634,-7.574,0.45357165,0
ZINC001163453997,N#Cc1ncc(Cl)cc1NC1=CC(=O)CCC1,0.48541826,-7.908,0.2553335,0
ZINC001173855585,O=Nc1c(O)nc(S)nc1Nc1cccnc1,0.5782046,-6.995,0.5340529,0
ZINC001210015625,COCn1cc(Nc2ccc(F)cc2O)cn1,0.43896332,-7.344,0.22194561,0
ZINC001328586047,Cc1nnc(CN(C)c2nnc(C(F)F)o2)o1,0.40605372,-7.099,0.18222556,0
ZINC001599905116,C[C@H](O)CSCc1nc(C(=O)O)cs1,0.34623846,-5.927,0.18558149,0
ZINC000032803930,CNC(=O)c1cccc(CNc2ncccn2)c1,0.4607001,-8.499,0.14492702,0
ZINC000039213029,Cc1ccc(NC(=O)OCc2ccccc2)nc1,0.63035005,-9.08,0.4205857,0
ZINC000048083783,Cn1cc(NC(=O)Nc2cccnc2)cn1,0.47576708,-6.579,0.37438214,0
ZINC000132608489,C[C@H](NCc1cnn(C)c1)C1CCC1,0.46382666,-6.896,0.31777298,0
ZINC000136241261,CC(C)N(C)CC(=O)Nc1cccc2[nH]cnc21,0.6684539,-7.265,0.68475866,0
ZINC000267850643,CC(=O)NCCCNC(=O)/C=C1\CC[C@H](C)C1,0.4534788,-7.712,0.21244115,0
ZINC000287959401,O=C(NCC1=CCCOC1)c1cccnc1,0.45864615,-7.863,0.20697874,0
ZINC000334373234,CCC(=O)N1C[C@@H](C)N(CC)C[C@H]1C,0.54020274,-6.322,0.52874184,0
ZINC000408717343,CCn1nc(C(=O)NC[C@H]2CCCO2)cc1N,0.58009714,-7.261,0.51014775,0
ZINC000428238455,COC[C@@H]1CCCN(Cc2n[nH]c(C)n2)C1,0.46093082,-6.393,0.36432993,0
ZINC000677816771,CC#CCNC(=O)CNC(=O)c1ccncc1,0.41199526,-7.777,0.12350835,0
ZINC000837476064,O=C(OCCc1cscn1)[C@H]1CCOC1,0.35520923,-6.364,0.15791999,0
ZINC000877769092,COC(=O)C1(O)CN(Cc2sccc2C)C1,0.4921695,-6.597,0.4050025,0
ZINC000929654036,CC[C@@H]1C[C@H]1CN1CCNC(=O)C1(C)C,0.48769373,-7.108,0.34301138,0
ZINC001167334295,Cc1ccnc(C#N)c1NCc1cccnn1,0.63905597,-7.828,0.5679929,0
ZINC001174472918,Cc1n[nH]cc1Nc1snc2cccnc21,0.46825504,-7.037,0.31188643,0
ZINC001344037427,CCC[C@@H](C)C(=O)OCC1CSC1,0.34895223,-5.935,0.19012555,0
ZINC001520021541,Cc1nnc([C@H](C)NC(=O)NCC(C)C)o1,0.42717475,-7.006,0.23373294,0
ZINC001588700692,C=C[C@H](NCc1nn(C)cc1C(F)F)C(=O)O,0.43312767,-6.752,0.27193174,0
ZINC000162922263,C=CCCCNc1ccc(F)c(OC)c1,0.45219418,-6.867,0.29774505,0
ZINC000196024789,OC[C@H]1CC[C@@H]1Sc1ccccc1,0.45914155,-6.785,0.32003212,0
ZINC000266913134,CN1CC[C@H](NC(=O)[C@@H]2CSC(=O)N2)C1=O,0.39100257,-6.477,0.21707551,0
ZINC000275235008,CC/C=C(\C)C(=O)N1CCC(=O)[C@@H](C)C1,0.44042334,-7.917,0.165267,0
ZINC000306794103,C[C@H](NC1CCSCC1)c1ccon1,0.49360958,-6.47,0.42105845,0
ZINC000306889968,O=C(NCC(F)F)c1sccc1Cl,0.35820934,-6.035,0.19806674,0
ZINC000334667346,O=C(c1cccc(F)c1F)N1CC2(CC2)C1,0.5642232,-8.46,0.3540514,0
ZINC000351887545,C[C@H](CF)NC(=O)NC[C@@H]1CCCCO1,0.46789265,-6.409,0.3764573,0
ZINC000383081339,Cc1cc(C#N)ccc1NC[C@@]1(C)CCCO1,0.6983923,-8.152,0.65184873,0
ZINC000515009613,Cc1cc(C(=O)N(C)CCCO)oc1C,0.37215015,-6.558,0.1713096,0
ZINC000628542496,C=C[C@](C)(O)CC(=O)NCC1CC=CC1,0.42057455,-6.843,0.23760451,0
ZINC000657277301,Cc1cc(OCC[C@H]2CCCO2)ccc1C(N)=O,0.42654458,-8.029,0.12613061,0
ZINC000788180199,C#CCOC(=O)c1ccnc2ccncc21,0.5542423,-7.511,0.43294105,0
ZINC000794514684,Cn1ccnc(NN=CC2(F)CC2)c1=O,0.46194685,-6.596,0.34523815,0
ZINC000853431374,Cc1nnc(NN=C2C[C@H](C)n3ccnc32)n1C,0.6397173,-7.634,0.5894717,0
ZINC000870170997,CN1CCC[C@@H](C(=O)Nc2cn[nH]c2)C1=O,0.3305724,-6.588,0.085828945,0
ZINC000908466432,CO[C@@H]1CC[C@@H](C(=O)NC2CC(=O)C2)C1,0.43282828,-6.862,0.25990278,0
ZINC000912574783,CCC(=O)Nc1cnn([C@@H]2CCCCO2)c1,0.59349024,-7.007,0.56308496,0
ZINC001205665799,C=CCCCCN1CCCC[C@@](O)(CN)C1,0.4941566,-6.594,0.40925068,0
ZINC001234262633,C[C@H](CON)Oc1c(Cl)ccc(O)c1F,0.67959255,-6.673,0.7683693,0
ZINC000000030465,CC(C)CC(=O)NC[C@H]1CCCO1,0.35174692,-6.827,0.10292666,0
ZINC000165869152,CC#CCN1C(=O)N[C@@](C)(C(C)C)C1=O,0.52521956,-7.331,0.3941629,0
ZINC000298457098,COCc1cc(CN[C@@H]2CC=CCC2)no1,0.43564078,-6.972,0.25403813,0
ZINC000320911712,COCCN(C)Cc1cc(C)nc(Cl)c1,0.5699872,-6.239,0.59637094,0
ZINC000398036280,C[C@@H]1CC[C@H](CN=c2ccc(C#N)c[nH]2)O1,0.59105057,-8.086,0.44607612,0
ZINC000597230886,C[C@@]1(C#N)CCN(C[C@H]2CCSC2)C1,0.453345,-6.509,0.33724344,0
ZINC000623980664,C/C=C/CNC(=O)NC[C@@H]1CCC(F)(F)C1,0.4104249,-7.756,0.12258081,0
ZINC000628646196,O=C(Nc1nccc2cc[nH]c21)[C@@H](O)C1CC1,0.57278115,-7.693,0.45074356,0
ZINC000643971639,CN1CCC(CC(=O)Nc2c[nH]ccc2=O)CC1,0.45095044,-7.949,0.18279341,0
ZINC000701049974,Nc1nccnc1C(=O)Nc1ccc(CO)cc1,0.6139147,-8.025,0.49770975,0
ZINC000721268832,O=C(N[C@@H]1CC12CCC2)c1cccs1,0.6120438,-7.158,0.58413947,0
ZINC000793192578,C[C@@H]1C[C@H]1CN1CCC([C@H](O)c2ncc[nH]2)CC1,0.4922753,-7.503,0.3110217,0
ZINC000816160241,N#CCSCC(=O)OCCCc1cn[nH]c1,0.45500618,-6.2,0.3726586,0
ZINC000828272963,CN(CCC(C)(C)O)C1CCN(C(=O)O)CC1,0.62047106,-6.806,0.63742805,0
ZINC000884638441,N#Cc1c[nH]ccc1=NCc1cc(C2CC2)no1,0.452956,-8.313,0.14892372,0
ZINC000900060830,COC(=O)c1ccc(F)c(NC(=O)CCF)c1,0.34225637,-7.037,0.06229453,0
ZINC000902977978,C[C@H]1C(=O)CCCN1C(=O)N1CCCC1,0.36721596,-7.416,0.07233526,0
ZINC000909690688,Cc1cc(Cl)nc(C(=O)OC[C@H](C)CO)c1,0.524681,-6.973,0.43031478,0
ZINC001336206687,C#C[C@@H](C)NC(=O)N[C@H]1CNOC1,0.4613072,-6.071,0.39855158,0
ZINC000036556779,Cc1nonc1C(=O)[C@@H]1[C@H]2C(=O)O[C@H](CO)[C@@H]12,0.4434085,-7.355,0.2296075,0
ZINC000037738021,C[C@@H]1C[C@H]1c1ccc(CNC[C@@H]2CCOC2)o1,0.65798175,-7.604,0.6287708,0
ZINC000088138088,CC[C@@H](OC(=O)c1ccc(N)cn1)C(N)=O,0.51085186,-6.635,0.43806,0
ZINC000158798272,C=CCNC(=O)NCC1CCC(C)(C)CC1,0.5836706,-7.384,0.5044391,0
ZINC000183088272,CCC(=O)NCC[C@H](C)N1CCCCC1,0.42211333,-6.911,0.23358326,0
ZINC000308651309,C[C@H](NC[C@H]1C[C@H]1C)[C@@H]1CCCOC1,0.3693949,-6.415,0.18071838,0
ZINC000399915208,Cc1ccc(CCNCCC(N)=O)nc1,0.6556618,-6.595,0.7290739,0
ZINC000408392684,CC(=O)N[C@H]1CCCO[C@@H]1c1cnn(C)c1,0.38043168,-6.642,0.1789817,0
ZINC000452129132,OCCC[C@H]1CCN(CCOCC(F)F)C1,0.36615604,-6.013,0.21609563,0
ZINC000608889136,CCc1noc(CS[C@H](CC)C(N)=O)n1,0.58149666,-6.047,0.63913107,0
ZINC000618875047,CC[C@H](NC(=O)Cc1cnn(C)c1C)C1CC1,0.4211347,-7.934,0.12529062,0
ZINC000641632146,C/C=C\CNS(=O)(=O)CC1(C)CCC1,0.3542066,-6.439,0.14813662,0
ZINC000655516258,C[C@@H](N)CCC(=O)N[C@H](CN)C(F)(F)F,0.36537766,-6.359,0.17858258,0
ZINC000700875152,N#C[C@@H]1CCCN(C(=O)/C=C/c2ccco2)C1,0.56952876,-7.96,0.41654277,0
ZINC000701694177,COC(=O)N(C)CCN[C@@H](C)[C@@H]1CCCN1,0.43252814,-5.928,0.35640958,0
ZINC000781329550,O=C([C@H]1CCC=CO1)N1CC(F)(F)C[C@@H]1CO,0.43915176,-8.211,0.13218305,0
ZINC000827576601,O=C([C@H](O)C1CCC1)N1CC[C@@H](O)[C@@H](O)C1,0.37626877,-7.26,0.106486246,0
ZINC000858388892,C[C@H](O)CN1CCN(c2nccnc2F)CC1,0.5810989,-6.41,0.60060465,0
ZINC000864543246,Cc1cncc(-c2ncnn2CC2CC2)c1,0.5935079,-7.17,0.5461739,0
ZINC000865822459,C=C=CCNc1cc(C(C)(C)C)ncn1,0.5149738,-7.457,0.36076766,0
ZINC000878164878,CC(=O)CN1C[C@@H](C)Oc2cc(C)ccc21,0.63581514,-8.054,0.5380775,0
ZINC000893018231,CCC[C@H]1CN(c2cccc3nncn32)CCO1,0.6377429,-8.087,0.5384654,0
ZINC000896184035,C[C@]1(CNc2ccc(Cl)cn2)CCCCO1,0.48549962,-7.767,0.2701535,0
ZINC001175079425,CCOc1ccc(F)cc1Nc1cncc(N)n1,0.50876224,-7.293,0.36551306,0
ZINC001210604483,Cn1cnc(Nc2cncc(N3CCCC3)c2)n1,0.42409322,-7.502,0.1760631,0
ZINC001217920332,O[C@H]1C[C@H](COCc2ccc3ccncc3c2)C1,0.6454293,-8.772,0.482477,0
ZINC001331062136,Cc1c[nH]nc1COC(=O)C1CCCCCC1,0.560486,-8.272,0.3661935,0
ZINC000020584111,Cc1cc(C)c(-c2n[nH]c(=S)o2)c(C)c1,0.571687,-7.533,0.46521008,0
ZINC000069665875,C[C@@H](CC1CC1)NCCc1ccncc1,0.5540186,-7.253,0.4593203,0
ZINC000119501699,Cc1c(CNC(=O)C2(C#N)CCCC2)cnn1C,0.39166218,-7.646,0.096849546,0
ZINC000132636736,NC(=O)c1ccc(CCC(F)(F)F)cc1,0.3648081,-7.593,0.04916411,0
ZINC000193719193,COC[C@H](O)CCNC(=O)c1ccnc(C#N)c1,0.4718893,-7.428,0.27843603,0
ZINC000342523364,CN(CC[C@@H]1CCCO1)C(=O)[C@H]1COCCO1,0.3441106,-6.447,0.12730569,0
ZINC000355264478,CC[C@H](NC(=O)c1cncnc1)C(N)=O,0.30326688,-6.243,0.0676064,0
ZINC000376166782,CCN(C)C(=O)CN1CCC[C@H]1c1ncc[nH]1,0.37806684,-6.224,0.21775365,0
ZINC000413538592,COC(=O)[C@H]1C[C@@H](NC(=O)N[C@@H]2CC[C@@H]2C)C1,0.41692162,-7.147,0.1987637,0
ZINC000430210026,CCOc1cccc(CN2CC[C@H]2CC)c1,0.682034,-7.245,0.7137389,0
ZINC000445735580,CCOC[C@@H](O)CNS(=O)(=O)c1ccco1,0.45421085,-6.311,0.35954326,0
ZINC000451558137,CC[C@@H]1C[C@H]1C(=O)N1CC[C@]2(C1)CCCOC2,0.5198069,-7.806,0.33405858,0
ZINC000641088221,CN[C@H](C)c1cn(Cc2cc(C)nc(C)n2)nn1,0.393498,-7.42,0.123981774,0
ZINC000646784233,C[C@@H]1CCN(CC(=O)NCc2cscn2)C1,0.3475882,-6.811,0.09635204,0
ZINC000888325035,O=C(NCc1cnn(CCF)c1)c1cnco1,0.35856315,-6.746,0.12484995,0
ZINC000903421365,CN[C@H]1CCN(C[C@@H]2CC[C@H](N)C2)C1,0.44874814,-6.254,0.354648,0
ZINC000904576902,FCCc1nc(-c2ccncc2)no1,0.3916025,-6.665,0.19871892,0
ZINC000923883562,C#CCCc1noc([C@@]2(C)C=CCC2)n1,0.5938159,-8.007,0.45976716,0
ZINC001036916332,CC(=O)N[C@H]1CCC[C@@H]1CNCc1cnon1,0.45820922,-6.987,0.2971847,0
ZINC001185656440,O=C(Nc1cccnc1)Nc1cncnc1O,0.46054727,-7.208,0.27884036,0
ZINC001328205275,CO[C@H](C)[C@@H](C)NC(=O)NC/C=C/C1CC1,0.43353623,-6.611,0.28739983,0
ZINC001515041369,CO[C@@H](C)C(=O)N1CCc2cc(O)ccc2C1,0.61108977,-8.121,0.48213333,0
ZINC000027987737,C#CCNC(=O)COC(=O)c1ccoc1C,0.43108028,-7.563,0.18356216,0
ZINC000036906846,O=C(O)[C@H]1CS[C@@H](c2ccc(Cl)s2)N1,0.5952732,-7.09,0.55798787,0
ZINC000078486909,COc1ccccc1C(=O)OC[C@H]1CCC(=O)N1,0.5449855,-7.162,0.45088708,0
ZINC000087548552,CC1(c2noc(C[C@@H]3CSCCN3)n2)CC1,0.6481104,-7.629,0.60661757,0
ZINC000088189860,Clc1ccc2cn[nH]c2c1Cl,0.61672556,-6.254,0.68739605,0
ZINC000121901156,CCN(Cc1ccoc1)C(=O)[C@H]1CCCCO1,0.42684352,-6.97,0.23681948,0
ZINC000348674831,COC(C)(C)C[C@@H](C)N1C(=O)CNC1=O,0.3188745,-6.16,0.10715261,0
ZINC000458601191,CCOC1CN(C(=O)N[C@@H]2CCC(C)(C)C2)C1,0.35715342,-7.068,0.08858134,0
ZINC000629107191,C[C@@H]1C[C@@H]1Cn1nnc2ccccc21,0.4807201,-8.109,0.22513035,0
ZINC000637738292,COc1ccc(NC(=O)C2=CCC2)c(F)c1,0.42359987,-7.429,0.18267512,0
ZINC000665769779,C[C@@H](NC(=O)CCCF)c1nc2ccccc2[nH]1,0.49462083,-7.79,0.28583062,0
ZINC000723882503,COCCN1C[C@@H](C)[C@H](CCN)C1,0.3965084,-5.933,0.2845379,0
ZINC000753918536,C#CC(=O)N1CCC[C@H]1C(=O)Nc1nccs1,0.39477074,-7.077,0.16216218,0
ZINC000837457879,O=C(OCCn1cc(Cl)cn1)C1(O)CCC1,0.5796224,-6.622,0.5756396,0
ZINC000842721768,O=C(OCCc1cnn[nH]1)[C@@H]1CCC(=O)C1,0.38033614,-7.082,0.13304873,0
ZINC000854612633,C[C@@H](CC#N)C(=O)N[C@H](CCO)C(F)(F)F,0.3664554,-7.16,0.09744314,0
ZINC000855427251,CC(C)c1cccc(C(=O)N[C@@H]2C=CCC2)n1,0.6258015,-8.41,0.48123062,0
ZINC000859892135,O=C(OCc1nc(O)n[nH]1)c1cnn(C2CC2)c1,0.37534812,-7.295,0.10102384,0
ZINC000879170356,Cn1[nH]cnc1=NC(=O)C[C@@H]1C[C@H]1C1CC1,0.42824975,-7.371,0.19791597,0
ZINC000917333724,CCCSCC(=O)OCc1cccc(C)c1,0.4418258,-7.082,0.25485417,0
ZINC000929763204,CC[C@@H]1C[C@H](C)CN1C[C@H](O)[C@@H](C)O,0.36393186,-6.325,0.17925328,0
ZINC001118058514,N[C@@H]1CCC[C@H]1NC/C=C/C1CC1,0.5178388,-6.913,0.4229988,0
ZINC001234591361,C[C@@H](Cc1ccco1)Oc1cc(C(N)=O)on1,0.45733902,-7.349,0.2578264,0
ZINC001236578217,Oc1cncc(-c2nccc(C(F)F)n2)c1,0.5596775,-7.859,0.4075285,0
ZINC001249581688,Cc1cc(CN2CCC[C@H](CC#N)C2)ns1,0.48309106,-6.927,0.35271114,0
ZINC001322839260,C[C@@H]1CC[C@@H]1NC(=O)NCc1ccon1,0.38641986,-7.163,0.13667907,0
ZINC001333345751,C#CCN(C[C@H](O)[C@H](C)O)C1CC1,0.43838197,-5.748,0.38671878,0
ZINC000014632031,COc1ccccc1CO[C@H]1CCNC1,0.50177073,-6.902,0.39231294,0
ZINC000128510495,NC[C@H]1CCC[C@H]1Nc1ncc(F)cn1,0.5237739,-6.87,0.43922615,0
ZINC000172643339,C[C@@H](CCO)NC(=O)Nc1nccs1,0.43130162,-5.813,0.36593568,0
ZINC000176750136,CC(=O)CSC[C@H](C)c1ccccc1,0.46393478,-7.424,0.26309475,0
ZINC000177085206,C=CCCCc1nc(CC(=O)NC)no1,0.35727015,-6.701,0.12696697,0
ZINC000292191062,CC[C@@H](CC#N)NC(=O)c1c(C)nsc1C,0.4395659,-7.029,0.25588754,0
ZINC000305735945,CN(CCO)Cc1ccccc1OCC1CC1,0.5450139,-6.73,0.4958554,0
ZINC000306702451,CC(C)CSC1=N[C@H](C)CS1,0.37731537,-5.505,0.29101437,0
ZINC000335582306,O=C(c1ncccc1Cl)N1CC[C@H](F)C1,0.4132382,-7.157,0.19042754,0
ZINC000336388268,Cc1cscc1NC(=O)c1csnc1C,0.54905486,-6.863,0.4900331,0
ZINC000339258212,CC(C)c1nnc(C(=O)NC[C@@H]2C[C@H]2C)s1,0.4357488,-7.297,0.22046413,0
ZINC000520303088,CC(C)N(Cc1cccs1)CC1(F)CC1,0.43257868,-6.181,0.33020708,0
ZINC000729895908,C[C@H]1C[C@@H]1COC(=O)c1cnc(C2CC2)s1,0.5704841,-6.888,0.5298834,0
ZINC000739701125,CN(CCOC(=O)[C@@H]1CC(=O)N(C)C1)C(=O)O,0.40151042,-6.851,0.19900851,0
ZINC000781128823,C[C@H](C#N)CNN=C1CCC[C@H](C)[C@H]1C,0.640946,-8.002,0.55364734,0
ZINC000816419037,CO[C@H](C)CC(=O)OC[C@@H]1CC1(F)F,0.29653567,-5.838,0.09637749,0
ZINC000856066836,C#Cc1cncc(C(=O)N2CC[C@@H]3C[C@@H]3C2)c1,0.5953822,-8.188,0.44405258,0
ZINC000870676512,CCOc1cccc(OC(=O)COC)c1,0.41618103,-6.292,0.2861849,0
ZINC000882101425,Cc1cnc(C)c(N2CC(C(F)F)C2)n1,0.47194663,-6.915,0.3318826,0
ZINC000931400368,C[C@H](C1CC1)N1CCN(C)[C@@H](CO)C1,0.3145486,-5.962,0.1191681,0
ZINC000978516500,CC(=O)N[C@H]1C[C@@H](CNC(=O)c2ccccn2)C1,0.54692626,-7.893,0.37873477,0
ZINC001228059870,COc1ccc(OC[C@@H]2CCO2)cc1F,0.465122,-6.681,0.34269097,0
ZINC001250135867,CCNC(=O)CC1=CC[C@@H](C(F)(F)F)CC1,0.38463622,-7.739,0.0732632,0
ZINC001466784282,Cc1cc(C(=O)N2CC(F)(F)C2)cc(O)n1,0.41798276,-7.561,0.15782505,0
ZINC000019436151,Cl/C=C/CN1CCNCC1,0.377169,-5.313,0.31068534,0
ZINC000020349076,Cc1cccc(CNCc2ccn(C)n2)c1,0.7684943,-7.662,0.8416563,0
ZINC000078027547,Cc1cccc(CN(C)C(=O)[C@@H]2C[C@H]2[N+](=O)[O-])n1,0.54190415,-7.273,0.43324345,0
ZINC000146074951,CCCCCCN1C(=O)[C@@H]2CCCN2C1=O,0.43534112,-7.129,0.23712237,0
ZINC000157486042,C[C@@H](CC[S@@](C)=O)NCc1cncs1,0.38202313,-5.593,0.2911913,0
ZINC000334853575,CC1(C(=O)N2CC3(C2)CCOC3)COC1,0.3999288,-7.059,0.17425121,0
ZINC000336448317,Cc1cnc(C(=O)N2CCCC2)c(O)c1,0.4225933,-7.252,0.19908264,0
ZINC000408045369,COCCN1C(=O)N[C@@H]2CN(CC#N)CC[C@@H]21,0.39152408,-6.324,0.23401491,0
ZINC000649310342,CCCN(C[C@@H]1COCCO1)CC(F)(F)F,0.3837038,-5.714,0.28194106,0
ZINC000799199947,C#CCN(CC#N)Cc1ccn(C)n1,0.41965193,-6.062,0.3169719,0
ZINC000835012380,CCc1ccc(NN=C2CCO[C@H]2C)cc1,0.53736657,-8.023,0.34628272,0
ZINC000862770612,C[C@H]1CCC[C@@]1(C)C(=O)Nn1cccn1,0.3961868,-7.182,0.1540512,0
ZINC000874239553,CCON(CC)C(=O)C(=O)Nc1cc(C)on1,0.43658322,-6.436,0.31162915,0
ZINC000908830141,O=C(C[C@@H]1CCCC(=O)N1)Nn1ccnn1,0.43494907,-7.22,0.22688513,0
ZINC000935273169,O=Cc1ccc(C(=O)NN2CCCNC2=O)nc1,0.52971435,-7.89,0.34495142,0
ZINC001206422789,Cc1cc(C#N)c(Nc2cccnc2O)s1,0.5897365,-7.326,0.5224849,0
ZINC001240372497,Cc1cnc(-c2cncnc2)nc1NC1CC1,0.46781036,-7.124,0.30196083,0
ZINC001347814560,C=CCC1(O)CN(C(=O)c2ccc(Cl)[nH]2)C1,0.45047355,-7.059,0.27437574,0
ZINC000015954083,C[P@@](=O)(O)c1nccn1-c1ccccn1,0.53114945,-7.247,0.41464236,0
ZINC000019802362,O=C(NCCN1CCOCC1)[C@@H]1CSCN1,0.3046174,-6.215,0.07319264,0
ZINC000037403270,O=C(O)c1ccc(F)c(NC(=O)C2CC2)c1,0.44601703,-7.726,0.19620451,0
ZINC000096531455,CNC(=O)[C@H]1CCc2n[nH]c(=O)cc2C1,0.46961507,-7.482,0.26831704,0
ZINC000103334630,COCCCCOC(=O)c1cc(C)ccc1F,0.41735417,-7.263,0.18756081,0
ZINC000107939502,Cc1nc(C[S@](=O)Cc2ccccc2)no1,0.4116989,-7.481,0.15369438,0
ZINC000177334842,CO[C@H](C)CC(=O)N(C)C[C@H]1CCOC1,0.28215218,-5.907,0.060711663,0
ZINC000226745763,COc1ccnc(NCc2nc(C)c(C)o2)n1,0.5777366,-7.043,0.5281358,0
ZINC000306412811,CC#CCNc1cccc(OC)c1F,0.4683657,-7.217,0.2933923,0
ZINC000306543053,CC[C@H](C)N[C@H]1[C@@H](C)NCC[C@@H]1C,0.44447547,-6.32,0.33932266,0
ZINC000335574504,CCC1(C)CN(C(=O)CC(C)C)C1,0.3595194,-6.607,0.14119503,0
ZINC000336337817,CN(CC(=N)O)C(=O)c1ccc2ncccc2c1,0.583009,-8.475,0.389705,0
ZINC000423222573,CNCCN[C@H](C)c1ccc(Cl)cc1,0.47367942,-6.616,0.36640006,0
ZINC000596164482,N#Cc1cn[nH]c(=N[C@H]2CCOC3(CCC3)C2)c1,0.58804595,-8.606,0.38606358,0
ZINC000635932359,C[C@@H](NC(=O)[C@H]1C[C@@H](O)C1)C(F)(F)F,0.3198511,-6.689,0.054090813,0
ZINC000744329320,CCC(C)(C)COC(=O)C1CC=CC1,0.42354265,-7.237,0.20252267,0
ZINC000780249261,Cc1ccc2[nH]cc(C(=O)OCC(F)F)c2c1,0.49887785,-8.307,0.24051455,0
ZINC000819973633,CC[C@@H](NC(=O)CCc1cc(C)on1)C(N)=O,0.4310807,-7.373,0.20331591,0
ZINC000835273338,C=C[C@@H](CC)OC(=O)[C@H](C)Oc1ccccn1,0.4250227,-6.817,0.24911894,0
ZINC000842114577,CO[C@H](CC(C)C)C(=O)OCc1nccs1,0.6016066,-5.975,0.68645245,0
ZINC000879344614,CN(C[C@@H]1CCC(=O)N1)c1cccc2cc[nH]c21,0.54002523,-8.339,0.318697,0
ZINC000880300834,CO[C@H](CN1CC[C@H](CF)C1)[C@@H]1CCOC1,0.3704775,-6.429,0.18140748,0
ZINC000882032173,C[C@@H]1CCN(S(=O)(=O)C2CCC2)C[C@H]1C,0.681773,-7.831,0.65229964,0
ZINC000882932932,O=C(N[C@@H]1CC(=O)N(CC2CC2)C1)C12CC(C1)C2,0.60860044,-8.252,0.46358305,0
ZINC000894260085,CCOc1ccc(CNC2(C(F)F)CC2)o1,0.49385554,-6.694,0.39825797,0
ZINC000925284936,C[C@@H](NCc1ccc(F)cn1)C1(Cl)CC1,0.5261942,-7.049,0.42541113,0
ZINC001164193526,CC1CC(N(C)c2ccc(Cl)c(C#N)n2)C1,0.45491746,-7.872,0.19865689,0
ZINC001168356348,N=CNC1CCN(CC2CC2)CC1,0.32329696,-6.03,0.1294283,0
ZINC001224492164,C#C[C@@H]1CCC[C@H]1OC/C=C/C(=O)OC,0.3596842,-7.263,0.073321834,0
ZINC001518443317,O=C(/C=C/c1nccs1)N[C@@H]1C[C@@H]2CCC[C@@H]12,0.58710283,-7.894,0.4582169,0
ZINC000011961701,N[C@@H](Cc1ccccc1)C(=O)NC1CCCC1,0.5263543,-8.475,0.2774772,0
ZINC000061858716,CCN(C[C@@H](C)C#N)c1nccc(C)n1,0.4419319,-6.616,0.30351108,0
ZINC000087823140,CNc1cc(NC(C2CC2)C2CC2)ncn1,0.423504,-6.433,0.28603226,0
ZINC000235029217,CSCCOc1ccc(F)cc1C=O,0.5170734,-6.08,0.5080837,0
ZINC000309710500,CC(C)(C)n1cc(NC(=O)CC(=O)O)cn1,0.4032178,-6.861,0.20135102,0
ZINC000345510573,Cc1sccc1CC(=O)NC[C@H]1CC1(C)C,0.5506022,-8.028,0.3719815,0
ZINC000349604019,CCS[C@@H](C)c1noc(CC)n1,0.29474476,-5.898,0.086592086,0
ZINC000365941076,COC(=O)[C@@H]1C[C@H](OC)CN1C(=O)C(F)F,0.3555427,-6.164,0.17937315,0
ZINC000452535683,CC[C@H]1CCC[C@@H]1CNC(=O)c1cc(F)c[nH]1,0.44345906,-7.854,0.17783014,0
ZINC000455034204,COC1(CNC(=O)NCC[C@@H](C)F)CCCC1,0.4944228,-7.119,0.35519743,0
ZINC000573098515,CC(F)(F)CCCNC(=O)Cn1ccnc1,0.3700645,-6.861,0.13567735,0
ZINC000629653165,CNc1ccc(NCc2ccc(COC)o2)cc1,0.667529,-7.269,0.6825106,0
ZINC000635965732,NC(=O)C(=O)NC[C@@H]1C[C@H]1c1ccccc1,0.51492184,-7.932,0.3112823,0
ZINC000732258636,C#CCNC(=O)[C@@H](O)c1cccnc1,0.34459972,-7.225,0.047391456,0
ZINC000739466165,CCNC(=S)NCC[C@@H]1CCN(C(=O)O)C1,0.45802656,-6.487,0.34880435,0
ZINC000798136162,CC[C@H](SC)C(=O)NCCOC(C)=O,0.38093537,-5.628,0.28539783,0
ZINC000825790148,C[C@@H]1C[C@@H](C)N(C(=O)NC2CN(C(=O)O)C2)C1,0.4057137,-7.23,0.16793291,0
ZINC000842555069,CCCON=C1CC[C@H]1c1ccccc1,0.5639339,-7.678,0.43477738,0
ZINC000915226174,C[C@@H]1CCNC(=O)[C@@H]1NC(=O)O[C@@H]1CCOC1,0.5970388,-7.38,0.5313361,0
ZINC001139468027,Oc1ccc(CN2C[C@H]3CC[C@@H]2C3)cn1,0.713869,-7.271,0.77409804,0
ZINC001213207280,Cn1ccc(Nc2cnc3nccnc3c2)n1,0.52621454,-7.609,0.3672322,0
ZINC001226522529,N#Cc1cccc(O)c1O[C@@H]1CCC(F)(F)C1,0.47069123,-8.306,0.18478338,0
ZINC001262191127,C#CCCn1nnc(C(N)=O)n1,0.3729517,-6.361,0.19337809,0
ZINC000068252972,O=C(Nc1cc(F)cc(F)c1)c1cc[nH]c1,0.5390137,-7.997,0.3522485,0
ZINC000076611924,CN(C)c1ncc(CNC(=O)c2c[nH]cn2)n1C,0.4925696,-6.858,0.3786607,0
ZINC000180140321,C[C@H](C#N)NC(=O)CCc1cncc(F)c1,0.6453546,-7.732,0.5904504,0
ZINC000295036913,CCc1nc(CNc2cccc(F)n2)n[nH]1,0.48983762,-7.647,0.29122218,0
ZINC000307319635,C=C(Cl)CN1CCC[C@@H](C2CC2)C1,0.500502,-6.624,0.41870135,0
ZINC000307644903,C#CCONC(=O)[C@@H](C)OC,0.28133866,-5.389,0.11295292,0
ZINC000330053966,Cc1nnc(N(C)[C@H]2CCN=C2O)nc1C,0.5330138,-7.233,0.419791,0
ZINC000340569487,C[C@]1(C2CC2)NC(=O)N(CCCCCF)C1=O,0.3916186,-6.752,0.18970606,0
ZINC000379711986,CCN(C[C@H](O)CN1CCCC1)C1CC1,0.5519426,-6.077,0.5774683,0
ZINC000555856444,C[C@H](CC(=O)Nc1ccccc1)N[C@@H]1C[C@H]1CO,0.49701515,-7.652,0.30492043,0
ZINC000615427507,O=C(CN1CCCNC1=O)N1CC(O)(CO)C1,0.39198896,-6.813,0.18409795,0
ZINC000622237760,CC1CC(CNC(=O)[C@]23C[C@H]2CCC3)C1,0.55469704,-8.226,0.35950828,0
ZINC000627748286,Cc1cncn1CC(=O)N[C@@H]1CS[C@H](C)C1,0.50077665,-6.84,0.3967895,0
ZINC000668449637,CN(C)C1(C(=O)NCCc2cscn2)CC1,0.36921853,-5.844,0.23973183,0
ZINC000683925937,Cn1cc(OCCOCC2CC2)cn1,0.44037896,-5.714,0.39420938,0
ZINC000706852183,C/N=C(/NC)NCC[C@H]1CC=CCC1,0.60164136,-6.319,0.65075797,0
ZINC000771174419,Cn1ncc(NC(=O)Nc2ccon2)c1C1CC1,0.52264667,-7.732,0.34737712,0
ZINC000882228082,Cn1nnn(CCN2CCOCC2)c1=O,0.44588143,-5.859,0.39003468,0
ZINC000899378121,CCc1onc(C)c1/C=C\C(=O)c1cnnn1C,0.61177146,-7.669,0.5304749,0
ZINC000912420615,Cc1ncc(CSCc2nnc(C)o2)o1,0.35100567,-6.301,0.15614282,0
ZINC000042542851,O=C(NCCn1cccn1)c1ncccc1O,0.462688,-7.176,0.28640777,0
ZINC000148310048,CCC(=O)N1CCc2[nH]ncc2C1,0.398777,-6.423,0.23808998,0
ZINC000349174778,CCCN1CC(=O)N(C[C@@H](C)C#N)C1=O,0.41479725,-6.577,0.25381437,0
ZINC000452319190,Cc1ccn(C)c1C(=O)NC(CF)CF,0.34675914,-6.401,0.1373345,0
ZINC000527005027,O=C(CCc1cnc[nH]1)N[C@@H]1C[C@H]2OCCC[C@@H]12,0.5469531,-8.237,0.3430246,0
ZINC000582364237,CCC[C@@H](OC)C(=O)NC1(CC(=O)OC)CC1,0.36914325,-6.201,0.20246795,0
ZINC000632314695,O=S(=O)(c1ncc[nH]1)N1CC[C@](F)(CO)C1,0.33552304,-6.393,0.11590848,0
ZINC000792337779,CC#CCOC(=O)c1csc(C(F)(F)F)n1,0.4262458,-7.436,0.18718874,0
ZINC000820457625,O=C(Nn1cnc2ccccc21)[C@H]1[C@@H]2COC[C@@H]21,0.67730933,-9.005,0.52140504,0
ZINC000854640850,Cn1cc(CCC(=O)NOCC2CC2)nn1,0.47776482,-6.41,0.3959092,0
ZINC000854774602,C#C[C@H](CO)NC(=O)[C@@H]1[C@@H]2CCCO[C@H]12,0.4591884,-6.678,0.33124894,0
ZINC001218203263,C=C1CCNC[C@@H]1Oc1c(F)cccc1Cl,0.6154415,-7.718,0.5326507,0
ZINC001241806763,Cc1cnc(-c2ccc(F)cn2)c(C#N)n1,0.43548182,-7.38,0.2113064,0
ZINC001352263698,CN(C(=O)[C@@H]1C[C@H]1F)[C@H](CO)c1ccccc1,0.41526276,-7.44,0.16501649,0
ZINC001575968027,C[C@H](CCO)NC(=O)[C@@H](N)[C@@H](C)O,0.28168043,-5.37,0.115605265,0
ZINC000097094489,CCOC(=O)COC(=O)c1sccc1CC,0.4484271,-6.319,0.34725448,0
ZINC000220841795,COCCCCNC1CC(OC)C1,0.39327663,-5.041,0.37087098,0
ZINC000272309547,CCOC(=O)C[C@H](C)CN1C(=O)CN(C)C1=O,0.37770924,-6.367,0.20217855,0
ZINC000335454112,Cc1cccc2c1sc(=O)n2C[C@H]1CCOC1,0.4684785,-7.936,0.21886644,0
ZINC000339369265,CO[C@H](C)[C@@H](C)NCc1cccc(O)c1Cl,0.6903441,-7.12,0.7431958,0
ZINC000352666934,CN(C)c1noc(CN(C)[C@@H]2CCC[C@@H]2O)n1,0.60151595,-6.899,0.59021115,0
ZINC000547490879,CC[C@@H](C#N)NC(=O)c1cc([N+](=O)[O-])cn1C,0.43618143,-7.039,0.2481436,0
ZINC000562345636,Cn1nnc(CNC(=O)N[C@@]2(C)CCOC2)n1,0.35615033,-6.946,0.09927781,0
ZINC000660141860,CN(CCO[C@@H]1CC1(F)F)Cc1ncc[nH]1,0.35986784,-5.92,0.2133078,0
ZINC000665128843,CC(C)CNC(=O)c1cnc2n1CCOC2,0.41579264,-6.999,0.21191376,0
ZINC000677403963,Cc1occc1CNC(=O)c1ccnnc1,0.578821,-7.541,0.47851032,0
ZINC000714956175,C[C@H](NS(=O)(=O)CCCC1CC1)C(=O)O,0.59211534,-6.435,0.61982816,0
ZINC000863782716,C#CC[C@H](CCOC)NC(=O)[C@@H]1C[C@H]1CC,0.368349,-6.456,0.17438409,0
ZINC000869648577,CSC1CCN(C(=O)c2nonc2C)CC1,0.38485864,-7.136,0.13639338,0
ZINC000883972466,COc1nn(C)cc1C(=O)Nc1conc1C,0.47173932,-6.799,0.34353167,0
ZINC001038218016,CC(C)N1CC[C@H]1CNC(=O)c1cn(C)nn1,0.5520865,-6.953,0.48668182,0
ZINC001195070592,CC[C@H](C)OC(=O)Nc1cccc(C(N)=O)c1,0.5089899,-7.752,0.318245,0
ZINC001197213976,O=C(N[C@@H]1C[C@H]1F)c1ncc(F)cn1,0.34396303,-6.371,0.13491455,0
ZINC001205848268,NC(=O)CO[C@@H]1CCCOC1=O,0.33297136,-5.564,0.1970391,0
ZINC001224967703,O=C1OC[C@@H](COCCc2cccnc2)O1,0.38419402,-6.832,0.16668157,0
ZINC001239402200,CSCCCNC(=S)N1CC[C@@](C)(N)C1,0.34271547,-5.948,0.17641954,0
ZINC001244976817,CCOc1cccnc1-c1ccnc(NC)c1,0.5556278,-6.935,0.4955682,0
ZINC000040175510,NC1=N[C@@H](c2ccccc2)Nc2ncnn21,0.5078683,-8.121,0.27766085,0
ZINC000065853978,C/C=C/C=C/C(=O)NCC1CCC(C)CC1,0.51036626,-8.18,0.2764753,0
ZINC000114979672,CCOC(=O)CCOC(=O)CC1CC1,0.28440446,-5.439,0.11382783,0
ZINC000119068340,COC(=O)CCCn1cccc(C#N)c1=O,0.42606196,-7.135,0.21811739,0
ZINC000128725890,CCC(=O)Nc1cccc(-c2cn[nH]c2)c1,0.5451557,-7.646,0.40090626,0
ZINC000229935198,CC[C@H](N)c1cn(CC(N)=O)nn1,0.45376107,-5.876,0.40387616,0
ZINC000235088774,Cc1nc(C)c(CN[C@@H](C)CCN)s1,0.6291602,-6.019,0.7364593,0
ZINC000258862195,Cc1cc(CN[C@@H]2CCC[C@H]2N)ccc1F,0.5727646,-8.11,0.40735814,0
ZINC000339117943,O=S(=O)(CCC1CCC1)N[C@H]1CCC[C@@H]1F,0.45274416,-7.129,0.2715962,0
ZINC000352369867,N#Cc1ccnc(C(=O)NCCn2cncn2)c1,0.54829687,-7.332,0.43977296,0
ZINC000362058153,CCC1(C)CN(C(=O)N[C@H]2CC[C@H](C)C2)C1,0.6251261,-7.77,0.546429,0
ZINC000365105823,CC(C)OCCN1CC[C@](O)(C2CC2)C1,0.5440845,-6.49,0.51896536,0
ZINC000632734294,O=C(NC[C@@H]1CC[C@H](O)C1)C1CSC1,0.46518162,-6.883,0.32180855,0
ZINC000640071667,C[C@@H](c1cnccn1)N1CCC(C)(F)CC1,0.53375137,-7.062,0.4390297,0
ZINC000655408808,O=C([C@@H]1CC1(F)F)N1CCC[C@@H]2COC[C@@H]21,0.38529804,-7.236,0.12686756,0
ZINC000720421991,Cc1cc(CNC[C@@]2(O)CCOC2)no1,0.38362685,-6.189,0.23240623,0
ZINC000797026799,N#CCCCCOC(=O)c1sccc1Cl,0.40869275,-6.201,0.28081197,0
ZINC000901275342,C/C=C/[C@H](O)C(=O)N1CCN2C(=O)CC[C@@H]2C1,0.50192666,-7.835,0.29562443,0
ZINC000934535044,O=C(Nc1ccnn1C1CC1)N[C@H]1C=CCC1,0.61069995,-7.627,0.5327188,0
ZINC000935790257,Cn1nc(C(=O)NCCF)cc1C=O,0.31157732,-5.69,0.14156011,0
ZINC001194094767,CCCOC(=O)Nc1cncc(O)c1,0.40917888,-6.55,0.24549189,0
ZINC001250409391,CC(C)OCCc1ccc2cncn2c1,0.48562565,-7.254,0.32373613,0
ZINC000020121655,C[C@H](NCc1cnn(C)c1)c1ccncc1,0.6167447,-7.28,0.580768,0
ZINC000037948083,CN[C@@H](C)CCc1cccc(F)c1,0.7359343,-6.991,0.84691715,0
ZINC000081713108,COCC[C@@H](C)NCC1(C)COC1,0.37216946,-5.4,0.2917369,0
ZINC000082995121,CC(C)OC(=O)NC[C@@H]1CCCC[C@H]1O,0.4117597,-7.073,0.19623163,0
ZINC000133422508,Cc1cscc1C(=O)NCCC1CCC1,0.56878054,-7.314,0.48222056,0
ZINC000166392430,C#C[C@@H](C)NCc1cccc2c1NCCC2,0.6725664,-8.199,0.59580386,0
ZINC000167086519,C[C@H]1C[C@@H]1CNc1cncc(C(=O)O)n1,0.42740428,-7.243,0.20954844,0
ZINC000306638670,C#CC(=O)NCCN1CC=CC1,0.39902985,-6.104,0.271755,0
ZINC000307480686,CC[C@H]1[C@H](CO)CCN1c1nc(Cl)cs1,0.43106624,-6.719,0.271279,0
ZINC000334891874,Clc1ccc(CN2CCCOCC2)nc1,0.47577092,-6.836,0.34767124,0
ZINC000396448231,CC(C)(CO)CCNC1CSC1,0.5161491,-5.356,0.5815219,0
ZINC000402711669,Cc1cncc(CCN[C@H]2CCOC(C)(C)C2)n1,0.5975924,-7.719,0.49718928,0
ZINC000423312868,N[C@@H](CN[C@@H]1CCc2ccc(F)cc21)C1CC1,0.65701395,-8.183,0.5666592,0
ZINC000425250545,N#Cc1cccc([N+](=O)[O-])c1N[C@@H]1CNC(=O)C1,0.52988744,-7.454,0.3906221,0
ZINC000611579470,COC(=O)CCN1CCC[C@H](OC(F)F)C1,0.46857893,-6.15,0.40474316,0
ZINC000620132621,O=C(Cn1ccnc1)N1CC[C@@H]2COC[C@@H]2C1,0.4030605,-6.95,0.19178672,0
ZINC000639836719,CC[C@H](CC(F)F)CN1CCO[C@@H](OC)C1,0.3751881,-6.44,0.18959518,0
ZINC000665263592,C[C@H]1CCNC[C@H]1NCCc1ccoc1,0.4152811,-6.765,0.23522776,0
ZINC000716370779,Cc1ccc(C(=O)NCC2OCCCO2)cc1,0.5251313,-8.297,0.29355985,0
ZINC000744164397,C=CCCOCC(=O)OC1([C@@H]2CCOC2)CC1,0.48060843,-7.0,0.340204,0
ZINC000763725148,CN(C[C@@H]1CC2(CC2)C(=O)O1)c1cccc(O)c1,0.59337354,-8.121,0.44703907,0
ZINC000783183037,Cc1cc2c(cc1C)[C@H](C(=O)OC1CC1)CO2,0.49605024,-8.21,0.24499771,0
ZINC000816287496,N#Cc1ccnc(C(=O)NCCn2cnnn2)c1,0.5942638,-7.764,0.48591733,0
ZINC000846749516,CS[C@H]1CCC[C@@H](Nc2cncc(C)c2)C1,0.5630558,-6.684,0.5363771,0
ZINC000881014608,CC[C@H](NC(=O)Nn1cnnc1)C(F)F,0.3183387,-6.545,0.06606553,0
ZINC000886630928,CCn1cnc2c1CCN(C(=O)C1CC1)C2,0.40867326,-7.352,0.16111204,0
ZINC001171334682,CCN[C@@H]1CCc2c(F)cc(F)cc2C1,0.7816342,-7.753,0.85822475,0
ZINC001209217532,COCCCCN1CCCC(F)(F)[C@@H](F)C1,0.42853412,-7.025,0.23445049,0
ZINC001214004929,N#Cc1c[nH]ccc1=Nc1cnn2cccnc12,0.5008276,-7.55,0.3230768,0
ZINC001228891902,C[C@H](COc1ccccc1)Oc1cncc(O)c1,0.59333426,-8.063,0.45299107,0
ZINC001245535050,CSc1ccc2ncncc2c1,0.54953355,-6.337,0.54566586,0
ZINC001250389680,FC(F)Cc1ccc2ccccc2n1,0.40601727,-7.963,0.09232945,0
ZINC001252591092,C=CCC[C@H](O)CNc1cc(OC)n[nH]1,0.40745777,-6.286,0.26952872,0
ZINC001300791969,NC(=O)CC(=O)Nn1cccn1,0.30706665,-5.393,0.16350192,0
ZINC001345437020,C[C@]1(COC(=O)[C@]2(C)C=CCC2)CC1(F)F,0.47030866,-7.726,0.24432403,0
ZINC000050725487,CNc1ccc(C(=O)NC2CC2)cn1,0.46055406,-6.629,0.33904836,0
ZINC000054413761,CCNC(=O)COC(=O)c1ccc(N)c(F)c1,0.5086779,-7.278,0.36690536,0
ZINC000080375940,Cc1cccc(NC(=O)Nc2cncc(C)c2)c1,0.60914373,-8.614,0.4270246,0
ZINC000109604860,Fc1cccc(-c2noc(-c3ccon3)n2)c1,0.5485177,-8.114,0.35891142,0
ZINC000118446782,CC(=O)OCC(=O)Cc1ccccc1,0.57887506,-6.771,0.5586688,0
ZINC000124379493,COC(=O)c1ccc(NCc2cc[nH]n2)nc1C,0.6087592,-7.439,0.54841936,0
ZINC000135141249,COCCONC(=O)c1ccc2[nH]ncc2c1,0.51614195,-7.154,0.39458242,0
ZINC000255504221,Cc1ccccc1/C=C\C(=O)N(C)CC1CC1,0.56687754,-7.298,0.4801144,0
ZINC000307901125,C=CCN(C)CC(=O)NCC,0.39961404,-4.907,0.39735582,0
ZINC000335112349,Cc1ncsc1C(=O)N[C@H]1CC12CC2,0.48881766,-6.751,0.38235253,0
ZINC000354983268,CC[C@H](O)CCNC(=O)CCc1ncc[nH]1,0.3389913,-6.439,0.11799654,0
ZINC000379742765,CC(C)c1nn(C)cc1NCc1ncccn1,0.4573377,-7.062,0.28766114,0
ZINC000408208908,C[C@H]1C[C@H]1CNC(=O)NC1(CO)CCC1,0.40356326,-7.035,0.1839458,0
ZINC000495748568,Cc1cc(CCNC(=O)OCC2CC2)on1,0.43849152,-6.782,0.27943814,0
ZINC000598651041,COC(=O)CCCN1CC[C@H](C)[C@H](CO)C1,0.37648454,-6.641,0.17126673,0
ZINC000625061531,CN(Cc1ccco1)C[C@@H](O)CC1(O)CCC1,0.4683639,-6.763,0.34058794,0
ZINC000635727407,O=C(N[C@@H]1CCOC1)c1coc(CO)c1,0.34600663,-6.689,0.10590255,0
ZINC000672925596,Cc1cc(C(=O)N[C@H](CO)CC2CC2)co1,0.4434485,-6.998,0.26680154,0
ZINC000688009665,C#CCCCCN[C@@H]1COC[C@H]1C,0.5610345,-6.694,0.53133345,0
ZINC000735820365,CC(C)c1ocnc1C(=O)Nc1nn[nH]n1,0.40816578,-6.992,0.19753343,0
ZINC000855143241,O=C(N[C@H]1CCNC1=O)c1nc(Cl)cs1,0.50616837,-6.535,0.4391787,0
ZINC000863112085,Cc1nnc(C=NNC[C@@H]2CCSC2)s1,0.49040687,-6.451,0.4166895,0
ZINC000872341346,CON=CC1CCN(C)CC1,0.37168372,-5.388,0.29202223,0
ZINC000882576048,CC(C)(CNS(C)(=O)=O)CC(F)F,0.29610702,-5.917,0.08731528,0
ZINC000889065212,Cc1cnc(F)cc1C(=O)N[C@H]1CC=CCC1,0.5750805,-8.455,0.3760786,0
ZINC000889107161,C[C@@H]1COCCN1C(=O)Nc1ccns1,0.4369744,-6.714,0.28350234,0
ZINC000896181660,CCC[C@H](O)CCNc1nc(C)ns1,0.3934961,-5.718,0.30092284,0
ZINC001030791932,CCN1CC(NC(=O)[C@@H]2CC[C@@H]2C(N)=O)C1,0.49711174,-6.542,0.4205106,0
ZINC001246828780,C[C@H]1C[C@@H](N(C)C2CNC2)CCN1,0.388976,-5.746,0.289058,0
ZINC000004555617,Nn1c(=O)c(CCC(=O)O)n[nH]c1=S,0.4695849,-6.297,0.39145333,0
ZINC000083371214,CC[C@H](NCc1cc(F)cc(F)c1)C(=O)OC,0.6006644,-7.195,0.5577512,0
ZINC000128948584,N#Cc1cnc(NCCc2ccc[nH]2)cn1,0.54964656,-7.279,0.4479566,0
ZINC000147349389,CC[C@@H]1CN(C(=O)OC)CC[C@@H]1N,0.5033869,-5.997,0.48960096,0
ZINC000335607912,C[C@@H]1CC(C)(C)C[C@H]1NCC1=CCCOC1,0.4915597,-8.14,0.2433798,0
ZINC000350806563,Cc1ccc(-c2noc(C[C@@H]3CCCCO3)n2)o1,0.5688119,-8.198,0.39037955,0
ZINC000579209329,CN1CCN(C(=O)c2cccnc2)CC1(C)C,0.536198,-7.557,0.39241463,0
ZINC000596183671,Cn1ncc(C#N)c1N1CCC(F)(F)C1,0.40606928,-6.905,0.20242521,0
ZINC000623236393,Cc1c(C(=O)N2Cc3cnn(C)c3C2)cnn1C,0.4273807,-7.296,0.20399173,0
ZINC000650659995,COc1cnc(C(=O)NC2(C3CCC3)CC2)nc1,0.43981215,-7.557,0.20148298,0
ZINC000660266425,Cc1nc([C@H](C)NCC2CC=CC2)cs1,0.56472737,-6.971,0.509851,0
ZINC000679635684,Cc1cc(CNC(=O)[C@H]2COCCN2C)n[nH]1,0.5249134,-6.97,0.43108696,0
ZINC000786605749,C[C@H](C#N)OC(=O)/C=C/c1ccccc1F,0.5968149,-7.994,0.4670593,0
ZINC000796655839,O=C(CO)OCc1cnn(-c2ccccc2)c1,0.6225252,-7.368,0.5830699,0
ZINC000867660305,O=C(NCC[C@@H]1CCCS1)OCC1CC1,0.50540537,-6.833,0.40668625,0
ZINC000884141428,Cc1nonc1CNC(=O)[C@H](N)CC1CC1,0.40443465,-7.013,0.18795913,0
ZINC000905191310,COC(=O)N(CC(=O)O)C1CCC1,0.3282178,-5.469,0.1974992,0
ZINC000929853720,CONC(=O)[C@]1(C)Cc2ccc(C)cc2C(=O)O1,0.513634,-8.905,0.20757535,0
ZINC001160879735,Cc1cnc(N2C=C(N)C=CC2)cn1,0.3974112,-6.658,0.21095316,0
ZINC001180422668,COc1cc(CC(=O)N2CCCC2)ccc1F,0.43821955,-7.58,0.19593698,0
ZINC001206166367,N[C@H]1CCN(Cc2ccc(O)nc2)CC[C@H]1F,0.6658642,-7.724,0.63190985,0
ZINC001259196290,COc1cc(C)ccc1S(=O)(=O)NC1CC1,0.42775077,-7.053,0.22998774,0
ZINC000061708668,CC#CCN1CC[C@H](O)C1,0.4171715,-6.156,0.30228594,0
ZINC000134112174,CC(C)[C@@H](C)CN[C@@H](C)c1cncs1,0.5778796,-6.914,0.5418302,0
ZINC000168630463,O=C(O)[C@H]1CCC[C@@H]1C(=O)NCC1CC1,0.36530364,-7.334,0.07707207,0
ZINC000190728947,CCOC[C@@H](C)OC(=O)CCc1cnn(C)c1,0.4070204,-6.511,0.24527064,0
ZINC000308471219,C[C@@H]1CC[C@H]1NCCc1ccccn1,0.5799138,-7.146,0.5217404,0
ZINC000332032430,COC1CN(C(=O)c2cc(C#N)ccn2)C1,0.47014263,-6.995,0.31999204,0
ZINC000334235104,C[C@@H]1CSC[C@H]1NC(=O)c1cc[nH]n1,0.4542419,-6.271,0.3637633,0
ZINC000338412239,O=C(CCn1ccnn1)Nc1cnccn1,0.36726025,-6.798,0.13667208,0
ZINC000408246194,CC[C@@H]1CC[C@@H](C(=O)NCC(=O)NC)O1,0.34409276,-6.45,0.12695846,0
ZINC000414063773,C[C@H](NCCOc1cccc(F)c1)[C@H]1C[C@H]1C,0.5962724,-7.622,0.5046589,0
ZINC000438071150,CC[C@@H]1C[C@H]1NC(=O)CC[C@@H](C)SC,0.29882693,-5.858,0.098837025,0
ZINC000579230936,CN(C[C@@H](O)C(F)(F)F)c1cncc(C#N)n1,0.38221177,-6.794,0.16670553,0
ZINC000601012343,CNC[C@@H]1[C@H]2OCCO[C@H]21,0.23797974,-4.722,0.096406095,0
ZINC000606268234,N[C@H]1CC=C(C(=O)NC2CCCC2)C1,0.45437345,-7.496,0.23666927,0
ZINC000717658920,O=C(COC1CC1)N[C@H]1CCCC[C@@H]1O,0.5485645,-6.654,0.51079,0
ZINC000767421723,CCCCCCCOC(=O)C1(C#N)CC(C)C1,0.5693819,-7.34,0.48070878,0
ZINC000787532501,O=C(N[C@@H](CO)c1ccsc1)C(F)F,0.360843,-6.355,0.17001568,0
ZINC000807595461,CON(C)C(=O)NC[C@H]1CCCSC1,0.3507807,-6.076,0.17908877,0
ZINC000833092307,O=C(C=C1CCC1)OCc1cccc(C(=O)O)c1,0.59789133,-8.824,0.3829025,0
ZINC000835337968,C[C@@H](OC(=O)C1(C(F)(F)F)CCC1)C(F)F,0.34221494,-6.63,0.10452538,0
ZINC000848985922,CC[C@H](C)NC(=N)NCc1ccc([C@@H]2C[C@H]2C)o1,0.6756146,-7.735,0.65008074,0
ZINC000857475938,Cn1ncc(C(=O)NC2(CO)CC2)c1Cl,0.46403039,-7.003,0.30705252,0
ZINC000861633698,C#C[C@@H](NC(=O)NC[C@H]1COCCN1)C(C)C,0.39961278,-7.067,0.17279348,0
ZINC000894914559,Cc1ncoc1CN[C@@H](C)Cc1cnn(C)c1,0.71654725,-7.126,0.79447806,0
ZINC000901155407,COC[C@@]1(C(=O)NC2=NCCS2)CCOC1,0.4695018,-6.005,0.42164585,0
ZINC000907482254,CCO[C@@H]1[C@H](C)[C@H]1C(=O)NOCCO,0.5191687,-5.918,0.5290763,0
ZINC001256618021,Cc1cncc(-c2nnc([C@H]3C[C@H]3C)o2)c1,0.63046217,-8.222,0.510008,0
ZINC001337051837,C[C@@H]1CN(C(=O)NCc2csc(N)n2)[C@H]1C,0.43185043,-6.929,0.2510002,0
ZINC000000064853,COc1cccc(NC(=O)CCC(=O)O)c1,0.4020499,-7.159,0.1680566,0
ZINC000081009289,Cc1nc2[nH]ccc2c(N(C)C2CCOCC2)n1,0.6515831,-7.598,0.6167195,0
ZINC000086934736,C[C@@H]1C[C@@H](Nc2cccc(C(=O)O)c2)CS1,0.45395088,-7.579,0.22720332,0
ZINC000153609972,N#CCC(=O)Nc1ccccc1OC1CCCC1,0.49621424,-7.618,0.3068686,0
ZINC000158500506,COCCCCN1CC[C@@H](C(=O)O)C1,0.3336722,-6.253,0.12679699,0
ZINC000192643221,CC(C)CCC[C@@H](C)NC(=O)NCC1CC1,0.47717676,-6.916,0.34213907,0
ZINC000306282873,Cc1csc(NC(=O)C2=CCC2)n1,0.63304865,-6.788,0.6642144,0
ZINC000306395338,N#CCCNC(=O)c1cc(O)cs1,0.35044044,-5.926,0.19400918,0
ZINC000336194548,C[C@@H]1CCCN1CC1CC(F)(F)C1,0.43309784,-6.626,0.28497195,0
ZINC000353227323,c1coc(CNCc2ccc3cc[nH]c3n2)c1,0.5590725,-7.897,0.4023795,0
ZINC000491681805,C#C[C@@H](CCC)NC(=O)NCC1=CCNCC1,0.5043201,-7.388,0.34683704,0
ZINC000718044036,O=C(NC1CC1)NC1CCC=CCC1,0.50460637,-6.886,0.39959347,0
ZINC000719433884,C[C@@H]1[C@@H](NC(=O)c2cccs2)CCN1C,0.5186006,-6.607,0.4563205,0
ZINC000767385002,O=C(O[C@H]1CCCNC1=O)c1cncc(F)c1,0.39086756,-7.877,0.07126005,0
ZINC000793548060,C#CCSCCNC(=O)CCC(F)F,0.3071111,-5.592,0.14290136,0
ZINC000794930960,CCOCCON=C[C@H]1CCCSC1,0.44840384,-5.867,0.39419964,0
ZINC000795858575,Cc1nnc(COC(=O)C(C)(C)C(F)F)o1,0.42023516,-6.861,0.23506092,0
ZINC000827291942,O[C@]12C[C@H]1CN(Cc1ccc(F)nc1)CC2,0.44681406,-7.719,0.19851111,0
ZINC000831334048,O=C(NC[C@@H]1C[C@@H]2COC[C@@H]2O1)C1CCCC1,0.47562397,-8.444,0.18020782,0
ZINC000852813440,COC(=O)[C@H](C)NC(=O)C1=NO[C@@H](CN)C1,0.47288406,-6.396,0.38769633,0
ZINC000854428498,CON(CC(C)(C)C)C(=O)c1ccc(F)s1,0.53182715,-6.916,0.45039654,0
ZINC000860898719,C=CC[C@H](C)OC(=O)C1(SC)CCC1,0.41739818,-6.03,0.31583428,0
ZINC000918386806,COC1CC(n2ccnc2[N+](=O)[O-])C1,0.40191272,-6.084,0.27954495,0
ZINC001234231418,COc1cc(F)c(F)cc1OC[C@@H]1COCO1,0.46707165,-7.095,0.30351242,0
ZINC001243788865,N#C[C@H]1CC=C(c2ncncc2F)CC1,0.5979065,-7.901,0.47889024,0
ZINC001256717480,Cc1nc(O)sc1-c1nnc([C@H]2C[C@@H]2C)o1,0.52781165,-7.921,0.3379595,0
ZINC000014982985,COc1cccc([N+](=O)[O-])c1CC#N,0.49904212,-6.523,0.4263098,0
ZINC000038362904,CC1=C2CCC[C@@]2(C)CC1=O,0.4344845,-7.115,0.23688099,0
ZINC000044526320,CCN1CCC(CNc2cc(C)ncn2)CC1,0.48981988,-7.687,0.28702855,0
ZINC000221435368,C[C@@H]1CCN(CCCC#N)C[C@@H]1O,0.4135359,-6.252,0.28510368,0
ZINC000245446164,C[C@@H]1CCCN1[C@@H](C(N)=O)c1ccccc1,0.5323464,-7.768,0.36284882,0
ZINC000292999864,C[C@@H]1CCC[C@@]1(O)CNCc1ccco1,0.48691434,-7.146,0.33751687,0
ZINC000294917379,c1coc(C2=CCCN(Cc3cnns3)C2)c1,0.6937337,-7.801,0.6791115,0
ZINC000334613751,c1cc(CN2CCC[C@H]([C@@H]3CCOC3)C2)on1,0.4470428,-7.505,0.22121224,0
ZINC000357530714,CN(Cc1ncon1)C(=O)c1cccc(O)c1,0.44661745,-7.566,0.21402799,0
ZINC000595015226,C=CCSCCN[C@@H](C)C(C)(C)C(F)F,0.33879212,-5.934,0.17010322,0
ZINC000798880025,Cc1c(C(=O)NCc2nncn2C)ccn1C,0.4420215,-7.611,0.20024544,0
ZINC000830616560,Cc1ccoc1CN[C@H]1CCN(C(=O)O)C1,0.4799973,-7.139,0.32454258,0
ZINC000882154571,Cn1ncnc1SCO[C@H]1CCCOC1,0.4305241,-6.377,0.30576044,0
ZINC000915190457,Cc1csc(C)c1S(=O)(=O)NCCF,0.34757066,-6.133,0.16680409,0
ZINC001017350804,C#CCN1C[C@H]2CC[C@@H](C1)N2C(=O)c1ccc[nH]1,0.49225265,-7.58,0.30297166,0
ZINC001187371395,C#Cc1ccc(NC(=O)[C@H]2CCC=N2)cc1F,0.58427864,-8.411,0.3988737,0
ZINC001240521982,Cc1n[nH]cc1-c1cccn(C)c1=O,0.46211138,-7.245,0.27809215,0
ZINC001253102078,Cc1cnc(NS(=O)(=O)CC(F)(F)F)o1,0.34128165,-6.401,0.12648407,0
ZINC000061798668,CCCNC(=O)CN(C)Cc1sccc1C,0.522117,-6.281,0.49717814,0
ZINC000085446771,CC[C@@H](C)C[C@H](C)NCc1nc(C)cs1,0.5135553,-6.725,0.4340586,0
ZINC000123320802,COCCOC(=O)c1c(C)nn(C)c1Cl,0.3838403,-6.116,0.24041833,0
ZINC000165892434,Cn1nccc1CN[C@H]1C=CCCC1,0.41620198,-7.057,0.2066948,0
ZINC000181942843,CO[C@H](C)CCC(=O)Nc1cccc(C)c1F,0.42634898,-7.728,0.15703598,0
ZINC000190239365,CC(C)=CCNC(=O)N[C@H]1CCS(=O)(=O)C1,0.54977477,-6.923,0.48522142,0
ZINC000268316929,C=CCCC(=O)N1CC(=O)N[C@H]2CCCC[C@@H]21,0.63891107,-7.849,0.5655227,0
ZINC000346218100,CCc1nsc(N2CC(C)(OC)C2)n1,0.45257962,-6.088,0.37949568,0
ZINC000379325741,Cn1ncnc1COC(=O)CO,0.26010978,-5.092,0.10177742,0
ZINC000598842461,CSC[C@@](C)(C#N)NC(=O)CCCF,0.28748462,-5.455,0.11826599,0
ZINC000600526005,Cc1nc(CS[C@H](C)CO)c(C)o1,0.40868062,-5.536,0.34992325,0
ZINC000618921670,C[C@H](O)[C@H]1CCCN1C(=O)Cc1ccco1,0.37526125,-7.033,0.12809001,0
ZINC000693675605,O=C(O)C1(NCc2cc[nH]n2)CCC1,0.32900283,-6.158,0.12742382,0
ZINC000831712077,CN1CN(C(=O)/C=C\c2cccs2)CC1=O,0.48403746,-6.805,0.3672694,0
ZINC000834654384,Cc1nc(C(=O)N[C@@H]2CCS[C@H](C)C2)co1,0.4771598,-6.766,0.35769993,0
ZINC000868580554,CCN(C(=O)[C@@H]1C[C@@H]1[C@@H]1C[C@H]1C)[C@@H](C)CO,0.35698888,-6.51,0.14626671,0
ZINC000880299799,C=C(CC)CN1CC[C@H](CF)C1,0.37850696,-6.307,0.20999655,0
ZINC000896771892,O=C(/C=C\C=C(Cl)Cl)NCC(F)F,0.5360109,-6.284,0.5243888,0
ZINC001138935150,Cc1cnc(CN2CCC[C@](F)(CO)CC2)[nH]1,0.5054438,-6.903,0.39948502,0
ZINC001149173366,O=C(NCc1cnc[nH]1)c1cccc2c1OCC2,0.680589,-8.083,0.6237556,0
ZINC001155864892,Cc1ccnnc1NCCc1cccc(O)c1,0.7314322,-8.423,0.68912387,0
ZINC001174789313,C=C(C)Nc1cccc(Cl)c1O,0.5026988,-6.681,0.4171272,0
ZINC001206542508,CC(=O)c1cc(Nc2ccnc(N)c2)cnc1C,0.6164287,-7.659,0.54074,0
ZINC001232203655,Cc1scnc1CN1CCCO[C@H](C)C1,0.62608206,-6.444,0.6861775,0
ZINC000012902078,Cc1ccc2c(=O)[nH]c(=O)n(C)c2n1,0.48466694,-7.479,0.29844534,0
ZINC000036908688,CCCNC(=O)CN[C@@H]1C[C@@H](C)N(C)C[C@@H]1C,0.52937144,-6.925,0.44459638,0
ZINC000038090640,Cc1csc(CN[C@@H](C)C(C)C)n1,0.4878855,-6.1,0.44818583,0
ZINC000127150720,CC[C@@H](C#N)Sc1nnc(-c2ccoc2C)o1,0.59558165,-7.695,0.49570134,0
ZINC000229886410,C[C@@H](NC(=O)NC1CCC1)c1cn[nH]c1,0.3919938,-6.997,0.16497836,0
ZINC000261546297,CC[C@@]1(C)CCN(C(=O)[C@@H]2CCNC2)C1,0.57115513,-7.377,0.48037475,0
ZINC000276869888,Cc1cnc(CNC(=O)CCOCC(F)F)o1,0.33647636,-6.463,0.11051953,0
ZINC000307608453,C[C@@H]1C[C@@H]1C(=O)OC/C=C/Cl,0.31989282,-5.503,0.17747346,0
ZINC000342553890,Cc1ccnc(N2CC[C@@](C)(F)C2)c1Cl,0.4995822,-7.341,0.342338,0
ZINC000346077040,COCCCC(=O)N1CCN2C(=O)CC[C@@H]2C1,0.43777904,-7.359,0.2180402,0
ZINC000393789217,CCNCC(=O)N1CCCC[C@H]1[C@@H](C)N,0.4165066,-6.294,0.28662193,0
ZINC000578917816,C[C@@H]1CCC[C@@H]1Cc1nc(CCC2CC2)no1,0.55952245,-8.361,0.35503203,0
ZINC000592733438,C[C@@H]1SCC[C@H]1NC(=O)c1ccc(C#N)n1C,0.45796344,-7.184,0.2762172,0
ZINC000595344682,CCc1nc([C@@H](C)N(C)CCC#N)n[nH]1,0.5503702,-6.448,0.5357833,0
ZINC000601147889,C=C(C)CN=c1cc(C#N)nc(C2CC2)[nH]1,0.4614052,-7.164,0.28511423,0
ZINC000733962249,CC[S@](=O)CCNC(=O)CCn1ccnc1,0.44239682,-6.221,0.34549737,0
ZINC000736795809,Cc1cnn(CC(=O)OCc2cccc(C)n2)c1,0.48108935,-7.562,0.28272954,0
ZINC000852746121,Cc1nnc(CN(C)C[C@@H]2CCC(=O)O2)s1,0.5435381,-6.641,0.5021846,0
ZINC000861989728,CSCCCCCCC(=O)N[C@H]1CC1(C)C,0.38912207,-6.869,0.17259698,0
ZINC000885972731,C[C@@](O)(CN1CCO[C@H](C(N)=O)C1)C(F)F,0.45521176,-6.327,0.35986257,0
ZINC000925897093,C[C@@H]1C[C@H](NC2(C3CC3)CC2)c2ncnn21,0.5469116,-7.237,0.44690537,0
ZINC000931776890,CC[C@H](CO)NCc1c(F)cncc1F,0.52029663,-6.767,0.4430461,0
ZINC001226815282,C1=C[C@@H](Oc2nc3ncccc3o2)CC1,0.44861814,-7.616,0.212793,0
ZINC001357532841,C[C@@H](NC(=O)NC[C@H]1C[C@@H](N)C1)C1(C)CC1,0.50130796,-7.573,0.32163712,0
ZINC000060775442,O=C(OC1CCCC1)c1cc(Cl)ccn1,0.43825182,-7.244,0.23093249,0
ZINC000086033116,NC(=O)Cc1n[nH]c2cc(O)ccc21,0.49641,-7.137,0.35726258,0
ZINC000120537095,Cc1cc(C(=O)NCc2ncn(C)n2)[nH]n1,0.43043274,-6.87,0.25432572,0
ZINC000124128777,C[C@]1(CNC(=O)CC2CCC2)CCCO1,0.4513111,-7.652,0.21438488,0
ZINC000134209550,COc1cc(F)ccc1N[C@H]1CCO[C@@H]1C,0.45777473,-7.688,0.22344604,0
ZINC000306706773,N#CC1CCN(CC(=O)O)CC1,0.35152212,-6.017,0.18669128,0
ZINC000309667607,CCOC(=O)[C@H](CC)N[C@H]1CCC[C@H]1C#N,0.41552064,-6.516,0.26158908,0
ZINC000331695799,C[C@H](NC(=O)[C@@H](C)C1CC1)c1ccon1,0.40465468,-7.13,0.17623138,0
ZINC000351223702,C[C@@H](CC(F)(F)F)c1nc(-c2ccoc2)no1,0.55950236,-7.917,0.40115172,0
ZINC000363719092,CC(=O)N[C@H]1COc2cc(F)cc(F)c21,0.47488642,-7.684,0.2577586,0
ZINC000371818017,COCCN1CCN2CCOC[C@@H]2C1,0.37544814,-5.635,0.27380037,0
ZINC000405567786,CCn1ccnc1CN[C@@H]1CO[C@@H](C)[C@@H]1C,0.3949913,-6.455,0.22726408,0
ZINC000408145287,CCCN(C)C(=O)[C@@H]1CC[C@@H](C(N)=O)O1,0.42526948,-6.336,0.29961395,0
ZINC000408314343,C[C@@H](CO)[C@H](C)NC(=O)NC1CC(C)C1,0.39818275,-7.017,0.17515883,0
ZINC000594412455,CS[C@H](C)CC(=O)N(C)Cc1nc(C)no1,0.4527525,-6.028,0.3860759,0
ZINC000643313051,CCN(C(=O)[C@@H]1C[C@H]1C)[C@H]1CCOC1,0.4794013,-6.634,0.37586322,0
ZINC000644833263,O=C(CCn1cccc1)N1CC(CC(F)F)C1,0.44173247,-7.232,0.23907489,0
ZINC000759203752,Cc1noc(/C=C\c2ccc(Cl)nc2)n1,0.48217934,-7.453,0.29622066,0
ZINC000780085211,Cc1cccc(OC(=O)[C@H]2CC[C@@H](C)C2)c1F,0.51989025,-9.14,0.19553715,0
ZINC000782172229,C[C@H](C(=O)NO)N1C(=O)NC2(CCCC2)C1=O,0.38288584,-7.62,0.08216745,0
ZINC000792864858,CC[C@H](C)[C@H](OC)C(=O)Oc1ccccc1,0.45531887,-7.058,0.28407782,0
ZINC000825061675,CCc1nc(CN[C@H]2CC[C@@H]2C)co1,0.4045367,-6.501,0.24139032,0
ZINC000870333050,CC1(COC(=O)[C@]23C[C@H]2CCCC3)CC1,0.47817498,-7.971,0.23443557,0
ZINC000882857360,c1csc([C@H]2CCN(c3cccnn3)C2)n1,0.49430373,-7.697,0.294871,0
ZINC000891413275,CC[C@H](CO)Nc1cc(C)cc(C#N)n1,0.49714857,-6.582,0.41642505,0
ZINC000931423442,FC(F)[C@@H]1CCN1CCO[C@@H]1CCOC1,0.36840528,-5.99,0.22294228,0
ZINC001038132578,C=CCN1CC[C@@H]1CNC(=O)C1CC=CC1,0.518745,-7.239,0.390902,0
ZINC001174895658,O=C1Cc2ccc(Nc3cccc(O)c3)cc2C1,0.6361446,-9.348,0.40420207,0
ZINC001198615269,Cc1oc2cc(O)ccc2c1C(=O)N1CC(=O)C1,0.6605919,-8.04,0.58861357,0
ZINC001332301113,CC(=O)OCSC[C@@H]1C[C@H]2C[C@H]2C1,0.36237967,-6.256,0.18335196,0
ZINC001602075906,O=C(O)COC(=O)c1cccc(C(F)F)c1F,0.4276146,-7.855,0.14633974,0
ZINC000006222106,O=C1NC(=O)/C(=C\c2ccc3c(c2)OCO3)N1,0.39835483,-7.65,0.10969122,0
ZINC000020257311,O=C([C@@H]1CCCNC1)N1CCSCC1,0.32668796,-6.439,0.093624726,0
ZINC000037688732,CC[C@H](O)CNCC1CCCCC1,0.42834145,-6.592,0.2790847,0
ZINC000061255350,CCCC(=O)OCc1cc(OC)ccc1OC,0.42642424,-6.93,0.24014747,0
ZINC000179941244,FC(F)(F)c1cccc(OCC2CCC2)n1,0.5616926,-8.091,0.38740087,0
ZINC000237961646,NC[C@@H]1CCCN1C(=O)/C=C/c1cncc(F)c1,0.62129235,-8.209,0.493195,0
ZINC000306767260,CC#CCN1CCOC[C@H]1C1CC1,0.50061387,-6.265,0.45624572,0
ZINC000335520183,C[C@H]1CN(C(=O)[C@@H]2CCC(=O)C2)CCO1,0.3456172,-7.003,0.07248677,0
ZINC000336223386,CC(C)n1cc(CN2CC[C@H](F)C2)cn1,0.4896652,-6.969,0.36136755,0
ZINC000375563527,CC[C@@H](OC)C(=O)N1CCn2nccc21,0.41113505,-6.272,0.27826855,0
ZINC000388435231,C/C=C(/C)C(=O)NC(CC)CC,0.40672308,-6.199,0.27711815,0
ZINC000493700519,C/C=C/C=C/C(=O)Nc1ccn([C@@H]2CCNC2)n1,0.53447783,-8.075,0.33515427,0
ZINC000623825470,COc1cccc(CNC[C@@H]2CCCC23CC3)n1,0.6064394,-7.907,0.4951694,0
ZINC000673207613,O=C(N[C@@H]1CCCC1(F)F)N1CC(F)C1,0.3611432,-7.391,0.062904716,0
ZINC000682157371,C[C@@H]1C[C@@H](C)N(CC[C@H]2CCOC2)C1,0.4240993,-6.577,0.27224088,0
ZINC000791365441,COC/C=C/C(=O)N1CCS[C@H](C)[C@H]1C,0.346622,-6.295,0.14808291,0
ZINC000832460969,CCC(F)(F)C(=O)N1CCO[C@H](C2CC2)C1,0.536672,-6.946,0.4568749,0
ZINC000872661808,CNS(=O)(=O)N1CC[C@H]2[C@@H]1CCCN2C,0.43762368,-7.116,0.24299541,0
ZINC000881940565,C#CC1(F)CN(C(=O)c2ccoc2C(C)C)C1,0.4582373,-7.59,0.23455073,0
ZINC000886116683,C[C@@H]1CCN(C[C@](C)(O)C(F)F)C[C@H]1F,0.43652236,-6.956,0.2574479,0
ZINC000891267029,C=CC(C)(C)NC(=O)c1ccc(C(N)=O)[nH]1,0.40585554,-6.798,0.21312582,0
ZINC000906209850,CC(=O)c1cc(F)ccc1NC(=O)/C=C\C1CC1,0.48370034,-8.017,0.2405985,0
ZINC000932969520,CCO[C@H]1CCN([C@@H](C)c2ncc(C)o2)C1,0.5118479,-6.448,0.45947415,0
ZINC001030101423,O=C(NC1CN(CCCO)C1)c1ccoc1,0.36386508,-6.478,0.16321464,0
ZINC001210005502,Cc1c(F)cc(C(=O)O)cc1Nc1ncccn1,0.4476398,-7.798,0.19193372,0
ZINC000002483186,COc1cc(N2CCOCC2)ncn1,0.39041013,-6.238,0.24074912,0
ZINC000007058685,CNC(=S)NNC(=O)C1CCCC1,0.4738515,-6.178,0.4122767,0
ZINC000094789264,C[C@@]1(C(=O)Nc2[nH]ncc2C#N)CCCO1,0.36263657,-6.981,0.10848774,0
ZINC000193873713,CSCCSc1nnc(C(C)(C)C)o1,0.54340756,-5.86,0.5831211,0
ZINC000286693835,COCc1cnc(NC(=O)[C@H](C)O)s1,0.36282632,-5.709,0.24110447,0
ZINC000334542507,C=C(C)C[C@H](C)C(=O)N1CCOC[C@@H](O)C1,0.3775237,-7.231,0.11198706,0
ZINC000336594953,Cc1cc(C(=O)NCc2nc[nH]n2)cc(C)c1F,0.5307115,-8.172,0.31760904,0
ZINC000340351508,Cc1cc(CNc2ccc(F)cc2C(N)=O)no1,0.5400161,-7.859,0.36858112,0
ZINC000360306883,O=C(NCc1cccnn1)[C@@H]1CCC(F)(F)C1,0.44515088,-8.734,0.08969413,0
ZINC000371418610,c1snnc1CN1CCC[C@H]1C1CC1,0.6083439,-6.226,0.6737037,0
ZINC000379323306,CC(=NNC1CC1)c1ccsc1,0.60526305,-6.261,0.6639621,0
ZINC000388813744,C(OC1CCC1)S[C@H]1CCCOC1,0.38519394,-6.276,0.22646572,0
ZINC000390259493,COC[C@@H](C)NCCCC(C)(F)F,0.30634534,-5.524,0.1484539,0
ZINC000562327833,O=S(=O)(N[C@@H]1[C@@H]2CCC[C@@H]21)[C@@H]1CCCOC1,0.37694204,-7.356,0.09783952,0
ZINC000650709376,NC[C@]12CCC[C@H]1CN(Cc1cc[nH]n1)C2,0.36836132,-7.043,0.113382265,0
ZINC000656463722,c1cc(-c2cn(CC3CC3)nn2)n[nH]1,0.4614274,-6.646,0.339011,0
ZINC000669327788,CCc1nc(C(=O)N2CC(C(F)(F)F)C2)no1,0.41038656,-7.329,0.16689706,0
ZINC000698395927,CCn1cc(C(=O)O)nc1C1CC1,0.4077193,-5.914,0.308721,0
ZINC000817749745,COCC1(COC(=O)[C@@H]2CC2(F)F)CCCC1,0.4300982,-7.175,0.22195435,0
ZINC000844591492,C(=NOC[C@@H]1CCOC1)c1cccc2c1CCC2,0.7120074,-8.959,0.594921,0
ZINC000848319258,CC/C=C(\C)C(=O)N[C@@]1(C(N)=O)CCOC1,0.47602788,-7.102,0.32052612,0
ZINC000851465129,CC1CC(COC(=O)C2(CCF)CC2)C1,0.40796438,-6.518,0.24641286,0
ZINC000868374515,CC/C=C(/F)C(=O)NCc1cnnn1C,0.3772448,-6.58,0.17911449,0
ZINC000889100504,COCC1(O)CN(C(=O)Nc2ccns2)C1,0.5016832,-6.328,0.4518142,0
ZINC000895357824,O=C(NC1(C2CC2)CCC1)[C@@H]1C[C@H]1[N+](=O)[O-],0.48316845,-7.118,0.33300757,0
ZINC000909372337,C[C@@H](NC(=O)[C@@H](C)[C@@H]1CCCO1)C1CCCC1,0.40012193,-7.821,0.095414,0
ZINC000917107269,Cc1ccc(OC(=O)/C=C\c2cnn(C)c2)cc1,0.42548603,-7.567,0.17206454,0
ZINC001175494896,CCOc1ncc(Nc2cncs2)cc1F,0.45229185,-6.734,0.31176555,0
ZINC001181009581,O=C(N[C@@H]1CCCc2cccnc21)C1COC1,0.5710162,-7.622,0.45462865,0
ZINC000000254595,NC(=O)N1CCc2ccccc21,0.50010115,-7.117,0.36665368,0
ZINC000037448043,CN(CC(=O)O)C(=O)c1ccc2[nH]nnc2c1,0.45258844,-7.553,0.22720745,0
ZINC000076092875,C[C@H]1C[C@H](Sc2cnccn2)C(=O)O1,0.37309712,-6.399,0.18971556,0
ZINC000188289529,COc1cccc(Cl)c1CNS(C)(=O)=O,0.46055344,-6.554,0.34684438,0
ZINC000274503308,COc1cccc2c1nc(NC(C)=O)n2C,0.50997037,-6.907,0.4080359,0
ZINC000276624188,C[C@H]1C[C@H]1CNC(=O)c1c(F)ccc(O)c1O,0.42799827,-7.862,0.14637206,0
ZINC000289090988,CC(C)(C#N)Cc1nc([C@@H]2CCCS2)no1,0.49246386,-7.258,0.33686614,0
ZINC000289578428,C[C@H](CC#N)NC(=O)Nc1ccc(C#N)c(F)c1,0.6062078,-8.108,0.47381407,0
ZINC000307745225,Cc1cc([C@@H](C)NC2CC2)oc1C,0.4920128,-6.661,0.39803845,0
ZINC000334461719,N#Cc1ccc(SCc2ccncc2)nc1,0.58915514,-7.612,0.49159992,0
ZINC000334751274,CC(C)c1c[nH]nc1NC(=O)c1cc(F)c[nH]1,0.5150538,-7.724,0.33316806,0
ZINC000336447337,Fc1cccc(CN2CC(F)C2)c1F,0.755557,-7.237,0.8602129,0
ZINC000336665668,COCc1cc(CN[C@H](C)[C@@H](C)OC)no1,0.47649878,-6.07,0.42874867,0
ZINC000625842943,C=CCCCCCN(C1CC1)C1CC1,0.46782327,-6.143,0.40397397,0
ZINC000675681467,CCc1n[nH]cc1C(=O)N[C@@H]1CCC(F)(F)C1,0.4598036,-7.809,0.21488556,0
ZINC000730400728,CCCC[C@H](CC)C(=O)O[C@@H]1CCOC1,0.328294,-6.45,0.095662564,0
ZINC000760727935,CCC/C(C)=C\C(=O)N[C@@H](C)c1ccc[nH]1,0.51177895,-7.422,0.3580776,0
ZINC000764125241,C/C=C(/CC)C(=O)OCC1(C)CCC1,0.40380082,-6.951,0.19314931,0
ZINC000777893133,COC[C@H](C)NN=C1CCC[C@H]1S(C)(=O)=O,0.5450484,-6.328,0.5377168,0
ZINC000781490621,N#Cc1ncn(CC(=O)NC[C@H]2CCC=CO2)n1,0.44372782,-7.23,0.24323541,0
ZINC000820621607,N#C[C@H](C(=O)/C=C\[C@H]1CCCO1)c1ccncn1,0.4866757,-7.583,0.29161236,0
ZINC000843179060,CCOc1ccc(-c2noc([C@@H](C)N)n2)cn1,0.48145914,-7.49,0.29094735,0
ZINC000848078076,CC(C)=C(C)C(=O)N[C@@H]1C[C@@H](C)OC1=O,0.3959248,-7.141,0.15779468,0
ZINC000848425657,C/C(=C\c1cccnc1)C(=O)N[C@H](C)[C@@H](C)N,0.5898376,-8.124,0.43972278,0
ZINC000867888880,N#CCc1ccsc1C(=O)N[C@H]1[C@@H]2CCC[C@@H]21,0.48751643,-8.353,0.21322632,0
ZINC000869973002,C[C@@H](C#N)OC(=O)Cc1cn2cc(F)ccc2n1,0.41358086,-7.518,0.15357572,0
ZINC000877623900,C1=C[C@H](NCCC[C@@H]2CCO2)CC1,0.3422616,-6.213,0.14797032,0
ZINC001218241367,C=CCc1cccc(O[C@H]2CNCC2(F)F)c1,0.57668114,-8.44,0.38080877,0
ZINC001225530310,CCCC[C@@H](C)Oc1cc(C)n(C)c(=O)c1,0.42639557,-7.492,0.18166351,0
ZINC001250422968,CCO[C@H](C)n1cc(Cc2cccc(C)n2)cn1,0.4195442,-7.855,0.13035299,0
ZINC001273933191,CN1CCC12CN(C(=O)c1ccc(F)s1)C2,0.4890449,-6.694,0.38872856,0
ZINC001456164601,C[C@H](CNC(=O)[C@@H](C)n1cccc1)c1ncon1,0.5021246,-7.543,0.3263737,0
ZINC000032180292,N#Cc1ccc(OC(=O)C2CCCCC2)cc1,0.7134041,-9.387,0.55319166,0
ZINC000049249893,C[C@@H]1C[C@H]1CNC(=O)CCNS(C)(=O)=O,0.33712727,-6.467,0.111393094,0
ZINC000084065441,Cc1sc2nc(-c3ccoc3)[nH]c(=O)c2c1C,0.48518068,-7.386,0.30913156,0
ZINC000120180801,CCc1cc(C(=O)OC[C@H]2CCCO2)n[nH]1,0.43261424,-7.039,0.24107735,0
ZINC000177002515,C[C@@H]1[C@@H](C)CCN1C(=O)c1ccsc1,0.3805813,-6.854,0.15723789,0
ZINC000194952433,CCCN(C)c1nc(C)nc2c1cnn2C,0.4004054,-6.556,0.22748867,0
ZINC000195331550,CO[C@@H](C)CS(=O)(=O)N[C@@H]1C=C[C@H](CO)C1,0.3120931,-6.448,0.06377798,0
ZINC000348121789,CCCN(CC#N)CC(=O)c1cc(C)[nH]c1C,0.67313546,-7.027,0.71877563,0
ZINC000397913643,Cc1ncc(CN[C@H](C)C(C)(C)O)o1,0.41004717,-6.084,0.2956586,0
ZINC000564914423,CC[C@@H](N)C(=O)N[C@@H](C)COCC(F)(F)F,0.3575303,-6.452,0.15336908,0
ZINC000569724006,Cc1noc(C)c1CN1CCNC[C@@H]1C(F)F,0.37149054,-6.964,0.12779406,0
ZINC000611469980,Cc1ccc(CSCC2(CO)COC2)nc1,0.4052635,-6.676,0.22463658,0
ZINC000658217662,Cc1cc([C@H](C)NC[C@H]2CCC[C@@H](C)O2)no1,0.6533059,-7.592,0.620756,0
ZINC000680842844,O=C(Nc1cccnc1)c1coc(C2CC2)n1,0.58579296,-7.741,0.47152847,0
ZINC000740481753,O=C(O)CCNC(=S)NCc1cccs1,0.377437,-5.365,0.3058101,0
ZINC000853501857,Cc1nn(CN2CC[C@H](C(C)C)C2)c(=O)o1,0.448851,-7.76,0.19828358,0
ZINC000902597701,Cn1cncc1CCCn1cnc2nccnc21,0.665882,-7.596,0.6452522,0
ZINC000904844189,c1cc(-c2cnc3n2CCCC3)c[nH]1,0.41636392,-7.187,0.1935004,0
ZINC000907830465,CC(C)CCOC(=O)N1CC[C@H]1CO,0.33960804,-6.18,0.14614466,0
ZINC000934201275,CCCCC1(NCc2ccnc(O)c2)CC1,0.658133,-6.889,0.70340395,0
ZINC001204856079,CC(C)(C)C(=O)COC[C@H]1CCO1,0.3125334,-5.662,0.14636503,0
ZINC001206207531,C[C@@H]1CCN1Cc1cn(C)cn1,0.42739257,-5.616,0.3786729,0
ZINC001227881918,C#C[C@H](C)Oc1[nH]c(=S)nc2cnccc21,0.4461063,-7.064,0.26520482,0
ZINC001338082216,Cc1cc(NCCC2CSC2)nc(C)n1,0.53083605,-6.625,0.47868645,0
ZINC000001679218,CCOc1ccc(Cl)c([N+](=O)[O-])c1,0.50578576,-6.572,0.43457413,0
ZINC000070194009,CNC(=O)c1ccccc1N(C)C(C)=O,0.44252452,-6.965,0.26840198,0
ZINC000072207130,Cc1occc1CC#N,0.46933118,-5.748,0.44802636,0
ZINC000085541158,CCC[C@H](O)CN1C[C@H]2CC[C@@H](C1)O2,0.4924706,-6.394,0.4267034,0
ZINC000181482825,COc1ccccc1OCCOCC1CC1,0.41335818,-6.559,0.25283504,0
ZINC000216252982,C[C@@H]1C[C@H]1C(=O)NC[C@@H](O)C1CC1,0.33791763,-6.451,0.11462212,0
ZINC000229124093,CCOC(=O)CN[C@H](C)c1cscn1,0.35645622,-5.691,0.23035719,0
ZINC000273721804,CO[C@@H](C)c1nc(-c2cccc(C)c2)no1,0.5327235,-8.439,0.2938366,0
ZINC000335710436,Cc1ncc(CN2CCc3cccc(F)c32)cn1,0.5655759,-8.342,0.3689986,0
ZINC000449241292,C[C@H](Cc1ccoc1)NC[C@@]1(O)CCN(C)C1,0.44404987,-7.087,0.25874004,0
ZINC000575992980,C[C@@H]1C[C@@H](CSCC(N)=O)CCO1,0.3837104,-5.595,0.2943257,0
ZINC000578131648,CC[C@H](N)CNC(=O)COC[C@@H]1CCOC1,0.37286136,-6.533,0.1753175,0
ZINC000602704901,CO[C@H](CNC[C@H](C)CCC#N)[C@H]1CCOC1,0.6103124,-6.608,0.6378893,0
ZINC000626628491,CC[C@H](NC(=O)c1cc(O)ncn1)C(F)(F)F,0.49868143,-7.905,0.28191853,0
ZINC000640785873,CC1(C)C[C@H]1NC(=O)Nc1cscc1Cl,0.5609611,-6.822,0.51788086,0
ZINC000648253008,O=C(Nc1c[nH]ccc1=O)C1(C(=O)C2CC2)CC1,0.4743811,-7.774,0.24740094,0
ZINC000656544999,CCO[C@H]1C[C@H](NC(=O)NCc2ccco2)C1,0.45849115,-6.831,0.31396145,0
ZINC000733387493,Cn1nnnc1COC(=O)CC1CCCCC1,0.40416732,-7.762,0.1095614,0
ZINC000784413576,CC(C)[C@H](F)C(=O)N(C)Cc1cnccn1,0.33794686,-6.627,0.09638254,0
ZINC000838399250,CC[C@@H](CC(F)F)C(=O)OCCO[C@@H](C)C#N,0.33070555,-6.347,0.11114782,0
ZINC000845427308,COC/C(C)=C\C(=O)Nc1n[nH]c(C)c1C,0.4112607,-6.656,0.23859566,0
ZINC000849008091,CC(C)CCNC(=N)NC[C@]1(C)CCOC1,0.37232262,-6.606,0.16666102,0
ZINC000861977723,N#Cc1cccc(C(=O)NC[C@H]2COCO2)n1,0.55506265,-7.854,0.39890674,0
ZINC000871602020,COCc1nc(O)c2c(C)c(C)ccc2n1,0.46291748,-7.712,0.23113823,0
ZINC001156890826,CNCCNc1cnc2cc[nH]c2n1,0.52769357,-5.814,0.55677545,0
ZINC001222475562,CC1(C)OC[C@H](COCc2cnccn2)O1,0.3645545,-6.475,0.16489224,0
ZINC001223030310,CCCCC[C@@H](CC)OCc1nn[nH]n1,0.62116605,-6.11,0.7111629,0
ZINC001224474066,CC(C)[C@@H](C)OC[C@H]1CCO1,0.25478247,-5.088,0.091640376,0
ZINC001241727443,Cc1cc(-c2cscc2C)n(C)n1,0.6361188,-6.426,0.7079307,0
ZINC001252613541,CS(=O)(=O)Nc1nnco1,0.29675603,-5.1,0.1735386,0
ZINC000014249140,CCn1ncc(NS(C)(=O)=O)c1C,0.3447773,-5.955,0.1797761,0
ZINC000026841784,Cc1ccc(CNc2ocnc2C#N)cc1,0.53664947,-8.388,0.30691567,0
ZINC000031638402,CC[C@H]1OCCN1C(C)C,0.34308043,-5.239,0.2508522,0
ZINC000083906214,COc1cccc([C@H]2CCCN2C(=O)C(=O)O)c1,0.42595837,-7.749,0.15407896,0
ZINC000158301302,CC(C)NC(=O)c1cc(=O)[nH]c2cc(F)ccc21,0.5776446,-8.482,0.37835076,0
ZINC000177395793,COC(=O)NCCC(=O)N1CC[C@@](C)(O)C1,0.3163082,-6.586,0.057780806,0
ZINC000178119674,CCNC(=O)C1CN(C(=O)[C@H](C)CC)C1,0.48557723,-6.389,0.4135681,0
ZINC000335580666,C=C(CC)CNC(=O)N1CC(=O)N[C@H](C)C1,0.39891943,-6.81,0.19813848,0
ZINC000336185354,Fc1cccc2nc(N3CCOCC3)sc21,0.50786924,-7.575,0.33442658,0
ZINC000364599147,C#CCOCCC(=O)N1CC(F)(F)C[C@H]1CO,0.33429813,-7.012,0.049129046,0
ZINC000389258205,CC[C@H](OC)C(=O)N[C@H](C)CCN,0.44130474,-5.257,0.44355434,0
ZINC000516051930,C[C@H](CN[C@@H]1CC[C@H](F)C1)S(C)(=O)=O,0.35047662,-6.495,0.13492598,0
ZINC000597780384,C[C@@H](CC#N)C(=O)N=c1cc(C2CC2)[nH][nH]1,0.40933737,-7.236,0.1744873,0
ZINC000670111129,OC[C@]1(F)CCN([C@@H]2CCCOC2)C1,0.37887943,-6.487,0.19202106,0
ZINC000787380140,C[C@@H]1c2ccc(F)cc2CCN1C(=O)C(F)F,0.4547593,-8.597,0.12297049,0
ZINC000822276312,Cc1c[nH]ccc1=NC(=O)N[C@H]1C=CCC1,0.50759554,-7.71,0.3198493,0
ZINC000839044822,N#C[C@H]1CCC[C@H](OC(=O)c2cccc(F)c2)C1,0.643182,-8.565,0.49954557,0
ZINC000923031737,CCn1ncc(CN[C@]23C[C@H]2COC32CCC2)n1,0.45934662,-7.346,0.26211515,0
ZINC000924558678,Cc1ccccc1CN[C@H](C)c1cnnn1C,0.4605712,-7.819,0.21536644,0
ZINC000926201886,C/C=C/C[C@H](CO)N[C@@H]1COC[C@H]1CC,0.36143383,-6.35,0.17170587,0
ZINC000952984215,CCN(CCCCO)C(=O)[C@H]1CC1(C)C,0.325988,-5.926,0.14557114,0
ZINC001120739416,CC[C@@H](F)C(=O)N[C@H](C)c1ncc[nH]1,0.3626205,-6.273,0.1820617,0
ZINC001215323696,COc1ccc(C(N)=O)cc1Nc1nnc(C)o1,0.50185734,-7.792,0.29995757,0
ZINC001245925143,CC(C)Cn1nc(C2CC(F)(F)C2)cc1O,0.45540667,-8.262,0.15908045,0
ZINC001347178160,Cc1c[nH]nc1CN[C@H]1CCNC1=O,0.48239982,-6.564,0.3890804,0
ZINC000115332278,Nc1cc(C(=O)O)cc(O)c1O,0.441041,-6.248,0.34000462,0
ZINC000228685740,C[C@@H]1CN(C[C@@H](O)C(F)(F)F)CCS1,0.3758716,-6.179,0.21808338,0
ZINC000308409145,Fc1cc(NN=CC2CC2)ccn1,0.55827296,-6.76,0.51900154,0
ZINC000334403959,CN1CC[C@@H](NC(=O)CC2CC(C)(C)C2)C1=O,0.4195306,-7.777,0.13843518,0
ZINC000334476665,C[C@](O)(CN1CCNC(=O)C1)C(F)(F)F,0.32083106,-6.476,0.07817611,0
ZINC000360606444,C[C@@H](CF)NC(=O)CSc1n[nH]c(O)n1,0.36535236,-6.267,0.18809704,0
ZINC000515256213,Cc1cc(C#N)ccc1OCc1nnn(C)n1,0.5471345,-8.02,0.365944,0
ZINC000556431556,O=C(c1cccc2nn[nH]c21)N1CC[C@H]1C1CC1,0.47058642,-8.388,0.1760508,0
ZINC000649279189,CCN(CCC(F)(F)F)C[C@H]1COCCO1,0.48092073,-6.108,0.43355757,0
ZINC000654141785,CCCC(=O)N[C@H](C)Cc1ccccn1,0.49702644,-6.667,0.40734625,0
ZINC000815645856,CC(F)(F)C(=O)NC1(c2nn[nH]n2)CCCC1,0.425691,-7.811,0.14710368,0
ZINC000837926657,Cc1cnc(COC(=O)[C@]2(C)CCC[C@H]2C)nc1,0.46950194,-7.744,0.2408547,0
ZINC000847787612,CN1CC[C@H](COC(=O)C2CC2)C1=O,0.3856313,-6.4,0.21444064,0
ZINC000882413283,CCSC1(CNS(=O)(=O)C2CCC2)CC1,0.4062617,-6.332,0.26237714,0
ZINC000895765892,C[C@H](CCC1CC1)N[C@@H](C)c1ncco1,0.5834295,-6.616,0.58380497,0
ZINC000913134859,C[C@@H]1CO[C@@H](C(=O)N(C)C2CS(=O)(=O)C2)C1,0.48905683,-6.836,0.37398946,0
ZINC001253375267,Cc1nnc(-c2cn(Cc3ccccc3)nn2)o1,0.4609797,-8.155,0.18124412,0
ZINC000070589567,COC[C@@H](O)CNCc1ccncn1,0.32103693,-5.367,0.19387877,0
ZINC000144888208,CN(C(=O)Cn1ccnc1)C(C)(C)C,0.37340108,-5.948,0.23720495,0
ZINC000155706099,CO[C@H](C)COC(=O)c1ccc(F)c(C)c1,0.4274257,-7.559,0.17673859,0
ZINC000234044410,CC[C@H](N[C@@]1(C)CCO[C@@H]1C)C(=O)O,0.6174766,-5.977,0.7176814,0
ZINC000301584866,COCCc1nsc(N2CC[C@H](C)[C@H]2C)n1,0.59906095,-7.138,0.5605008,0
ZINC000301706260,CCCNC(=O)CNc1cncc(C(N)=O)n1,0.37982583,-6.603,0.1818361,0
ZINC000306221178,F[C@H]1CC[C@H](NCc2ccc(Cl)o2)C1,0.5392846,-7.055,0.45071816,0
ZINC000334673105,CNC(=O)CN1CCC[C@@H]2COCC[C@H]21,0.41288713,-6.511,0.2568921,0
ZINC000336613270,Cc1ccccc1CN(C)C(=O)c1ccc[nH]1,0.5294295,-7.924,0.3408524,0
ZINC000337654670,CN(CCC(=O)NC(N)=O)CCC(F)(F)F,0.3348621,-6.395,0.11439135,0
ZINC000388421865,CC(C)C=NN1CCN(C)CC1,0.6204687,-5.666,0.755941,0
ZINC000449278735,O[C@H]1CC[C@H](CNCc2cccc3ccoc32)C1,0.71863973,-8.1,0.69736326,0
ZINC000490072243,C=CCN(C)C(=O)c1sccc1C1CC1,0.45660135,-6.453,0.34951586,0
ZINC000613040835,Cc1c(CNC(=O)[C@H]2CCC2(C)C)cnn1C,0.48569283,-7.807,0.2663777,0
ZINC000618863658,CC[C@@H](NC(=O)C[C@@H]1CCCO1)C1CC1,0.48321804,-6.84,0.3620075,0
ZINC000639476291,C[C@@H]1OCC[C@@H]1CN1CC[C@@H](O)C1,0.3658896,-5.994,0.21754315,0
ZINC000661703777,C[C@@]12COC[C@@H]1CN(CC(=O)NCC1CC1)C2,0.4228535,-7.489,0.17495885,0
ZINC000733288679,C#CCCNC(=O)c1cc2c(cccc2F)[nH]1,0.54902595,-8.227,0.3481704,0
ZINC000761902945,CCC/C=C\C(=O)N[C@@H]1C=C[C@H](CO)C1,0.3672524,-6.931,0.12282949,0
ZINC000805009016,Cc1cc(CNC(=O)OC[C@H]2CCCO2)n[nH]1,0.50282395,-7.128,0.37090367,0
ZINC000864958970,CNC(=O)[C@H](C)NC(=O)c1coc(C#N)c1,0.41288006,-6.994,0.20666403,0
ZINC000875698135,C=C(C)CONC(=O)N[C@@H]1Cc2cncn2C1,0.40389994,-7.354,0.1514486,0
ZINC000922079100,FCCn1cc(CNC[C@H]2CCSC2)cn1,0.4459133,-6.259,0.34851268,0
ZINC001202364483,O=C(Nc1ccc(Cl)cc1)Nc1ccnnc1,0.48612693,-7.692,0.27919334,0
ZINC000019428842,O=C(O)COC1CCCC1,0.30889082,-5.45,0.1611895,0
ZINC000059337934,CC(C)n1nnnc1SCc1nccn1C,0.47658962,-6.319,0.40304184,0
ZINC000306322490,CCCCN1C[C@H](O)C2(CC2)C1,0.42079988,-6.197,0.30521095,0
ZINC000341541916,CSCCCC(=O)Nc1cncc(F)c1,0.40535632,-6.442,0.24914771,0
ZINC000342785062,O=[N+]([O-])c1cccnc1N1CC(CCO)C1,0.35787943,-6.291,0.1707987,0
ZINC000405890623,C[C@@]1(N)CCN(Cc2ccnc3ccccc23)C1,0.69811916,-8.284,0.6375846,0
ZINC000452460699,CCC1(NC(=O)CC(C)(C)C(F)(F)F)CC1,0.37023222,-7.112,0.10991494,0
ZINC000490628279,C#CCNC(=O)c1csc(-c2ccoc2)n1,0.41057703,-6.93,0.20875555,0
ZINC000528029635,C[C@H](NCC1COC1)[C@@H]1CCCOC1,0.35101154,-6.024,0.18495217,0
ZINC000566089263,N[C@@H]1CCC[C@@H]1NCCCOCC(F)(F)F,0.32141677,-6.184,0.10969353,0
ZINC000698578900,C[C@](O)(CNc1nccs1)C(F)(F)F,0.3209888,-5.814,0.14731203,0
ZINC000749555718,C[C@H](CC(=O)Nc1cnoc1)C1CC1,0.36326444,-6.602,0.14913344,0
ZINC000766736946,C[C@@H](CCNC(=O)C1=CCCCO1)[S@](C)=O,0.4209747,-6.817,0.24110022,0
ZINC000810574377,CCc1c(C(=O)O[C@H]2CCOC2)ccn1C,0.40905446,-6.892,0.20969008,0
ZINC000821378314,Cc1nc[nH]c1C(=O)N1CCOC[C@@H]1CCO,0.354258,-6.504,0.14148086,0
ZINC000859012171,C#CCCOC(=O)N[C@@H]1CCC[C@H](CC)C1,0.44666085,-7.663,0.20402952,0
ZINC000873945821,CCC(C)(C)[C@H](O)C(=O)NOC,0.5038859,-5.867,0.5041046,0
ZINC000900093974,Cc1ccc(C(=O)N(O)Cc2ccc(F)cc2)o1,0.48093498,-7.888,0.24853182,0
ZINC000907488979,C#C[C@H](NC(=O)CC1COC1)[C@@H]1CCCO1,0.3958779,-7.259,0.14543413,0
ZINC000928154087,O=C(NCc1cc(C(F)F)on1)C1=CCCC1,0.43750507,-7.985,0.15241668,0
ZINC000934012776,COC(=O)c1cccc(CN2CC[C@@H]2CO)n1,0.54191226,-7.045,0.45696306,0
ZINC001225555360,COC(=O)C[C@@H](C)Oc1ccc(S)cc1,0.5215079,-6.729,0.4493962,0
ZINC001238776121,Cc1cc(F)cc(CN2CC(F)C2)c1Cl,0.592847,-7.297,0.5316614,0
ZINC001252542837,C=C[C@](C)(O)CNc1cnn2cccnc12,0.5471237,-6.882,0.48423225,0
ZINC001262008690,C[C@H](N)C[C@H](C)NC(=O)C(N)=O,0.28198957,-5.662,0.08586046,0
ZINC001266574537,CC(C)=CC(=O)N[C@H]1C[C@H](NC/C=C\Cl)C1,0.46948454,-6.93,0.325446,0
ZINC001334261201,Cc1nn(C)cc1CCC(=O)N[C@H]1CC[C@@H](C)C1,0.45076627,-7.931,0.18429992,0
ZINC001594289187,Cc1cc(C(=O)OCC(=O)O)n(C)n1,0.3535025,-6.04,0.1882231,0
ZINC000037081396,CN(C(=O)c1ccc(=O)[nH]c1)C1CC1,0.35416704,-6.671,0.12393891,0
ZINC000070227209,CS(=O)(=O)NC[C@@H]1COCCO1,0.24816968,-5.051,0.08238764,0
ZINC000169726420,NCCCCCN1C(=O)CSC1=O,0.36557323,-5.78,0.23916449,0
ZINC000273109740,COC(=O)N1CC(NC(=O)NCCCC#N)C1,0.3412624,-6.54,0.11199509,0
ZINC000302138916,Cc1cncc(NC[C@@](C)(O)c2ccco2)n1,0.46531153,-7.026,0.30719918,0
ZINC000308154275,COC(=O)[C@H](C)CSCCCCF,0.28644902,-5.115,0.15156195,0
ZINC000334624668,Cc1ccc(F)cc1NC(=O)CC(=N)O,0.4333067,-7.618,0.18225446,0
ZINC000336471011,CO[C@@H]1CCCN(C(=O)C2=CCCC2)C1,0.42921764,-7.271,0.21022958,0
ZINC000345076734,C=CCN(CC=C)C(=O)[C@H]1CC[C@H](C)C1,0.3462113,-6.541,0.121694505,0
ZINC000399175728,C[C@H](C(=O)N1CC[C@](O)(C(=O)O)C1)C(C)(C)C,0.44952533,-7.568,0.21958026,0
ZINC000593932117,CSCCCCCN=c1nc[nH]n1C,0.374303,-5.95,0.23878369,0
ZINC000629037549,C/C=C\CNC(=O)c1c(C)noc1C(C)C,0.42878136,-7.242,0.21238029,0
ZINC000812908903,CCN(C[C@@H](C)OC)[C@@H]1CCC(=O)NC1=O,0.3782922,-6.304,0.20988303,0
ZINC000827619866,O=C(C[C@H]1CC=CCC1)NCc1cccnc1O,0.57172614,-9.103,0.302066,0
ZINC000841507143,C#CCNC(=O)N[C@@H]1CCC[C@H](N)C1,0.34637445,-6.973,0.07710566,0
ZINC000849727149,CC(=O)[C@H](C)CCOC(=O)[C@H]1CNC(=O)N1,0.34990203,-6.779,0.10426232,0
ZINC000857863542,C[C@@H](CO)NC(=O)[C@H]1C[C@@H](C)Cc2c[nH]nc21,0.54747355,-7.262,0.44541946,0
ZINC000866133471,C#CCCCNC(=O)C1(C)CC(=C)C1,0.39990133,-7.796,0.09757613,0
ZINC000911190700,CC[C@H](CO)C(=O)N1C[C@@H](O)CC[C@H]1C,0.33598095,-6.651,0.08999318,0
ZINC000931935102,Cc1nc([C@@H]2CCN(C[C@H](O)[C@@H](C)O)C2)no1,0.4906975,-7.141,0.3455308,0
ZINC001139744736,COc1ncc(Cl)cc1CN1CCCC1,0.6800906,-6.626,0.7742422,0
ZINC001162391907,Nc1cc(Cl)cc(N[C@H]2CCC[C@H](N)C2)n1,0.5124824,-7.669,0.33379233,0
ZINC001198852509,COCNC(=S)N[C@@H](C)c1csc(C)n1,0.45174477,-5.614,0.42712033,0
ZINC001337776801,CCC[C@H](C)N=c1nc[nH]n1CC1CC1,0.5352103,-7.064,0.44171172,0
ZINC000091582495,Cc1cnc(SCc2ccnn2C)nc1,0.47435868,-6.55,0.37460715,0
ZINC000150936627,CCS(=O)(=O)N[C@H](C)CO[C@H]1CCOC1,0.36065906,-5.974,0.20926115,0
ZINC000336109276,C[C@@H](F)CCNC(=O)N1CCC[C@@](C)(F)C1,0.3655952,-7.202,0.091372706,0
ZINC000336658372,CS[C@H]1CC[C@@H]1NCC1=CCCOC1,0.62682486,-6.414,0.69076777,0
ZINC000340479215,Cn1ccc(-c2cc(Cl)ccc2Cl)n1,0.55477667,-7.516,0.43347967,0
ZINC000352776703,COC(=O)[C@@H]1CC[C@H](C(=O)NC[C@@H]2C[C@H]2C)O1,0.57122004,-7.596,0.45773554,0
ZINC000419401205,CC(C)OCCSCc1nc(C#N)cs1,0.40401566,-5.836,0.30949354,0
ZINC000486832919,O=S(=O)(N[C@@H]1[C@@H]2CCC[C@@H]21)c1ccccc1,0.45778975,-7.974,0.19374238,0
ZINC000495651384,COCCOCCC(=O)OC[C@H]1CNC(=O)O1,0.3253568,-5.887,0.14837536,0
ZINC000528675261,Cc1cocc1C(=O)NCCc1nc[nH]n1,0.5260269,-7.155,0.4140596,0
ZINC000579609962,Cc1cnc2cc(C(=O)NCCC(N)=O)ccn12,0.63264936,-7.655,0.57328755,0
ZINC000622107736,C[C@H]1[C@@H](CO)CCCN1C(=O)CCCC(N)=O,0.50971603,-7.286,0.36813012,0
ZINC000622177208,O=C(c1cc(F)cnc1O)N1CC[C@@H]2C[C@@H]2C1,0.46349677,-8.214,0.18009639,0
ZINC000631560341,C[C@@H]1CCCN1C(=O)C1CSC1,0.43174675,-5.754,0.37295127,0
ZINC000718936286,c1cnc2nccc(N[C@@H]3CCCSC3)c2c1,0.5285656,-7.258,0.4083804,0
ZINC000754026965,C#CC(=O)N[C@H](C)C(=O)Nc1ccccc1,0.52797073,-8.004,0.3296457,0
ZINC000755611531,CC[C@H](C#N)OC(=O)C(F)(F)c1nccs1,0.33180338,-6.228,0.1256941,0
ZINC000819394673,O=C(/C=C\[C@@H]1CCCO1)NCCCF,0.4122366,-6.214,0.2864805,0
ZINC000828735587,CC[C@H](C)[C@H](O)CNC(=O)[C@H]1C[C@H]1C(=O)O,0.42921877,-6.735,0.26595592,0
ZINC000837049553,C=CCONC(=O)C1(F)CCCCC1,0.37881154,-6.789,0.16048977,0
ZINC000890695911,CC1CC(C#N)(C(=O)N2CC[C@H](O)[C@@H](F)C2)C1,0.43034872,-7.877,0.14946865,0
ZINC000925909456,O=C(CC1OCCCO1)N=S1(=O)CCCC1,0.35464248,-6.962,0.09462751,0
ZINC001236236268,C[C@H](N)CN(C1CC1)[C@@H]1CCCNC1,0.34443876,-6.012,0.17317963,0
ZINC000042384213,CC[C@](O)(CN)CCCO,0.301352,-4.695,0.2247478,0
ZINC000069552536,CC(=O)N[C@@H](C[C@H]1CCCO1)C(=O)O,0.32844153,-6.2,0.1219455,0
ZINC000078761211,CS(=O)(=O)CCC(=O)Oc1ccc(F)cc1,0.44031253,-7.228,0.23667794,0
ZINC000083903354,CC(C)N1CCC[C@@H](CNC(=O)CN)C1,0.40806225,-6.81,0.21624954,0
ZINC000096528923,O=C(O)[C@@H]1CC(=O)N(c2cnn(CC3CC3)c2)C1,0.40459418,-7.415,0.14648211,0
ZINC000279239829,C=CCCCNC(=O)C[C@H](C)c1c(C)n[nH]c1C,0.73464996,-7.664,0.77440584,0
ZINC000305175501,CCSCCN1CCC[C@@H](C)[C@@H]1CO,0.43728524,-5.902,0.36853597,0
ZINC000334466810,O=C([C@H]1CCCO1)N1CC[C@H]1c1ccccc1,0.50595915,-8.163,0.26951268,0
ZINC000334915480,CC1(C)C[C@H]1NC(=O)NC[C@@H]1CCCCO1,0.45929483,-7.544,0.2414279,0
ZINC000335755339,C[C@H]1COC[C@H](C)N1C(=O)CC(=N)O,0.29772004,-6.398,0.040504392,0
ZINC000404350788,O=C(c1cnccn1)N(CCCO)C1CC1,0.48192483,-6.01,0.44573498,0
ZINC000570964712,CN(Cc1ccon1)C(=O)CSCC(=O)O,0.29792684,-5.821,0.100900665,0
ZINC000599292216,N#CC1(C[C@@H](O)CN2CCC2)CC1,0.5388487,-6.067,0.55257004,0
ZINC000639551184,CCC(F)(F)CN1C[C@H](O)C[C@@H]1C,0.36879876,-6.343,0.18702286,0
ZINC000648496088,CCOCCN[C@H](C)Cc1ccoc1,0.62575024,-5.939,0.7380214,0
ZINC000678222078,CCCN(Cc1cn[nH]c1)CC(F)F,0.5410113,-5.774,0.5873151,0
ZINC000756633903,C=C(Cl)Cn1ccnc1[C@H](O)c1ccco1,0.45570007,-6.58,0.33452725,0
ZINC000767526133,COc1ccc(COC(=O)C[C@H](C)OC)nc1,0.33032265,-6.616,0.08242327,0
ZINC000775381389,C#C[C@H](C)NC(=O)c1ccc(C=O)[nH]1,0.3688941,-6.868,0.13263115,0
ZINC000827189575,C#CCO[C@H](C)C(=O)Nc1cc(C)n(C)n1,0.4392369,-7.186,0.23891367,0
ZINC000895014757,Cc1coc(CN2CCO[C@H]([C@H](C)O)C2)c1,0.43914503,-7.132,0.24434566,0
ZINC000899328328,C(=C1CNC1)c1nc(C2CC2)cs1,0.63093925,-6.522,0.68769,0
ZINC000912838265,O=C(Nc1cnc2nccn2c1)[C@]1(O)CCOC1,0.54813474,-7.839,0.3867426,0
ZINC000925480329,C[C@@H]1COC[C@@H]1NCc1nnnn1C1CC1,0.40663913,-6.575,0.23786175,0
ZINC000981750537,C#CCN1CCCN(C(=O)C(C)(C)C=C)CC1,0.6184166,-7.113,0.60144174,0
ZINC001116413578,C[C@H](C(=O)N[C@@H]1CC=CCC1)n1cccc1,0.5181428,-7.436,0.36922836,0
ZINC001249871075,Cc1cccc(Cc2ccc(O)nc2)c1,0.47768623,-8.282,0.20113496,0
ZINC001253392223,Cc1nnc([C@@H]2C[C@H]2c2ccccn2)o1,0.52178,-7.17,0.40408754,0
ZINC001308725764,N#CCCNCc1cncc(Cl)c1Cl,0.61979556,-6.617,0.65573883,0
ZINC001338084351,Cc1cc(N[C@@H](CO)c2ccccn2)ncn1,0.55040354,-7.172,0.46058014,0
ZINC000095235398,Nc1ccc(-c2nnn[nH]2)nc1,0.44335914,-6.141,0.3557207,0
ZINC000100126705,O/N=C/c1cccc(-n2cccn2)c1,0.45487174,-7.381,0.24961212,0
ZINC000135845855,CNC(=O)Nc1cc(F)ccc1C,0.5782798,-6.88,0.54615766,0
ZINC000291763917,CNC(=O)CNC(=O)NCc1occc1C,0.36423218,-7.133,0.09584616,0
ZINC000329831979,CC1=C(C(O)=Nc2cnccn2)CCC1,0.45231903,-7.177,0.26576385,0
ZINC000335935897,CCCNC(=O)[C@@H]1CCC(=O)C[C@H]1C,0.36544073,-7.106,0.1010472,0
ZINC000378772945,Cc1cc(Cl)ccc1CN[C@H]1C[C@@H]1C(F)F,0.5962029,-7.704,0.49599633,0
ZINC000637183458,Cc1cc(CNC(=O)N[C@H]2CCC[C@@H]2O)ccn1,0.5181603,-8.268,0.2827659,0
ZINC000728779301,COc1ccc([C@@H](C)OC(C)=O)cc1Cl,0.4499725,-7.253,0.25321445,0
ZINC000779803005,CC(=NNC1=NC[C@H](C)N1)c1ccco1,0.64143264,-6.918,0.66730714,0
ZINC000794755404,C[C@@H]1CC[C@H](CNC(=O)C(=O)OC(C)(C)C)C1,0.51019096,-7.341,0.363353,0
ZINC000835123732,CC(C)[C@@H](C#N)OC(=O)[C@H]1CC1(F)F,0.34641984,-6.563,0.119820416,0
ZINC000882802259,FC[C@@H]1CCCN(c2ncc(Cl)s2)C1,0.44825956,-6.6,0.31770903,0
ZINC001240830610,C=Cc1ccc2onc(C(=O)OC)c2c1,0.52986926,-7.828,0.3517039,0
ZINC001263613002,COCCC[C@H](C)OC(=O)c1cncnc1,0.39066952,-6.288,0.23606478,0
ZINC001349891141,C#CCOCCN(C)C(=O)c1cc(C=O)oc1C,0.40738147,-6.587,0.23808475,0
ZINC000205301575,CCC(F)(F)C(=O)N1CCNCC1,0.36112776,-5.859,0.22214535,0
ZINC000291112059,C=C[C@H](CO)NC(=O)N[C@H]1CCSC1,0.30659437,-5.752,0.12524368,0
ZINC000303107766,Cc1cnn(CCC(=O)NCCCO)c1,0.29992068,-6.244,0.06087391,0
ZINC000306560953,C[C@H](O)CN[C@@H]1C[C@H](C)O[C@H]1C,0.36229157,-5.572,0.2542881,0
ZINC000334904293,Cc1ccc(-c2[nH]nc(NC(=O)CO)c2C)o1,0.60221964,-7.33,0.546797,0
ZINC000336205412,C[C@@H]1CN(Cc2ccncc2F)C[C@H]1CO,0.4808119,-7.666,0.2713678,0
ZINC000352423752,COC[C@H](CCO)NC(=O)Nc1cc(C)on1,0.404762,-6.189,0.27427304,0
ZINC000359559613,CC(C)c1occc1C(=O)NCc1cnc[nH]1,0.46706918,-7.721,0.23842674,0
ZINC000450729265,CCc1cc(NC[C@@H]2C[C@H]2CC)n2ncnc2n1,0.5033329,-7.577,0.3252325,0
ZINC000491765606,C#CCN(C)C(=O)Cc1cncc(O)c1,0.46752626,-7.489,0.26345158,0
ZINC000662073387,C[C@H](c1csnn1)N1CCC2(COC2)C1,0.40675566,-6.42,0.25420684,0
ZINC000667160563,CO[C@@H](C(=O)NCc1ccoc1)C1CCC1,0.39797193,-6.901,0.18680093,0
ZINC000762500873,CN(Cn1cnc(-c2ccccn2)n1)C1CCC1,0.46308187,-7.653,0.23759772,0
ZINC000877105179,C[C@@H](N)CN(C)C(=O)c1conc1C1CC1,0.587815,-6.778,0.5756502,0
ZINC000892692625,C[C@@H](CC#N)OC(=O)c1cn(C)c(=O)n1C,0.5099882,-6.343,0.46670634,0
ZINC000899415235,C[C@@H]1C[C@@H]1[C@H]1C[C@@H]1CNC(=O)CCn1ccnc1,0.5193378,-7.747,0.33926302,0
ZINC000902488755,NC[C@H]1C[C@H](N[C@H]2CCCSC2)C1,0.4879854,-5.97,0.46189892,0
ZINC000917102735,c1c[nH]c(SCc2noc3c2COCC3)n1,0.37227803,-6.956,0.13018572,0
ZINC001140799801,CC1(C)CN(Cc2c[nH]c3ccncc23)C1,0.6611597,-7.347,0.6617845,0
ZINC001156764180,COC(=O)[C@H](CS)Nc1ncc(Cl)cn1,0.5449012,-5.803,0.5920057,0
ZINC001227650687,O=C1CC(Oc2cc(Cl)nnc2Cl)C1,0.4535174,-6.894,0.2975592,0
ZINC001250138584,CCNC(=O)Cc1ccnc(O)c1,0.38475263,-6.931,0.1574958,0
ZINC001254374278,CN(C1CC(F)(F)C1)[C@H]1CCCOC1,0.44650325,-6.699,0.3039376,0
ZINC001591045629,CC(C)[C@@H](OC(=O)c1ccccc1F)C(=O)O,0.4513427,-7.908,0.18783292,0
ZINC001608051951,Cc1oc(COC(=O)C(C)C)cc1C(=O)O,0.43312645,-7.419,0.20258608,0
ZINC000047555379,Cc1cc(NC(=O)COc2ccccc2C)[nH]n1,0.5285715,-8.06,0.32501376,0
ZINC000048545020,C#CCOc1cnc([S@](C)=O)nc1,0.43758816,-6.092,0.34938306,0
ZINC000083977928,CCOC[C@H](C)NCc1ncnn1CC,0.45548904,-5.743,0.42112616,0
ZINC000098210064,N#Cc1ccc(C[C@@H](C#N)C(=O)O)cc1,0.45585206,-8.228,0.16349745,0
ZINC000275447532,Cc1nc(CCN(C)CC2(CO)CC2)cs1,0.40264443,-5.84,0.30636138,0
ZINC000332492102,CC(C)(C)[C@H](NC(N)=O)C(=O)NCC#N,0.3220867,-6.591,0.06870769,0
ZINC000338420288,OC[C@@]1(F)CCN(c2nccc(C(F)F)n2)C1,0.42114156,-7.298,0.19142458,0
ZINC000491802515,C#C[C@H]1COCCN1CC(=O)N1CCNC1=O,0.3748099,-6.855,0.14570132,0
ZINC000503600483,Nc1nc(C(=O)O)n(CC(=O)O)n1,0.41756147,-5.579,0.36304498,0
ZINC000620999481,C[C@H](CNC(=O)[C@@H](C)C1CCC1)S(C)(=O)=O,0.35924494,-6.928,0.107279316,0
ZINC000629600349,O[C@@H](CNCc1ccns1)C1CCCCC1,0.5778277,-7.361,0.49525595,0
ZINC000635667971,CN1CCN(C(=O)C(N)=O)C(C)(C)C1=O,0.64400727,-6.612,0.70421994,0
ZINC000664387902,O=C(NC/C=C\CO)NC[C@@H]1CCCS1,0.46714553,-6.309,0.38537362,0
ZINC000717662340,C[C@H]1CNCC[C@H]1NC(=O)COC1CC1,0.43269965,-6.781,0.26806894,0
ZINC000778815822,C[C@H](C(=O)O[C@H]1CCCN(C)C1=O)C1CC1,0.50355434,-7.292,0.35530058,0
ZINC000784122167,Cc1csc(COC(=O)[C@@H]2CO[C@H](C)C2)n1,0.37068298,-6.806,0.1426205,0
ZINC000826658903,CC[C@H]1C[C@@H](C)CN1C(=O)CCNC(=O)O,0.34722364,-7.093,0.06631233,0
ZINC000834774273,C=CCCOCC(=O)NC[C@H]1C[C@H](O)C1,0.38353547,-6.496,0.2003086,0
ZINC000849036975,CC(C)[C@@H]1C[C@H](CNC(=N)NC2CC2)CCO1,0.60759383,-6.645,0.62865746,0
ZINC000852399672,CCc1cccc(CNC(=O)N[C@@H]2C=CCC2)c1,0.56664217,-8.91,0.3120599,0
ZINC000873442342,C[C@@H](C#N)OCCOC(=O)C1(C)CC(F)(F)C1,0.4067495,-6.743,0.22061464,0
ZINC000881482111,C[C@H]1CCN1C(=O)c1cnc(S)[nH]1,0.48359567,-6.233,0.42586103,0
ZINC000886564177,COC(=O)[C@H]1CC[C@H](Nc2ccc(F)cc2)C1,0.4953825,-7.98,0.2675864,0
ZINC000901155141,Cc1nnc(C)n1N=Cc1ccnn1C1CCC1,0.39927438,-7.365,0.1411422,0
ZINC001168625874,N#CNc1cc(N)cc(C(F)(F)F)n1,0.32733142,-6.462,0.09250825,0
ZINC001173294496,CCSC[C@@H](C)N[C@H]1CC1(C)C,0.34538424,-5.22,0.25739115,0
ZINC001219867293,NCCNC(=O)[C@H]1CNCC[C@H]1O,0.416296,-5.471,0.37176624,0
ZINC001544608531,Cc1cnccc1/C=C/C(=O)N(C)CC#N,0.53891265,-7.105,0.44478324,0
ZINC001557097388,C[C@@H]1C[C@@H](CO)CN(C(=O)CCCC#N)C1,0.40072718,-6.799,0.20286305,0
ZINC000004180724,O=[N+]([O-])c1cc2c(cc1[N+](=O)[O-])NCC2,0.5924681,-7.452,0.5147966,0
ZINC000050244269,CCc1cc2c(ncnc2N2CC[C@H](N)C2)s1,0.41772428,-7.323,0.18205622,0
ZINC000073473983,C[C@H]1C[C@H]1C(=O)Nc1cccnc1Cl,0.47710314,-6.845,0.3493746,0
ZINC000082615521,Cc1cc(C)n(-c2ncccc2C)n1,0.47203207,-7.068,0.31614557,0
ZINC000087601815,O=C(c1cn[nH]n1)N1CC(CO)C1,0.43973237,-5.552,0.40977055,0
ZINC000166690265,C#CCCOC(=O)c1ccc2ccccc2c1,0.56022286,-8.989,0.29113078,0
ZINC000295413062,COc1nccc(CSc2ccoc2C)n1,0.4307106,-6.661,0.2766044,0
ZINC000330874829,N#CCC(=O)N1CC[C@H](OCc2ccccn2)C1,0.56294674,-7.325,0.46952075,0
ZINC000335464481,C[C@H]1CC[S@@](=O)CCN1Cc1cccs1,0.51539487,-6.366,0.47502524,0
ZINC000336240116,CCC(=O)Nc1cnc2c(c1)C[C@H](N)CC2,0.50978315,-7.408,0.3555796,0
ZINC000336724179,COCC[C@]1(NCC2(C#N)CC2)CCOC1,0.36520335,-6.297,0.18468295,0
ZINC000342183338,C=CC[C@@H](CO)CNC(=O)C[C@@H]1CCCO1,0.4564426,-6.834,0.30959153,0
ZINC000421935533,C[C@@H](O)C(=O)N1C[C@@H](CO)OC(C)(C)C1,0.35093454,-6.649,0.1198228,0
ZINC000422640893,CCCCNC(=O)CN1CCC2(CCN2)CC1,0.47100025,-6.855,0.33624572,0
ZINC000630584775,CNc1cccc(-c2cn(CCN)nn2)c1,0.5074435,-7.644,0.3264097,0
ZINC000659140190,COCCN(C)C(=O)c1cc(C(=O)O)oc1C,0.4703674,-6.39,0.38333482,0
ZINC000663250389,COCc1noc(-c2cccc3c2CNC3)n1,0.6480867,-7.42,0.6282989,0
ZINC000784545201,CC(C)[C@@H](F)C(=O)[C@H](C#N)c1ccncn1,0.404918,-7.38,0.1507622,0
ZINC000804620431,N#Cc1ncn(CCNC(=O)[C@@H]2CCC=CO2)n1,0.46847793,-7.236,0.29163936,0
ZINC000826276282,Cc1ccc(-c2nn[nH]n2)c(NCC(F)F)n1,0.37043467,-7.029,0.11894487,0
ZINC000843782115,O=C(NO[C@@H]1CCCCO1)[C@H]1CCC(=O)C1,0.41285226,-7.967,0.105453074,0
ZINC000862701705,CCc1ccnc(C(=O)NN2CCOC2=O)c1,0.51726973,-8.325,0.2750759,0
ZINC000867085026,CC/C=C(/F)C(=O)N[C@H](C)c1n[nH]c(CC)n1,0.43745404,-7.518,0.20086631,0
ZINC000935596471,CC(C)c1ocnc1C(=O)Nc1cnn[nH]1,0.486507,-6.977,0.35427967,0
ZINC001159771955,C[C@@H](N)CCNc1cc(Cl)ncn1,0.53474504,-6.057,0.5454807,0
ZINC001174281434,Cc1ccc(Nc2cnccc2C(N)=O)cn1,0.57528603,-7.51,0.47473067,0
ZINC001186662284,N#Cc1cnnc(N2CC[C@@H]3[C@H](C2)C3(F)F)c1,0.4793033,-8.728,0.15797079,0
ZINC001206052245,C#C[C@@H](CC(C)C)OCC(C)(C)O,0.38937178,-6.433,0.21841946,0
ZINC001210466273,CCOc1cnc(Nc2cccnc2CC)cn1,0.50864255,-7.289,0.36569184,0
ZINC001353145772,Cc1ccc(CNC(=O)C[C@H](C)N)c(Cl)n1,0.58454335,-7.463,0.49795485,0
ZINC000026746069,CNS(=O)(=O)c1ccc(NC(C)=O)cc1F,0.41493118,-7.069,0.20292993,0
ZINC000045647756,O=C(O)c1cc(NC[C@H]2CC=CCC2)ccn1,0.5652204,-8.416,0.36060116,0
ZINC000048892949,C[C@@H](CNc1cncc(Cl)n1)c1ccccc1,0.6270482,-8.362,0.48869038,0
ZINC000054072175,CN[C@@H](C)C(=O)NCCN1CCCC1,0.38152415,-5.996,0.24830581,0
ZINC000102034177,CCCN(C)C(=O)NCCc1nc(C)no1,0.3975942,-6.642,0.21297911,0
ZINC000118289962,C[C@H]1SCCN(C(=O)c2ccccn2)[C@H]1C,0.4039277,-7.325,0.15451851,0
ZINC000177386750,CCOC(=O)[C@@H](Sc1ncccn1)C(C)C,0.468586,-6.067,0.41338605,0
ZINC000285173997,COC(=O)[C@@H]1CC[C@@H]1c1nc(C2CC2)no1,0.4268195,-7.423,0.1896767,0
ZINC000335593023,Cn1nccc1NC(=O)N1CCC[C@](C)(F)C1,0.45604512,-7.365,0.25359988,0
ZINC000340253636,CC(=O)c1ccc(NCc2scnc2C)nc1,0.5555964,-7.459,0.4410294,0
ZINC000360522948,CCC[C@@H]1C[C@@H]1C(=O)NCCCCF,0.4045695,-6.5,0.24155928,0
ZINC000397855708,C[C@H]1C[C@@H](NC(=O)C(F)(F)C(F)F)CS1,0.33454713,-6.789,0.072806016,0
ZINC000648691818,C[C@H]1SCC[C@@H]1NC(=O)Cn1cncn1,0.3407377,-6.371,0.12852548,0
ZINC000663811778,C/C=C/C[C@H](CO)N=c1nc[nH]n1C,0.57241577,-6.311,0.5936965,0
ZINC000695594385,CCCOC(=O)N[C@@H]1CCCC2(CC2)C1,0.43451688,-7.035,0.24526212,0
ZINC000739194847,C[C@@H]1CN(S(C)(=O)=O)CC[C@H]1NC(=O)O,0.36654776,-6.727,0.14264204,0
ZINC000756012300,C=C(C)[C@H](C)OC(=O)[C@@H](C)C1CCOCC1,0.3859493,-6.914,0.16163369,0
ZINC000834917519,CCC(=NN1CCOCC1)c1ccsc1,0.35599014,-6.037,0.19346276,0
ZINC000834978498,Cc1cnc(C=NOCCOC(C)C)o1,0.5232149,-5.787,0.5507105,0
ZINC000835420784,C#CCCCC(=O)O[C@@H](C)CC(C)(C)O,0.4067862,-6.665,0.22879648,0
ZINC000840637332,Cc1cnn(C)c1C(=O)O[C@H](C)C(=O)C1CC1,0.6339855,-6.984,0.6456935,0
ZINC000850038771,COC(=O)COC(=O)[C@H](OC)C1CCCC1,0.33796072,-6.206,0.14017841,0
ZINC000861001334,C[C@@]1(COC(=O)[C@]2(C)CCOC2)COC(=O)N1,0.36461443,-6.846,0.12644073,0
ZINC000861210865,N#CCCCCC(=O)OCc1cnsc1,0.3466767,-6.337,0.14382485,0
ZINC000862410183,C1=C[C@@H](NCc2cnc(C3CC3)o2)CC1,0.66870147,-7.194,0.69263047,0
ZINC001141159346,C=CCN(C)Cc1cc(O)ccc1O,0.52471715,-6.621,0.46698135,0
ZINC001193897730,CO[C@H](CN1CC[C@@H](CO)[C@H]1C)C1CCCC1,0.50045997,-7.284,0.3500027,0
ZINC001231731294,Oc1cc(CN2C[C@@H]3C[C@@H]3C2)ccc1Cl,0.7663385,-7.777,0.8254303,0
ZINC001250031106,FC(F)(F)Cc1cnoc1,0.25645933,-5.639,0.037678488,0
ZINC000020283016,CN(C)c1ccc(CN)cn1,0.37231812,-5.552,0.27622902,0
ZINC000037386557,CN(Cc1ccco1)C(=O)CNc1ccccc1,0.5096734,-7.578,0.3376885,0
ZINC000095412731,CC(C)=C[C@H]1[C@@H](C(=O)N2CC(O)C2)C1(C)C,0.522627,-7.544,0.36688316,0
ZINC000103646472,C=CCCOC(=O)c1ccc(F)c(C)c1,0.55069137,-7.427,0.43463975,0
ZINC000158556655,CSCCC(=O)N1CC[C@@H](C)C[C@@H](C)C1,0.400535,-6.353,0.24884978,0
ZINC000254983257,C/C=C\COC(=O)CNC(=O)c1ccccc1,0.4564474,-7.437,0.2469114,0
ZINC000307086901,Cc1cc(-c2ccc(C(=O)O)nc2)sn1,0.5226585,-7.445,0.37723792,0
ZINC000335568427,CN(Cc1ccccc1)C(=O)[C@H]1CCC[C@H](F)C1,0.47870788,-8.073,0.224887,0
ZINC000339825745,FC(F)(F)CCN1CC=C(C(F)(F)F)CC1,0.5569607,-7.43,0.44674692,0
ZINC000357727694,COCCC1(NC(=O)CC2CC2)CCC1,0.34211013,-6.553,0.11232284,0
ZINC000370454935,CO[C@H](C)CNC(=O)[C@@]1(C)CNC(=O)C1,0.47356182,-6.499,0.37833077,0
ZINC000568749037,NC[C@H](NC(=O)c1occc1N)C1CC1,0.38762566,-6.381,0.22036666,0
ZINC000590600480,CSCCCN1CCn2cncc2C1,0.5202506,-5.766,0.54702187,0
ZINC000633718394,CC(C)(F)CNC(=O)c1ccc(F)s1,0.39476877,-6.702,0.20114437,0
ZINC000682528537,C[C@@H](c1nnnn1C)N1CCC[C@H]1C,0.5538591,-6.529,0.53427356,0
ZINC000718551429,C[C@@H]1CO[C@@H](C(=O)N(C)CCCO)C1,0.33375362,-5.6,0.19484603,0
ZINC000739030709,C[C@@H](NCCc1cccc2ccccc21)C(=O)O,0.699619,-8.7,0.5973071,0
ZINC000763977681,N#CC1(C(=O)OC[C@@H]2COC(=O)O2)CCC1,0.3844825,-6.827,0.16777287,0
ZINC000788035275,Oc1ccc(F)cc1C=NOC[C@@H]1CCOC1,0.64187986,-8.039,0.55165064,0
ZINC000799926426,CON(C)c1ncnc2onc(C)c21,0.47208437,-6.211,0.40534538,0
ZINC000831652109,CC1=NO[C@H](C(=O)NOCC(N)=O)C1,0.36154494,-5.996,0.20872879,0
ZINC000838971336,CCC/C=C/COC(=O)Cc1cncnc1,0.4445661,-7.155,0.25269318,0
ZINC000842248893,CCN1CC(=O)N(OC(C)C)C1=O,0.35681877,-5.793,0.22047113,0
ZINC000853193280,CCO[C@H]1C[C@H]1C(=O)O[C@@H]1COC[C@H]1C,0.3211047,-5.905,0.13808098,0
ZINC000881566399,C=C/C=C\CCNC(=O)CN1CCOCC1=O,0.48739967,-7.148,0.33827034,0
ZINC000890104679,COC/C(C)=C\C(=O)NCc1cn(C)cn1,0.37900972,-6.163,0.22596316,0
ZINC000891202916,O=C(NC/C=C\Cl)[C@H]1C[C@H]2CC(=O)[C@@H]1C2,0.45927334,-7.28,0.26883155,0
ZINC000894694709,Cn1ncc2c1CN(c1nccs1)C2,0.50082445,-6.272,0.4559351,0
ZINC000910985970,O=C(Nc1cc(F)cc(F)c1O)[C@@H]1CC1(F)F,0.45817795,-8.199,0.17111976,0
ZINC000932531200,COC(=O)CCN1CCn2cccc2C1,0.50992864,-6.539,0.44621155,0
ZINC001235248376,CCc1cccc(CN(C)C(C)C)n1,0.57049674,-6.851,0.53375506,0
ZINC001242506024,COc1ncc(Cl)cc1-c1cccc(F)n1,0.5192094,-7.634,0.35075647,0
ZINC001245939393,C[C@H](O)Cn1nc(-c2cccc(O)c2)cc1O,0.61839795,-7.787,0.53133374,0
ZINC001250241504,C=C(C)CC1=CCOCC1,0.35704136,-6.133,0.18556471,0
ZINC001534176666,CCc1cnc(NC(=O)c2ccsc2C#N)o1,0.5943915,-7.289,0.53555274,0
ZINC000161199830,CO[C@@H](C)C(=O)N[C@@H](C)CCC(=O)O,0.3541147,-6.148,0.17820783,0
ZINC000179291751,CC1(C)CCC[C@@H](C(=O)OCC(F)(F)F)C1,0.37754866,-7.081,0.12763096,0
ZINC000180176606,CC(C)=CC(=O)OCc1sccc1C,0.4516077,-6.621,0.32215816,0
ZINC000307719812,COCCN1CC[C@H](C)[S@](=O)CC1,0.37596345,-5.548,0.28386593,0
ZINC000334915821,C[C@H]1C[C@H](NS(=O)(=O)C2CC2)CCN1C,0.4882586,-6.594,0.39756727,0
ZINC000335512689,Cn1cc(CNC(=O)c2cn3c(n2)CCC3)cn1,0.4565624,-7.411,0.24984227,0
ZINC000412644771,C[C@@H](CNC(=O)c1cccn1C)CC(F)(F)F,0.42135513,-7.195,0.20255587,0
ZINC000641799889,COc1cc(CN[C@H]2CCNCC2(C)C)on1,0.52338785,-6.734,0.45260024,0
ZINC000648106401,NCCC(=O)Nc1cnc2c(c1)CNCC2,0.41558522,-7.011,0.21025537,0
ZINC000674233829,Cc1ncc(CN(C)c2c(C)noc2C)s1,0.44238907,-6.461,0.32053095,0
ZINC000733373243,C[C@@H](CC(=O)OCCCCO)c1ccccc1,0.53255826,-7.695,0.37085775,0
ZINC000787790247,Cn1nncc1NC(=O)NC(C)(C)C,0.4377435,-6.185,0.34002227,0
ZINC000790191137,CC[C@@H](C)NN=Cc1ccc2c(c1)OCCO2,0.6149471,-8.108,0.49112582,0
ZINC000835729810,O=C(OC1CC2(CC2)C1)c1ccsc1,0.45466983,-7.286,0.25908864,0
ZINC000847190849,COCC1(CNC(=O)/C=C/SC)CC1,0.26669592,-5.585,0.063570276,0
ZINC000847705517,CSC1(COC(=O)CCCCC#N)CC1,0.41710314,-6.179,0.29975933,0
ZINC000860030628,C=CCOC(=O)c1cn(C2CC2)nn1,0.3877281,-6.161,0.24344139,0
ZINC000863723095,Cc1cc(-c2cnn([C@@H](C)C#N)c2)co1,0.43087587,-7.619,0.17733529,0
ZINC000881570273,CCCCC(=O)NC[C@H]1C[C@H](OC)C1,0.4417694,-6.451,0.32034302,0
ZINC000882166365,C=C(C)CN(C)c1ccnc(F)c1[N+](=O)[O-],0.5466381,-6.845,0.487117,0
ZINC000908398753,COc1cc(OC)nc(C(=O)N2CC(C#N)C2)n1,0.41101688,-6.995,0.20286927,0
ZINC000908558073,CC[C@@H](O)[C@H](C)C(=O)NC1(CC)CCCC1,0.5150599,-7.167,0.39108744,0
ZINC000929345642,CCC[C@H](O)C(=O)N1CCC[C@H](C(N)=O)C1,0.42061305,-6.764,0.24589385,0
ZINC001142703696,CC(=O)C(=O)NCc1cccc2cc[nH]c21,0.510711,-7.597,0.33776867,0
ZINC001169121849,Cc1ccc([N+](=O)[O-])c(N[C@H]2COC(=O)C2)n1,0.4796032,-7.333,0.30359313,0
ZINC001223539055,CC[C@H](O)C(=O)OCc1cnc(C)s1,0.3807905,-5.949,0.25173876,0
ZINC001258723241,C=CCC[C@@H](C)NC1CN(c2cnccn2)C1,0.6391715,-6.731,0.6822691,0
ZINC001338267618,CCCN(C(=O)c1ocnc1CC)C1CC1,0.53399783,-5.972,0.5528375,0
ZINC001345930232,C=CCn1cnnc1SCC1=CCCC1,0.48159945,-7.14,0.32761234,0
ZINC001548687223,C=C(CC)C(=O)N[C@H]1COc2ccc(F)cc21,0.50206304,-7.948,0.28414685,0
ZINC000002527531,CCc1ccc(CNC)cc1,0.68150264,-6.363,0.8043816,0
ZINC000032153978,O=C(O)CCCCNC(=O)C(F)(F)F,0.3152189,-6.17,0.098871544,0
ZINC000191962803,COC(=O)[C@@H](NCc1ccc(C#N)o1)[C@H](C)O,0.43626243,-6.603,0.29363188,0
ZINC000219496947,CONC(=O)c1ccc(Cl)c([N+](=O)[O-])c1,0.50547475,-7.104,0.3786498,0
ZINC000279142567,Cc1noc(C(=O)N2CCC[C@@H](C)C2)n1,0.46408644,-7.407,0.26516253,0
ZINC000336728176,Cc1noc(COc2cc(F)cc(C#N)c2)n1,0.58093965,-7.949,0.4402902,0
ZINC000340689779,CC[C@@H]1CCCN1CCOc1ccccc1F,0.6820022,-7.115,0.7271911,0
ZINC000357326812,CCS[C@H](C)c1noc(C2CC(F)(F)C2)n1,0.46135512,-7.208,0.2804407,0
ZINC000376273170,O=C(OC[C@H]1CCCO1)N1CCC[C@@H]1C1CC1,0.43905815,-6.843,0.27421886,0
ZINC000454203753,CCCNC(=O)N[C@@H](C)Cc1cnn(C)c1,0.46008757,-6.885,0.31150976,0
ZINC000493808049,CCC1(CNC(=O)/C=C/c2ccc[nH]2)COC1,0.5047504,-7.37,0.34956068,0
ZINC000573205007,CCNCCCNC(=O)c1cc(C(C)C)on1,0.4555008,-6.811,0.31011707,0
ZINC000634313294,C=C[C@@](C)(O)C(=O)NCc1ccc(C)o1,0.38260004,-7.33,0.11175054,0
ZINC000686850395,CC[C@@H]1C[C@H]1NC(=O)OCCC(F)(F)F,0.3315737,-6.78,0.06785157,0
ZINC000809396400,C#CCCc1noc([C@H](OC)c2cnn(C)c2)n1,0.37847242,-7.336,0.102950335,0
ZINC000829113826,CC(=O)c1cccc(Cn2nnnc2C(C)C)c1,0.6197588,-8.479,0.4620871,0
ZINC000831754518,C[C@@H]1CCC[C@H]1CNC(=O)C#Cc1cccs1,0.55166334,-9.202,0.25203097,0
ZINC000853798959,OCCOc1cncc(N[C@H]2C=CCC2)n1,0.4678513,-6.548,0.36192453,0
ZINC000923748720,O=C(N[C@@H]1COC[C@H]1O)N[C@@H]1COC(=O)C1,0.39113,-6.689,0.19528785,0
ZINC001259802728,O=S(=O)(N[C@@H]1CC[C@@H](F)C1)C1CCCC1,0.3545485,-7.55,0.033311162,0
ZINC001327060658,O=C1NCC[C@H]1SCc1ccc(Cl)cn1,0.40623146,-6.928,0.20035535,0
ZINC001358186980,CC[C@@H](F)C(=O)NCCCc1ccccc1F,0.69854254,-8.225,0.6445572,0
ZINC001595141430,O=C(O)Cc1noc(C2(C3CC3)CCC2)n1,0.40128237,-7.751,0.104990155,0
ZINC000000407031,CC(C)C[C@H](O)C(=O)O,0.29546747,-5.367,0.143228,0
ZINC000001685390,O=C1CCC/C1=C/c1ccc([N+](=O)[O-])cc1,0.55960983,-8.389,0.35229418,0
ZINC000054181019,Cc1ccc(CNC[C@@H](C)C#N)cc1[N+](=O)[O-],0.702788,-7.876,0.6892501,0
ZINC000082255812,CC(C)c1csc(CNC(=O)[C@H](C)N)n1,0.42908663,-6.704,0.26891702,0
ZINC000082275622,NC(=O)c1cn[nH]c1NC(=O)C1CC1,0.4097178,-6.657,0.23543541,0
ZINC000129086330,Cc1cc(CC(=O)N2CCC[C@@H](C)CC2)n[nH]1,0.5111368,-8.057,0.29078913,0
ZINC000281896685,C#CCN1CCC(C(=O)NCCF)CC1,0.42839405,-6.648,0.273367,0
ZINC000307946788,C=CCCS[C@@H](C)C(=O)N(C)C,0.38096005,-5.15,0.33514097,0
ZINC000491639822,C#CCN(CC#C)C(=O)/C=C/c1cncs1,0.45220304,-6.443,0.34184283,0
ZINC000575869040,CNC(=O)CCCC(=O)Nc1ccc(N)nc1,0.53767437,-7.446,0.40687898,0
ZINC000620875528,COc1cc(C(=O)N[C@H]2C[C@H](O)C2)on1,0.34920308,-6.553,0.12637335,0
ZINC000654837860,COc1ccc(C(=O)N2CCc3nn[nH]c3C2)o1,0.4667552,-7.743,0.23551762,0
ZINC000678535378,CC[C@@H]1CC[C@H](C)N1CCOC(C)C,0.5353075,-6.258,0.5256984,0
ZINC000722370532,CCCn1cc(NCc2cn(CCC)nn2)cn1,0.4089609,-6.883,0.21044043,0
ZINC000761840953,O=C(Oc1ccccc1)[C@@H]1CCSC1,0.48595074,-6.847,0.36669296,0
ZINC000765916115,CCC/C(C)=C/C(=O)NCc1ccn(C)n1,0.36485913,-7.044,0.106340826,0
ZINC000783583527,Cn1cc(CSCCSCCO)cn1,0.2847437,-5.06,0.15390179,0
ZINC000789585011,O=C(/C=C\c1cccnc1)OCC1(F)CC1,0.52724725,-7.637,0.36636686,0
ZINC000814734285,S=C(NN=C1CC[C@H]1C1CCC1)NC1CC1,0.6287535,-7.041,0.6294035,0
ZINC000842530162,COc1cccc2c1NC(=O)C2=NNC1CC1,0.50470656,-7.973,0.28678432,0
ZINC000888906846,C[C@@H]1C[C@@H]1[C@H]1C[C@@H]1CNC(=O)NCCC#N,0.49409723,-7.582,0.3064177,0
ZINC001169725929,COC(=O)c1c(F)cncc1-n1ccc(CN)c1,0.47466135,-6.944,0.33424532,0
ZINC001188166846,Cc1[nH]ccc1C(=O)NC1(c2cnccn2)CC1,0.51007193,-7.871,0.30801684,0
ZINC001242904393,Cc1ccc(-c2ccc(C#N)c(F)n2)nc1,0.5769745,-8.351,0.39064264,0
ZINC001244331856,N#Cc1cnccc1-c1cnc2cccnc2n1,0.5493859,-8.276,0.34378925,0
ZINC001253957777,CCCc1nnc(/C=C/c2ccco2)o1,0.5447468,-7.38,0.4277504,0
ZINC001339200981,C[C@@H]1CC[C@@H](C(=O)NCCC(F)F)C1,0.3561582,-7.063,0.08712976,0
ZINC001535303049,O=C(Nc1ccns1)c1cc2ncccn2n1,0.5901551,-7.39,0.5166606,0
ZINC001573903461,CNCCC(=O)OCc1c(C)cc(C)cc1F,0.5360627,-6.821,0.46866333,0
ZINC000048763299,CO[C@@H](C)C(=O)Oc1cccc(C(N)=O)c1,0.39182952,-7.059,0.15820727,0
ZINC000069626362,C[C@H](C(N)=O)N1CCC[C@H](CCN)C1,0.41425478,-6.263,0.28538412,0
ZINC000147647846,FC(F)CN[C@H]1CCOC2(CCOCC2)C1,0.5303494,-7.173,0.42075074,0
ZINC000163078498,CC[C@@H](N)CNC(=O)COC(C)C,0.33337688,-5.742,0.179337,0
ZINC000274618890,Cc1nonc1C(=O)N1CCCC2(CC2)C1,0.51575106,-7.679,0.33922756,0
ZINC000276092360,Clc1cc(-c2nc(C3CC3)no2)cs1,0.51097375,-7.288,0.3704137,0
ZINC000283823706,Cc1cc(CNCc2cc(C#N)n(C)c2)n(C)n1,0.7390016,-8.07,0.74081707,0
ZINC000340710069,C=CCCCOc1ccnc(C(F)(F)F)c1,0.50550073,-7.476,0.3400271,0
ZINC000388738413,CO[C@@H](C)CN(C)c1ccc(Cl)nn1,0.49882525,-6.016,0.4785894,0
ZINC000567597887,O=C(CCc1cnccn1)N1CCC[C@@H](F)C1,0.5523372,-7.423,0.438316,0
ZINC000603544034,Cc1ccc(C[S@@](=O)Cc2ccno2)cc1,0.46685767,-7.56,0.2547458,0
ZINC000630353942,CC(F)(F)CNC(=O)N[C@H]1CCCC12CC2,0.38235936,-7.507,0.09287231,0
ZINC000659774646,CCN(C(=O)c1cnn(C)c1)[C@H](C)C(=O)O,0.41333243,-6.358,0.27368054,0
ZINC000662269376,CC[C@@H](C)NC(=O)CN(C)CC1=CCSC1,0.43760002,-6.291,0.32871795,0
ZINC000722630590,C[C@@H]1C[C@H]1COC(=O)c1ccc(Cl)c(N)c1,0.5135494,-8.036,0.29775155,0
ZINC000822920838,CCc1nocc1C(=O)N(CC)C(C)C,0.3694547,-6.473,0.17480704,0
ZINC000849968139,CC#CCOC(=O)C1(OC)CCC(F)(F)CC1,0.42843458,-7.842,0.14931561,0
ZINC000895352839,Cc1nc(CN(C)Cc2c(C)ccnc2N)no1,0.51393074,-7.386,0.3660828,0
ZINC000909299542,C[C@]1(C(=O)O)CCN(C(=O)/C=C\c2ccc[nH]2)C1,0.5227282,-7.66,0.35502392,0
ZINC001212635073,COCCOc1ccccc1Nc1ncco1,0.44739446,-6.643,0.31152493,0
ZINC001239574348,Cc1ncncc1-c1c(F)cccc1F,0.5810485,-7.689,0.4675362,0
ZINC001239644557,COc1ncc(-c2ccc(N)nc2C)cc1N,0.6069701,-7.84,0.5031861,0
ZINC001242592604,Cc1ccc(-c2ccnc(N)c2)c(C#N)c1,0.56318116,-8.754,0.32142216,0
ZINC001344350774,O=C(c1cnc(C2CC2)[nH]1)N1CC2(C1)CCOC2,0.5174477,-7.766,0.33354366,0
ZINC001351034988,Cc1cccc(C(C)(C)NC(=O)[C@H]2C[C@H]2F)c1,0.6789009,-8.771,0.5488851,0
ZINC001569137124,CS[C@@H](C)CC(=O)N1CC[C@H](O)[C@@H]1C,0.33158144,-6.368,0.110699624,0
ZINC000016942419,COc1ccc(C=O)cc1CC(=O)O,0.37349743,-6.519,0.17803301,0
ZINC000040396779,Cc1ccc(N)c(C(=O)OCC2CC2)c1,0.5573957,-7.615,0.42837542,0
ZINC000084238396,CNCCCC(=O)NC[C@@H]1CCC[C@@H]1O,0.32070696,-6.363,0.089678094,0
ZINC000086886557,CCCCOC(=O)CN1CC[C@@H](N)[C@H](C)C1,0.42055753,-6.497,0.273542,0
ZINC000096126001,CN(C)c1ccc([C@@H]2C[C@@H](N)NN2)cc1,0.60963523,-7.388,0.55545676,0
ZINC000103151765,C=CCNS(=O)(=O)c1cc(F)ccc1Cl,0.48095414,-7.473,0.29171437,0
ZINC000187499815,CC#CCCCCOC(=O)c1coc(C)c1,0.5259455,-6.96,0.43417114,0
ZINC000226404327,Cn1cccc1CNC(=O)C(F)F,0.3674387,-6.524,0.16551143,0
ZINC000252606681,NN=C1CCCc2c3cc([N+](=O)[O-])ccc3[nH]c21,0.538694,-8.866,0.26127148,0
ZINC000295776512,O=C(NCC1=CCCCC1)[C@H]1CC=CCC1,0.5682318,-8.729,0.33402613,0
ZINC000334770259,C=C1CCN(C(=O)[C@@H](C)CC(F)(F)F)CC1,0.3936442,-7.53,0.11283547,0
ZINC000336671066,COCC[C@@H](C)NC[C@H](CO)C1CC1,0.362272,-5.281,0.28450254,0
ZINC000348384838,c1ccc(CCCN[C@H]2CC[C@H]2C2CC2)nc1,0.63447315,-7.58,0.5846976,0
ZINC000355265454,CCCCOCCS[C@@H]1CCCOC1,0.38254732,-5.909,0.2593774,0
ZINC000575528493,C[C@H](N)C(=O)N1CCC[C@@H](C#N)C1,0.4167951,-6.407,0.27544564,0
ZINC000657671398,C[C@@]1(CCNCc2cccs2)CC1(F)F,0.4956271,-6.93,0.37723207,0
ZINC000685187019,Cn1cc(C(=O)NCC[C@H]2CCCO2)nn1,0.4089449,-6.647,0.23494399,0
ZINC000764226980,CCCOCC(=O)OCCC1(C)CC1,0.33563304,-5.761,0.18183099,0
ZINC000805752498,C=C(Cl)COC(=O)c1cc(C(C)=O)cn1C,0.39780444,-6.649,0.21266782,0
ZINC000825529721,CCCN(CC(F)F)C(=O)C(C)=C1CCC1,0.41499308,-7.028,0.207315,0
ZINC000839191699,C[C@H](Cc1cccc(F)c1)N(C)C/C=C\Cl,0.6452272,-7.259,0.63937247,0
ZINC000854867367,C#CCOCCC(=O)NCCc1c(C)n[nH]c1C,0.54851276,-7.413,0.43177968,0
ZINC000880559620,COC(=O)[C@@]1(O)CCN(CC(F)(F)F)C1,0.32027456,-6.24,0.10160898,0
ZINC000884379697,C[C@@H]1CCc2n[nH]cc2[C@H]1C(=O)N1CCCCN1,0.50465524,-8.361,0.2463451,0
ZINC000920164020,C[C@H]1CCC[C@@H](Sc2nnc3nc[nH]n32)C1,0.4813286,-7.757,0.2629307,0
ZINC000931838876,CC[C@@H]1C[C@H]1NC(=O)Nc1sccc1C#N,0.45407575,-6.909,0.2971058,0
ZINC001125521946,C[C@H](NC(=O)c1ncccc1F)c1ccccn1,0.47926962,-8.388,0.19325145,0
ZINC001651190707,Cn1cnnc1NCc1ccc2scnc2c1,0.5394875,-7.803,0.3733558,0
ZINC000005560976,CCC[C@]1(C(=O)OCC)CCOC1=O,0.31476694,-6.11,0.10421406,0
ZINC000083971000,C[C@@H](NCc1ncnn1C)C1CCCCC1,0.48868075,-7.391,0.31554508,0
ZINC000088048600,O=C(O)C1(NC(=O)C2CC2)CCC1,0.30735722,-6.39,0.06042646,0
ZINC000111753838,O=C(O)CCNCc1ccnc2ccccc12,0.49513182,-7.969,0.26823345,0
ZINC000160764396,N#CC1(NC(=O)[C@@H]2C[C@@H]2c2ccc(F)cc2)CC1,0.48377928,-7.996,0.24293815,0
ZINC000286284242,CCC[C@@](C)(O)C(=O)N[C@H](C)c1nnc(C)[nH]1,0.4895493,-6.886,0.36976683,0
ZINC000335559225,CCn1ccc(C(=O)N2CC(C)(C)[C@@H]2C(C)C)n1,0.5547999,-7.491,0.4361248,0
ZINC000337756169,CO[C@H](C)CSc1cccc([N+](=O)[O-])c1,0.52967036,-6.717,0.46681273,0
ZINC000346325564,COCCC1(CNC(=O)CC(C)(F)F)CC1,0.31087577,-6.279,0.07893631,0
ZINC000379563362,CC[C@H](C)[C@](C)(O)CNc1nccs1,0.45723817,-6.043,0.39340216,0
ZINC000623053438,CN[C@H]1CCN(C(=O)Nc2cccnc2)C1,0.50942373,-6.967,0.40071532,0
ZINC000675668377,C[C@@H]1C[C@H]1C(=O)NCc1ccc(F)cn1,0.45511475,-7.708,0.21609762,0
ZINC000822648776,CC/C(C)=C\C(=O)NC[C@H]1COCCO1,0.35794753,-6.677,0.13080394,0
ZINC000848605619,CC[C@H](NC(=O)N[C@@H](C)CN)[C@H]1CCCCO1,0.51507366,-6.879,0.421056,0
ZINC000899357598,CCn1cc(/C=C\C(=O)c2cncs2)c(C)n1,0.5579366,-6.927,0.50097346,0
ZINC000901395165,CCOc1ccccc1-c1cc(C)no1,0.49222603,-7.308,0.33119684,0
ZINC000934014511,OC[C@H]1CCN1Cc1ccccc1Cl,0.6774605,-6.917,0.738779,0
ZINC000934229269,C[C@@H](Cc1cccnc1)N[C@@H](C)c1csnn1,0.6291166,-7.855,0.5454969,0
ZINC001224171867,CC(=O)Oc1cccc(COC(=O)[C@H](C)O)c1,0.39245117,-7.477,0.11598218,0
ZINC001245981379,C[C@H](O)CN[C@]12CCN[C@H]1CC(=O)N2,0.34920597,-5.937,0.19042024,0
ZINC000000201111,Cc1cc(C)n2nnnc2c1C#N,0.5735474,-7.7,0.45153373,0
ZINC000082266774,O=C(Nc1ncccc1O)c1ncc[nH]1,0.47157952,-6.696,0.35392332,0
ZINC000156569246,C#CCCCCNC(=O)c1cccc(C)c1,0.6044505,-8.317,0.44860485,0
ZINC000291410731,C[C@@H]1CN(C(=O)Cn2ccnc2)CCC1(F)F,0.3841857,-7.451,0.10231204,0
ZINC000308285555,CC(C)CC(C)(C)C(=O)OCCF,0.5098613,-6.04,0.49795562,0
ZINC000356909173,CCC[C@@H](C)Cc1nc(Cn2cccn2)no1,0.50610447,-7.378,0.35141137,0
ZINC000378870839,CCN(C)C(=O)N(C)CCF,0.2776021,-4.636,0.18383521,0
ZINC000434355652,CC(C)(NC(=O)[C@H]1C[C@@H]1C1CC1)c1nn[nH]n1,0.40818813,-7.404,0.15474495,0
ZINC000548139654,COc1cc(NCc2noc(C3CC3)n2)nn1C,0.43178743,-7.241,0.21843901,0
ZINC000591147692,C=CCOCC(=O)N=c1nc(C)[nH]o1,0.46423042,-5.827,0.42970917,0
ZINC000629213114,COc1ccc(OCCF)c(C(F)(F)F)c1,0.43379682,-7.07,0.24019706,0
ZINC000662665393,C[C@@]1(CNC(=O)C2CCNCC2)CC1(F)F,0.36286172,-7.734,0.03064972,0
ZINC000684619368,Cc1nccc(CN(C)c2cccc(O)c2)n1,0.55338395,-7.52,0.43030494,0
ZINC000727069185,CSCCNC(=S)N[C@H](C)[C@@H]1CCCO1,0.41763952,-5.504,0.37099683,0
ZINC000754097414,C=CCOCC(=O)OCC(=O)C1CCC1,0.32436654,-6.091,0.1252053,0
ZINC000861973257,O=C(/C=C/C1CC1)NC[C@@H]1COCO1,0.4595332,-6.806,0.31862473,0
ZINC000863318810,CC/C(C)=C\C(=O)NCCN1CC[C@@H](O)C1,0.36089483,-7.262,0.075823955,0
ZINC000887121053,C#CCC1(NCC=C(Cl)Cl)CCOCC1,0.49808273,-7.194,0.35465023,0
ZINC000934015744,OC[C@H]1CCN1CCO[C@H]1CCCCO1,0.47559103,-6.311,0.40189546,0
ZINC001161700351,Nc1cnc2c(c1)NC(=O)CS2,0.405447,-5.674,0.32917088,0
ZINC001337624561,O=C([C@H]1C[C@@H]1F)N1CCCCc2cccnc21,0.44808787,-7.928,0.17930615,0
ZINC001592345310,C[C@H](CC(=O)O)C(=O)N[C@@H](C)c1cscn1,0.48764357,-6.78,0.3770118,0
ZINC000049468780,Cc1ccccc1OCc1nc(N)cc(=O)[nH]1,0.6055719,-8.191,0.46392548,0
ZINC000082299806,CC(C)CNC(=O)C1CCSCC1,0.52544004,-6.605,0.47007674,0
ZINC000170710321,C#CCOC(=O)[C@@H](C)OC[C@H]1CCCCO1,0.38360462,-6.966,0.15158303,0
ZINC000336251732,CC(C)(C)[C@H]1CN(CC(=N)O)CCO1,0.33434469,-6.236,0.12989646,0
ZINC000384830159,C/C=C\CN[C@@H](C)c1sccc1C,0.59497195,-6.272,0.6424328,0
ZINC000403300408,NCCOCC(=O)N[C@@H]1CC[C@H]2C[C@H]2C1,0.38143247,-6.697,0.17524621,0
ZINC000595562765,COC(=O)CCN1C[C@@H]2CCCC[C@@H]21,0.42557517,-6.701,0.262273,0
ZINC000629034677,C/C=C/CNC(=O)[C@@H]1CCCN1C1CC1,0.51663095,-6.836,0.4286113,0
ZINC000665979522,Cc1ncc(NC(=O)N[C@]2(C)CC2(C)C)cn1,0.5543287,-6.973,0.48904416,0
ZINC000718106909,Cc1coc(CNC[C@@H]2CC2(C)C)c1,0.54738915,-6.876,0.48538196,0
ZINC000754066830,C#CC(=O)NCCCNC(=O)C1CCC1,0.35002694,-6.91,0.090890616,0
ZINC000786505372,O=C(Nc1ccon1)c1ccc2cncn2c1,0.64792085,-7.729,0.5958458,0
ZINC000796111802,CC[C@@H](C)COC(=O)CCc1cncc(C)c1,0.49944326,-7.884,0.28561088,0
ZINC000819348403,CN(Cc1ccc[nH]1)C(=O)/C=C/[C@@H]1CCCO1,0.38219255,-7.185,0.12601796,0
ZINC000840212185,CCCCOC(=O)[C@H](C)SCC(N)=O,0.30010742,-5.138,0.17622685,0
ZINC000841491863,O=C(NC[C@@H](O)C(F)(F)F)OCCCF,0.29584804,-5.803,0.09865405,0
ZINC000843741104,C[C@H]1SCC[C@@H]1NC(=O)C1=CCCCO1,0.45893833,-6.831,0.31484726,0
ZINC000863114226,C(=NOC1CCC1)c1cccc2[nH]ncc21,0.7904263,-8.169,0.83239245,0
ZINC000906790767,Cc1nn(C)cc1NC(=O)[C@@H](C)[C@@H]1CCCO1,0.42207202,-7.496,0.17268309,0
ZINC000922658604,CCn1cnnc1NCc1ccc(C#N)cc1F,0.4233516,-7.84,0.13945457,0
ZINC001169011871,CC1(F)CN([C@H]2CC[C@@H](C[N+](=O)[O-])C2)C1,0.40551558,-6.897,0.20216009,0
ZINC001174569564,CCn1cc(Nc2cc(C)ccc2O)cn1,0.47589916,-7.421,0.28710702,0
ZINC001226515285,C=CC[C@H](C=C)Oc1n[nH]c(C)c1C,0.5489399,-7.053,0.47005236,0
ZINC001249785691,Cc1cc(Nc2cn(C)nc2C#N)cnc1N,0.5475005,-7.613,0.4089818,0
ZINC001250170359,Cc1cnc(C)c(Cc2cccnc2)c1,0.568998,-7.936,0.4179864,0
ZINC000039369402,COc1c(C)n(C)ccc1=O,0.3810974,-5.421,0.30723912,0
ZINC000042165688,CCc1ccccc1NC(=O)C[C@@H]1CCCN1,0.6514969,-7.807,0.5948205,0
ZINC000042350034,CNC(=O)[C@@H](C)Nc1nccs1,0.41559348,-5.391,0.3786916,0
ZINC000087043368,CC(C)CC(=O)NCc1ccc(C(=O)O)o1,0.47891834,-7.287,0.30701873,0
ZINC000110848632,CCCc1cc(NC(=O)C(F)(F)F)n[nH]1,0.40376768,-7.012,0.18674192,0
ZINC000130500990,C=C[C@@H](C)NCc1ccccc1OC,0.5751709,-6.534,0.57597035,0
ZINC000132836838,Cc1occc1C(=O)NCC(C)(C)N,0.5330548,-6.843,0.4604178,0
ZINC000135148736,O=C(NCC1(CO)CCCC1)[C@H]1CCC(=O)N1,0.37418175,-7.909,0.03488012,0
ZINC000226807309,CCC1(CNc2c(F)cc(C#N)cc2F)CC1,0.4429117,-7.27,0.23746024,0
ZINC000304746306,Cc1nnc([C@@H](C)N(C)CC(C)(C)O)o1,0.6290112,-6.336,0.70320785,0
ZINC000390436418,CC[C@@H]1CC[C@@H](C)N(C(=O)[C@H](C)C(=O)O)C1,0.39624882,-7.132,0.15937217,0
ZINC000411391824,COC(=O)CCN1CCC[C@@H](C)[C@@H]1CO,0.5039965,-6.189,0.4708476,0
ZINC000527707032,Cc1cocc1C(=O)NCC(=O)NC1CC1,0.407322,-7.31,0.16280171,0
ZINC000616240656,C[C@H](NC(=O)CCCF)c1ccn(C)n1,0.3820991,-6.637,0.18280447,0
ZINC000628898629,Cc1ncccc1CNC(=O)CCCCC(C)C,0.5749048,-8.121,0.4104541,0
ZINC000644868519,CCC[C@@H](C)C(=O)NCCN=c1nn[nH]n1C,0.43649322,-7.058,0.24678594,0
ZINC000646115005,C[C@H](C(=O)N1CC(C)(C)C1)C(C)(F)F,0.33574364,-6.737,0.08058226,0
ZINC000782171805,CC(C)[C@H](Oc1cccc(Cl)c1)C(=O)NO,0.54036427,-7.609,0.3952615,0
ZINC000787720074,O=C(N[C@H]1[C@@H]2CCC[C@@H]21)[C@H](O)c1cccnc1,0.4323508,-7.948,0.14605322,0
ZINC000828044950,C#CCCS(=O)(=O)N1CC[C@](O)(CC#N)C1,0.44211712,-6.753,0.28963506,0
ZINC000844488797,CC(C)Oc1cc(NC(=O)C(F)F)ccn1,0.38184252,-7.073,0.13696845,0
ZINC000857484554,CC1(CCNC(=O)[C@@H]2CC2(F)F)OCCO1,0.35351932,-6.894,0.099472106,0
ZINC000877165172,CCc1ccc(C(=O)N2C[C@@H]3C[C@H]2CN3)s1,0.5483109,-7.458,0.42670137,0
ZINC000899457996,CC1(C)CO[C@@H](CCNC(=O)c2ccnnc2)C1,0.5337757,-8.009,0.34062496,0
ZINC000905148543,CNC(=O)N[C@H]1c2ccccc2OC[C@@H]1F,0.56131256,-7.943,0.40203455,0
ZINC000941691310,CC(=O)N[C@@H]1CCN(CC2CC2)C[C@H]1C,0.5925819,-6.466,0.6175295,0
ZINC001177845170,Cc1cc(F)ncc1NC(=O)Cc1cn(C)cn1,0.48808295,-8.139,0.23659663,0
ZINC001263341319,Cn1nc(C(=O)OCC2CC2)cc1C(F)(F)F,0.32709977,-7.132,0.022394195,0
ZINC000335626530,CCC1(N[C@H]2CCCOCC2)CC1,0.5798645,-6.212,0.618744,0
ZINC000346572557,C[C@@H](CCC1CC1)NC(=O)c1cnccn1,0.44708714,-7.187,0.2543603,0
ZINC000573445992,C[C@@H](N)C(=O)N1CC[C@@H](C)C[C@H]1C(N)=O,0.6453977,-6.846,0.682647,0
ZINC000590490029,N#CC1CN(C(=O)CCc2cnccn2)C1,0.46101367,-7.279,0.27238294,0
ZINC000594922623,COC(=O)[C@@H]1C[C@@H]1[C@H](C)NCCn1cccn1,0.5096053,-6.39,0.46106157,0
ZINC000644810543,CN1C[C@H]2CCN(C(=O)CC(C)(F)F)[C@H]2C1,0.37808478,-6.805,0.15738674,0
ZINC000671589912,O=C(N1CCn2nccc21)C1(C(F)(F)F)CC1,0.47419232,-7.479,0.27769607,0
ZINC000715497267,CCCCNC[C@H]1CC[C@@H](C2CC2)O1,0.46719444,-5.78,0.44046688,0
ZINC000755662930,Cn1cc(C=NNc2cccc(F)c2)nn1,0.60006166,-7.377,0.53763604,0
ZINC000814225902,Cc1nnsc1C=NNc1ncc(F)cn1,0.42346948,-6.787,0.24916102,0
ZINC000814559420,C=C(CC)COC(=O)[C@H]1CCC[C@H](OC)C1,0.4560132,-7.296,0.2607101,0
ZINC000828704005,COC(=O)N1CCC[C@H]1CNC(=O)O,0.5172774,-6.135,0.5027699,0
ZINC000902285240,Cc1nn(C[C@@H]2C[C@]23CCOC3)c(N)c1C#N,0.46817732,-7.735,0.23916638,0
ZINC000910317970,COc1cccnc1NC[C@@H](C)CC(=O)O,0.3463636,-6.477,0.12864977,0
ZINC000910650340,CC[C@H](C(=O)O)C(=O)N(C)Cc1noc(C)n1,0.4070669,-6.831,0.21209468,0
ZINC000913360838,CC1(C(=O)Nc2ccc3[nH]ccc(=O)c3c2)CC1,0.5464528,-8.905,0.2725864,0
ZINC000922042659,CCONC(=O)NC[C@@H]1COCO1,0.332389,-5.506,0.20191534,0
ZINC000934193262,C[C@@H](NCC[C@H]1CCNC1=O)c1cncs1,0.5150774,-7.111,0.3969441,0
ZINC001056827901,CC(=O)N1CC[C@@H](N(C)c2cccc(F)n2)C1,0.6055424,-7.943,0.4896499,0
ZINC001161642248,COc1nccc(NCC(C)C)n1,0.49523228,-5.706,0.50370055,0
ZINC001244623939,CC(=O)c1cc(-c2ncncc2C#N)cs1,0.43061388,-7.387,0.20093569,0
ZINC001459146197,CCOCn1cc(-c2ccccn2)ccc1=O,0.51722413,-7.739,0.33590785,0
ZINC000072233877,NC(=O)c1ccc(C(F)(F)F)nc1S,0.3812822,-6.943,0.14937367,0
ZINC000139459330,Cc1nn(Cc2cccc(N)c2)c(C)c1[N+](=O)[O-],0.6945139,-7.77,0.68388,0
ZINC000154385213,O=C(NCCCF)c1cc2c(s1)CCCC2,0.5312192,-7.249,0.4145726,0
ZINC000336668964,C[C@@H]1CCC[C@H]1NC(=O)[C@H](N)CC(F)F,0.38424438,-7.005,0.14879578,0
ZINC000339383220,CCNC(=O)Nc1ccnn1C[C@H]1CCOC1,0.3731749,-6.541,0.17510691,0
ZINC000379383137,C/C=C/CS(=O)(=O)Cc1ccno1,0.32475796,-6.345,0.0995741,0
ZINC000587579004,N#Cc1cc(=NCC(=O)NC2CCCC2)cc[nH]1,0.46444896,-8.101,0.19373038,0
ZINC000657255242,CSc1cccc(Cn2cnn(C)c2=O)c1,0.53721,-7.296,0.42155358,0
ZINC000659301139,CC1(C)CC[C@@H]1C(=O)N(C1CC1)[C@@H]1CCNC1,0.4225764,-7.298,0.19426689,0
ZINC000744610697,O=Cc1ccc(C(=O)OCC2CCC2)cc1,0.44501096,-7.948,0.17113182,0
ZINC000767365118,O=C(CCOCC1CC1)O[C@@H]1CCCNC1=O,0.49255285,-6.554,0.4102323,0
ZINC000790784803,C[C@H](C#N)COC(=O)CN1CCOCC1=O,0.3240782,-6.226,0.110599115,0
ZINC000820018184,C/C(=C/C(=O)NCCc1nc(N)n[nH]1)C1CC1,0.44837102,-7.256,0.24973015,0
ZINC000832926731,CC#CCN(C)C(=O)c1cn(C)nc1Cl,0.4100731,-6.742,0.22730237,0
ZINC000867934424,CCON(CC)S(=O)(=O)Cc1ccon1,0.296873,-5.874,0.09330302,0
ZINC000899914549,NC(=O)[C@@H]1C[C@@H]1C(=O)NCCO,0.35916403,-5.29,0.27741024,0
ZINC000901328333,CO[C@@H]1CCC[C@@H]1CNC(=O)/C=C(/C)Cl,0.4823467,-6.77,0.36755887,0
ZINC000908835859,C[C@@H](C(=O)Nn1ccnn1)C(F)(F)F,0.34341043,-6.353,0.13569123,0
ZINC000926421130,C[C@H](NCCN(C)C)c1ccnnc1,0.4829858,-6.049,0.4437821,0
ZINC001205820352,Cc1ncc(-c2nccc3nn[nH]c32)cn1,0.5097225,-7.244,0.3725093,0
ZINC001244622721,CC(=O)c1cc(-c2nnccc2C#N)cs1,0.5109785,-7.342,0.36480904,0
ZINC001532739505,Cc1ncc(COC(=O)c2csc(C#N)c2)o1,0.43131,-7.182,0.22362705,0
ZINC001557408795,COC/C=C\C(=O)NCc1ccc2occc2c1,0.4960105,-8.247,0.24107239,0
ZINC000005723004,CC(=O)Nc1ccccc1OC[C@@H](C)O,0.48876682,-6.872,0.3696723,0
ZINC000052040907,N=C(NCc1ccccc1)NC1CC1,0.49535683,-7.069,0.36224583,0
ZINC000054335522,C[C@@H](CNC(=O)N1CCNC(=O)C1)C(=O)O,0.38449278,-6.577,0.19378394,0
ZINC000083094203,C[C@@H](O)CNC(=O)c1ccncc1F,0.43837106,-6.498,0.30872503,0
ZINC000133307628,Cc1nccnc1NC[C@H](C)C1CC1,0.40696195,-6.726,0.22280286,0
ZINC000183798608,CC[C@@H](CC#N)NC(=O)Cc1ccc(C)s1,0.64946795,-6.992,0.67553115,0
ZINC000192715273,O=C(CCCc1cccs1)Nc1ccon1,0.6021204,-7.183,0.56188303,0
ZINC000261910744,CC1(c2nc(C3(N)CCCC3)no2)CCC1,0.70810115,-8.527,0.6320951,0
ZINC000336438824,Cc1c[nH]cc1C(=O)N[C@@H](C)c1cncc(F)c1,0.52508575,-8.37,0.28588036,0
ZINC000518755754,CC(C)CN(C)C(=O)[C@H](N)c1cscn1,0.4034357,-6.287,0.26145738,0
ZINC000564904045,O=[N+]([O-])c1cccnc1N[C@@H]1CCC[C@@H](F)C1,0.4997579,-7.804,0.29455116,0
ZINC000586474104,COC[C@H](C)OC(=O)NC1CCCCCC1,0.46204144,-7.052,0.2980184,0
ZINC000589197162,CN(Cc1cc(C#N)cs1)C[C@@H](O)C1CC1,0.4888263,-6.709,0.3867361,0
ZINC000613176427,CCCc1csc(NC(=O)c2ncc[nH]2)n1,0.50394917,-6.621,0.4258418,0
ZINC000657526076,Cc1ccc(O)c(CN[C@H]2CCNC2=O)n1,0.46064898,-7.445,0.2544027,0
ZINC000717724148,C[C@@H](O)CNC(=O)C[C@H]1CCC2(CCC2)O1,0.3619821,-6.996,0.105631866,0
ZINC000761320719,COC(=O)C[C@H](C)C(=O)O[C@H]1CCCOC1,0.44430846,-6.528,0.31736758,0
ZINC000816733630,C[C@H]1C[C@H]1C(=O)Nn1c(O)nnc1O,0.37135977,-6.831,0.14136204,0
ZINC000828301492,CCCONC(=O)NCc1ncn(C)n1,0.34799564,-6.23,0.15756154,0
ZINC000849134761,NCCOCc1cn(-c2ccccc2)nn1,0.36393985,-7.013,0.10774263,0
ZINC000871504244,N#CCCCCC(=O)NC1CC2(CSC2)C1,0.5263042,-7.263,0.40338093,0
ZINC000880446738,Cc1nocc1NC(=O)C[C@H]1CCC(F)(F)C1,0.43652508,-8.162,0.132074,0
ZINC000880985247,CC(C)NC(=O)Cn1cc([C@H]2CCOC2)nn1,0.3746396,-7.266,0.10263522,0
ZINC000918590904,CN(Cc1cn[nH]c1)C(=O)OC1CCOCC1,0.33648905,-6.365,0.120733045,0
ZINC000928954968,CCCC[C@@H](NC(N)=O)C(=O)N1CCOCN1,0.4431731,-6.734,0.2937022,0
ZINC001224283394,C(CN1CCCCO1)O[C@H]1CCCOC1,0.3537485,-6.568,0.13381796,0
ZINC001229391414,COc1cncnc1O[C@H]1C=CCC1,0.4372196,-6.507,0.30550838,0
ZINC001253518266,CCCCC[C@H](O)CNCc1cnc[nH]1,0.43582258,-6.149,0.3399597,0
ZINC001600890739,Cc1sccc1C(=O)N[C@H](CF)C(=O)O,0.36171502,-6.626,0.14356911,0
ZINC000003886848,O=C(O)C[C@@]1(C(=O)O)CC(F)(F)C1(F)F,0.39134738,-6.986,0.16484143,0
ZINC000062151943,Cc1nnc([C@@H](C)O)o1,0.274076,-5.084,0.13027495,0
ZINC000070187195,CNC(=O)/C=C/c1ccc(O)cc1,0.43858907,-7.161,0.24022946,0
ZINC000083466993,CC(C)(O)CNC(=O)c1ccc(Cl)s1,0.51996964,-6.826,0.43626451,0
ZINC000088052529,O=C(O)[C@H]1C[C@H]1C(=O)NCc1ccon1,0.34095013,-6.49,0.11657469,0
ZINC000132543677,CC[C@@H](C)C(=O)N1CC[C@@H](NC)C1,0.4492397,-5.946,0.3876423,0
ZINC000165025193,CCOCCCNC(=O)[C@@H](C)[C@H](C)N,0.3664605,-6.048,0.21305999,0
ZINC000233311958,CCC[C@@H]1C[C@H]1Nc1ncc(C(=O)O)c(C)n1,0.5938986,-7.469,0.515863,0
ZINC000277834369,CC1(O)CN(C(=O)C2=CCCCCC2)C1,0.45443404,-8.237,0.15975282,0
ZINC000287255202,O=C(Nc1cn[nH]c1)N[C@H](C1CC1)C(F)(F)F,0.35364646,-7.238,0.06396067,0
ZINC000302779463,FC(F)(F)c1cnc(NC2CC=CC2)s1,0.59574205,-6.893,0.57939726,0
ZINC000330403343,Cc1noc([C@H](C)NC(=O)[C@@H](C)n2cccn2)n1,0.41204146,-7.081,0.19595806,0
ZINC000434289983,COCC1(C)CN(C(=O)N[C@@H]2CCOC2)C1,0.38758892,-6.733,0.18369892,0
ZINC000580173808,N#Cc1csc(CSCC2(C#N)CCC2)n1,0.4237736,-6.887,0.23936717,0
ZINC000641239368,C[C@H](C(=O)N1CC[C@H]1C)C(F)(F)F,0.3184278,-6.357,0.08578708,0
ZINC000649474996,CCn1ccc(CC(=O)NC[C@H]2CCCO2)n1,0.33311522,-6.92,0.056350395,0
ZINC000677729289,C[C@@H](c1ccccc1)N1CC[C@@H](C(F)F)C1,0.5508899,-7.984,0.3771258,0
ZINC000745329399,CCc1nnc(COC(=O)[C@H]2CCC[C@@H]2O)o1,0.412587,-7.266,0.17780559,0
ZINC000753949683,C#CCCOC(=O)CC[C@]1(C)CCC(=O)N1,0.40147942,-7.307,0.15154001,0
ZINC000805918154,C#C[C@@H](CC)OC(=O)Cc1ccc(F)cn1,0.4130328,-7.486,0.15581682,0
ZINC000853007218,CCCn1nccc1/C=C/C(=O)c1cscn1,0.60806084,-6.919,0.60109663,0
ZINC000854947125,CC(=O)c1c[nH]c(C(=O)NOCCN(C)C)c1,0.46336883,-6.613,0.3462876,0
ZINC000886921049,Fc1cccc2c1CC[C@@H]2NC/C=C\Cl,0.63638246,-7.632,0.5830737,0
ZINC000894403292,C[C@@H]1C[C@H]1C(=O)NC[C@@H]1CC2(CCC2)CO1,0.41151115,-7.486,0.15280259,0
ZINC000934304836,C[C@H]1CSCCCN1C[C@@H](O)C(F)(F)F,0.35629782,-6.469,0.14916027,0
ZINC000985832975,C=C(Cl)CN[C@H]1CCN(C(C)=O)[C@H]1C,0.5052892,-6.175,0.47486377,0
ZINC001154911815,Cc1cnc(NC2(C#N)CCC2)c(F)c1,0.49174485,-7.539,0.30622822,0
ZINC001234647798,CC(=O)Nc1ccc(OC[C@@H]2CCCO2)nc1,0.41942137,-7.424,0.17491773,0
ZINC001248644781,FC(F)(F)Cn1cc(Nc2cnccn2)cn1,0.3770837,-6.828,0.15301254,0
ZINC001356620310,Cc1ccc(CNC(=O)C2(N(C)C)CC2)n1C,0.49641165,-7.192,0.3515479,0
ZINC001518724050,Cc1nsc(C)c1C(=O)Nc1cncnc1C,0.5275578,-6.934,0.440068,0
ZINC001588491201,C#CCOCCN[C@H](C=C)C(=O)O,0.39395985,-5.102,0.36588266,0
ZINC000069981825,CC(C)CNC[C@H]1CCSC1,0.448103,-5.506,0.4311343,0
ZINC000122567969,Cc1nc(C(=O)NCCCC2CCCC2)no1,0.4686728,-7.422,0.2726883,0
ZINC000163833844,Cc1ccc(CNc2cnn(CCO)c2)s1,0.36307815,-6.468,0.16269545,0
ZINC000183497900,COC(=O)CNC(=O)c1cnccc1N(C)C,0.44756064,-6.131,0.36508313,0
ZINC000227640113,COC(C)(C)C(=O)Nc1ccsc1,0.4549866,-5.911,0.4026651,0
ZINC000285858021,O=C(Nc1nncn1C1CC1)c1cncc(O)c1,0.57769454,-7.427,0.48813057,0
ZINC000330625559,C[C@H](C#N)NC(=O)[C@@H](C)c1cccnc1,0.42363772,-7.205,0.20603783,0
ZINC000360325618,CCC[C@@H]1C[C@@H]1C(=O)NCCc1nc[nH]n1,0.42076036,-6.981,0.22362572,0
ZINC000554528294,C[C@@H]1CN(S(=O)(=O)NC2CC2)CC(=O)N1C,0.4221509,-6.897,0.23511314,0
ZINC000567849863,CN[C@H](C)Cc1noc(-c2c[nH]c(C#N)c2)n1,0.5798673,-7.443,0.49077123,0
ZINC000635856678,CCOC[C@@H](NC(=O)C(N)=O)C(C)C,0.3000799,-5.584,0.12980488,0
ZINC000713719106,C=C/C=C/CCN1C[C@@H](C)N[C@@H](C)C1,0.4601856,-6.592,0.34216508,0
ZINC000721311236,C[C@H]1CC[C@H](NCc2csc(N)n2)C1,0.617632,-6.649,0.64812624,0
ZINC000794746346,Cc1nsc(C(=O)N2CCO[C@@H](C)[C@H]2C)n1,0.59151363,-6.892,0.57112515,0
ZINC000812317513,O=C(NOC1CCC1)N[C@H]1CCS(=O)(=O)C1,0.36482435,-6.89,0.12228216,0
ZINC000817030385,COC/C=C/C(=O)N(C)C(C)(C)COC,0.41377944,-5.608,0.35253823,0
ZINC000835000411,CC(C)ON=C[C@@H]1C[C@H]1c1ccccc1,0.53873473,-7.922,0.3594932,0
ZINC000890647810,C#C[C@H]1CCCCN1C(=O)CSC(C)C,0.3626683,-6.814,0.12591243,0
ZINC000907806851,C=C[C@H]1CCCCN1C(=O)[C@H](O)C(C)(C)O,0.47356632,-6.632,0.36451262,0
ZINC000929260466,CN(CCOC1CC1)CC(N)=O,0.33696863,-4.783,0.28615236,0
ZINC000935452658,CC[C@@](C)(O)C(=O)N1CCCC[C@H](C)C1,0.37550667,-7.224,0.10871926,0
ZINC001128682993,C[C@@H]1CC[C@@H](CNC(=O)[C@@H]2[C@H]3CCCO[C@H]32)C1,0.7007293,-8.453,0.6251854,0
ZINC001269501992,C[C@H]1CC[C@H](C(=O)NCC2(NCC#N)CC2)C1,0.57746506,-7.756,0.4534723,0
ZINC001307147159,N#Cc1cnc(N2CC[C@@]23CCOC3)c(F)c1,0.49854332,-8.422,0.22789615,0
ZINC000123983851,CCCN(Cc1ccn(C)n1)[C@@H]1CCNC1,0.5397009,-6.256,0.5346093,0
ZINC000194453796,CC(C)(C#N)OC(=O)c1ccccc1Cl,0.4442151,-7.588,0.20698193,0
ZINC000232531486,CC(C)C1(CNCCOCCO)CC1,0.33243588,-5.734,0.17830467,0
ZINC000277543739,Cn1nccc1CN1C(=O)N[C@@H](C2CC2)C1=O,0.33586547,-7.076,0.045580156,0
ZINC000351653149,Cc1noc(CSc2nc3cncnc3[nH]2)n1,0.38825127,-7.129,0.14384164,0
ZINC000419478913,Cc1nccc(CSCC2(C#N)CCC2)n1,0.48068976,-6.527,0.3895396,0
ZINC000424614053,CC(C)CCOCCNC(=O)[C@]1(C)C[C@@H]1F,0.4641396,-6.447,0.36507228,0
ZINC000425345990,OC1(C(F)F)CN(Cc2csnn2)C1,0.4580104,-5.89,0.41083822,0
ZINC000595842121,CCN1CC[C@@H](N2CC[C@@](C)(C#N)C2)C1=O,0.46483606,-7.165,0.2918065,0
ZINC000617639534,CCCc1nc(C(=O)NCC[C@H](C)CC)co1,0.4062306,-6.834,0.21012613,0
ZINC000674880303,CC(C)[C@H]1CCN(c2nnnn2C)C1,0.39812493,-6.959,0.18107419,0
ZINC000678099746,C=CCNC(=O)Nc1ccnc(SC)c1,0.4832257,-6.239,0.4245044,0
ZINC000774040635,CON=CC(=O)N1CCO[C@@H](c2ccco2)C1,0.39054948,-7.209,0.14007717,0
ZINC000855952384,COC(=O)N1CCC[C@@H]([C@H]2CCCCO2)C1,0.39020404,-7.276,0.13242735,0
ZINC000859000560,CC[C@H](NC(=O)OCCF)c1nccs1,0.35149673,-6.149,0.17291787,0
ZINC001249882856,CCOC(=O)Cc1ccnc(OCC2CC2)c1,0.35962734,-6.552,0.14712685,0
ZINC001348013349,C[C@@H](OC(=O)[C@@H]1CCCC[C@H]1C)C(N)=O,0.41795304,-7.055,0.2103714,0
ZINC001576668990,C[C@@H]1CCC[C@H](CCSCCN)C1,0.40062264,-6.053,0.28021228,0
ZINC000006639848,CO/N=C/Nc1nccc(-c2cccs2)n1,0.5283464,-6.833,0.45213044,0
ZINC000130432917,O=C(C=C1CCC1)NC[C@H]1CCCCN1,0.41955045,-7.554,0.16165827,0
ZINC000190669957,CCN(C)S(=O)(=O)N[C@@H]1CCC[C@H](C)CC1,0.39718595,-7.187,0.1555106,0
ZINC000280884492,O=C(C(=O)N1CCC[C@H](O)C1)c1ccc(O)cc1,0.5133459,-8.188,0.28154603,0
ZINC000378868529,CC[C@@H](C)CON=C1CCCSC1,0.44708315,-6.453,0.3306612,0
ZINC000406044841,C[C@@]1(O)CCCN(CCCC2CC2)CC1,0.6234875,-6.965,0.6268732,0
ZINC000448587371,CCC[C@H]1CCC[C@@H]1C(=O)NCC(=O)NC,0.4212543,-7.438,0.1770931,0
ZINC000528937409,Cc1cncn1CC(=O)N1CC[C@@H](C)[C@H](C)C1,0.42408746,-7.717,0.15369973,0
ZINC000597166433,N#C[C@H]1CN(C(=O)C2(n3cnnn3)CC2)CCO1,0.48344693,-8.009,0.24092823,0
ZINC000788082036,Cc1cc(C)nc(NOC[C@H]2CCOC2)n1,0.46552098,-7.146,0.29513854,0
ZINC000877298539,O=C([C@@H]1CCCN1)N1CCO[C@@H](C(F)F)C1,0.36070377,-6.889,0.11422365,0
ZINC000924064686,C[C@@H](NC(N)=O)c1noc([C@]23C[C@H]2CCC3)n1,0.51977116,-8.68,0.24312414,0
ZINC000968122023,NC(=O)CC(=O)N1CC[C@@H](NCC2CC2)C1,0.37787694,-6.369,0.20230284,0
ZINC001186998418,O=C(NCCC(F)(F)F)N1C[C@@H]2C[C@H]1CO2,0.4399703,-7.026,0.25700057,0
ZINC001193721197,CCCCOC(=O)NC[C@@H](O)c1cccnc1,0.4051459,-7.0,0.19071962,0
ZINC001201647056,CCCN1CC(=O)N(CC)C[C@H]1C,0.5180318,-5.972,0.52121013,0
ZINC001204978270,COCCO[C@H]1CCO[C@H](C)C1,0.28232697,-5.255,0.1288417,0
ZINC001205038049,C=CCO[C@H](C)COc1ccccc1C,0.5313437,-6.596,0.48270696,0
ZINC001229052095,C#C[C@@H](CC)Oc1cc(CC)cnn1,0.40579602,-7.29,0.16185816,0
ZINC001574421095,Cc1nc(NC(=O)[C@@H]2CC[C@H]2C(=O)O)oc1C,0.47644192,-7.209,0.31022227,0
ZINC000052278414,C[C@@H]1C[C@H]1NC[C@H](O)c1ccc(F)cc1,0.6128412,-7.174,0.58405554,0
ZINC000189320487,Cn1ccnc1SC[C@@H](O)CC(F)(F)F,0.34410807,-6.187,0.15433103,0
ZINC000280778068,O=C(NC[C@@H]1CCC(F)(F)C1)c1cnsn1,0.37071395,-7.579,0.062318504,0
ZINC000298294095,CC(C)CCCSCCc1cn[nH]c1,0.3871688,-6.452,0.21208023,0
ZINC000328599512,C[C@H](N=c1[nH]nc(C(F)F)o1)[C@H]1CCCO1,0.59994453,-7.234,0.55227065,0
ZINC000330387397,CC[C@H](CO)NC(=O)[C@@H](OC)c1cnn(C)c1,0.3224235,-6.442,0.08486529,0
ZINC000330838360,CCc1nnc(NC(=O)CC(=N)O)s1,0.4464253,-6.224,0.3531655,0
ZINC000336054695,Cc1nc(CN2[C@H](C)C[C@H]2C)c(C)s1,0.5093597,-6.386,0.46099094,0
ZINC000358681615,CO[C@H](C)CNC(=O)NC[C@@H]1CCCSC1,0.52443516,-6.518,0.47713092,0
ZINC000393719130,CC#CCN([C@H](C)C1CC1)C1CC1,0.43031332,-5.905,0.35441333,0
ZINC000444923298,Cc1cnc(NC(=O)NCc2cccnn2)o1,0.46987844,-7.561,0.26062566,0
ZINC000634081286,Cc1ncsc1C(=O)N[C@]12C[C@H]1CCCC2,0.43889004,-7.438,0.2120279,0
ZINC000640616231,C=CCCC(=O)N1C[C@@H](C)N(CC)[C@@H](C)C1,0.45012853,-6.821,0.29843545,0
ZINC000661768913,C[C@H]1CCCN1C(=O)NCCc1ccoc1,0.575839,-7.603,0.4661575,0
ZINC000801971932,C[C@](O)(CO)CNC(=O)C(F)=C1CCCC1,0.45676896,-7.779,0.21199307,0
ZINC000806387346,Cn1ncc(C(=O)NCCNc2ccccn2)n1,0.41029158,-6.828,0.21879435,0
ZINC000934479572,C[C@@]1(C2CC2)COCCN1C/C=C/Cl,0.45582476,-6.493,0.34381902,0
ZINC001251955419,Cc1ncc(NC[C@H](C)O)cc1Br,0.53242,-6.214,0.5245528,0
ZINC000075465388,CCCCN(C)C(=O)N[C@@H]1CCSC1,0.3476561,-6.091,0.17133978,0
ZINC000082589950,COCCC(=O)N(C)C[C@@H](C)N,0.24570218,-4.88,0.095277414,0
ZINC000132524435,CC[C@H](C)c1csc(CC(=O)NC)n1,0.3461867,-6.272,0.14961177,0
ZINC000290225935,CO[C@H]1COC[C@@H]1N[C@H](C)c1ccsc1,0.57081175,-6.245,0.59738064,0
ZINC000301297348,CC[C@@H]1C[C@H]1Nc1nc2cc(F)ccc2o1,0.5615845,-7.873,0.4098506,0
ZINC000336763819,CNc1ccc(C(N)=O)c(OC(C)C)c1,0.6165987,-6.681,0.64275265,0
ZINC000353425227,C[C@H](C(=O)N[C@H]1CC[C@@H](C)C1)C(F)(F)F,0.43029952,-7.758,0.16174276,0
ZINC000528371935,C/C(Cl)=C/CN1CCNC(=O)CC1,0.50168306,-6.269,0.4579478,0
ZINC000710634991,CCOCC(=O)N1CCC(O)(C(C)C)CC1,0.37667394,-6.896,0.14513133,0
ZINC000796030784,O=S(=O)(NC1CC1)N1CCC[C@@H]2C[C@@H]21,0.3346134,-6.761,0.07584829,0
ZINC000798782981,CCCOC(=O)[C@@]1(C)CCC(=O)NC1,0.35347694,-6.346,0.1563598,0
ZINC000819805050,CC(=O)c1ccc(C(=O)NCC(=O)O)c(F)c1,0.46873754,-7.928,0.22021127,0
ZINC000885079142,C[C@@H]1CCC(=O)CN1C(=O)c1ccc(C#N)o1,0.5395451,-7.907,0.36265793,0
ZINC001168976031,CC[C@H](C)N[C@H]1CC[C@H](C[N+](=O)[O-])C1,0.45029086,-6.638,0.31778225,0
ZINC001524324213,COc1cnc(NC(=O)c2cncs2)nc1,0.47530642,-6.042,0.4292977,0
ZINC000004578981,CO[C@@H]1O[C@H](OC)[C@H](O)[C@@H]1O,0.39922124,-4.953,0.39179546,0
ZINC000069278755,CCOC[C@@H](O)CNCc1cc(F)ccc1F,0.45579135,-7.077,0.28303853,0
ZINC000131418005,COCCOCC(=O)Nc1cnccc1OC,0.3471452,-5.822,0.19829375,0
ZINC000177262496,C[C@@]1(COC(=O)C=C2CCC2)CCCO1,0.46461788,-7.14,0.2939734,0
ZINC000228417190,COC[C@@H](CCO)Nc1cncc(C(=O)O)n1,0.3478558,-6.085,0.17235915,0
ZINC000379403833,COCC(C)(C)C(=O)OC[C@H](C)O,0.34329382,-5.387,0.2358884,0
ZINC000570106798,C[C@@]1(NC(=O)N[C@H]2CCNC2)CCOC1,0.3289563,-6.234,0.11943049,0
ZINC000615066984,CCCC[C@@H](C)N(C)C(=O)[C@@H]1CCNC1=O,0.39868525,-7.023,0.1755305,0
ZINC000649694080,CC#CCN(C(C)C)C1COC1,0.4425546,-5.932,0.3758552,0
ZINC000672430958,CCCCS(=O)(=O)N[C@@H]1CCCC1(F)F,0.3162995,-6.577,0.058699243,0
ZINC000732806123,Cc1ncc(CONC(=O)C(C)(C)C)s1,0.42170596,-6.734,0.2511777,0
ZINC000789054622,CC(=NNc1ncccc1C)c1cc(C)nn1C,0.60309696,-8.301,0.44758692,0
ZINC000844202930,CSC[C@H]1CCCN1C(=O)[C@]1(F)CCNC1,0.389352,-6.369,0.22503388,0
ZINC000867100181,COc1cc(Cc2noc([C@H]3C[C@@H]3C)n2)ccn1,0.44894654,-8.135,0.15948677,0
ZINC000875957887,CC1=NO[C@H](CNC(=O)N[C@@H]2COC[C@@H]2O)C1,0.52373934,-7.089,0.41638976,0
ZINC000889692356,CCO[C@H]1C[C@@H]1C(=O)Nc1ccnn1C1CC1,0.36082637,-6.698,0.13432342,0
ZINC001174657035,Cc1cc(=Nc2ccc(C#N)c(C#N)c2)cc[nH]1,0.59089714,-9.243,0.3254872,0
ZINC001262163425,N#Cc1ccc(CNCC(F)(F)C(=O)O)cc1,0.5740084,-7.814,0.4405951,0
ZINC000042477947,O=C(N[C@H]1CCCCNC1=O)C1=COCCO1,0.39878187,-7.133,0.16428596,0
ZINC000072716869,c1cc(CN2CCOC3(CCCCC3)C2)on1,0.50694716,-7.951,0.29350987,0
ZINC000082280826,O=C(NCc1ccccc1O)[C@@H]1CCCNC1,0.48200917,-8.498,0.18724233,0
ZINC000096056673,O=C(c1ccco1)N1C[C@@H]2CCNC[C@@H]21,0.611424,-7.193,0.579273,0
ZINC000165363874,C[C@@H](N)[C@H](C)C(=O)NCCn1ccnc1,0.4388185,-6.385,0.32135916,0
ZINC000186681691,C[C@H](CNS(=O)(=O)C1CC1)c1nccs1,0.383442,-6.215,0.22933702,0
ZINC000197369698,CSc1nc2ncc(Cl)cc2[nH]1,0.51094174,-6.046,0.49947214,0
ZINC000222645088,COCCCCNC(=O)[C@@H]1CC[C@H](C(=O)O)O1,0.36701852,-6.701,0.14627765,0
ZINC000237157544,COCCC1(CNC(=O)CCN)CCC1,0.3741324,-6.002,0.23303962,0
ZINC000298860302,CCN(C(=O)c1cccc(C)n1)C(C)C,0.40935963,-7.043,0.19459622,0
ZINC000306407804,NS(=O)(=O)N1CCC2(CCC2)CC1,0.34898633,-6.976,0.08196771,0
ZINC000336094947,C[C@@H]1CCN(C(=O)c2cccc(CO)c2)[C@@H]1C,0.65971935,-8.046,0.5862613,0
ZINC000348516271,CO[C@H](C)CCN1C(=O)CN(C)C1=O,0.43084857,-5.865,0.35963216,0
ZINC000353180649,FC(F)[C@H]1CCCN1CCCCC(F)(F)F,0.3701304,-6.909,0.13081767,0
ZINC000641648883,Fc1c[nH]ccc1=N[C@@H]1CC[C@H]2C[C@H]2C1,0.6027351,-7.709,0.5084161,0
ZINC000817755163,COC(=O)C1(C(=O)OC[C@H](C)C2CCC2)CC1,0.44991648,-7.308,0.24738546,0
ZINC000837455154,Cc1cc(C(=O)O[C@H](C)C(=O)c2ccco2)n[nH]1,0.52621365,-7.003,0.43023193,0
ZINC000843778853,CCN(C[C@H]1CCOC1)C(=O)C1(F)CC1,0.2995459,-6.21,0.06366628,0
ZINC000853224888,C[C@H](OC(=O)C1(F)CCCCC1)c1nc[nH]n1,0.410575,-7.346,0.165503,0
ZINC000859400019,C[C@H](NS(=O)(=O)C1COC1)c1ccns1,0.35697785,-6.696,0.12690777,0
ZINC000886255026,Cc1ncc(C(=O)NC[C@@H](O)c2ccnn2C)[nH]1,0.3962003,-7.087,0.1639544,0
ZINC000898696887,C=C1CN(C(=O)[C@H](CC)Cc2ccccc2)C1,0.6220226,-7.729,0.54454374,0
ZINC000911967107,COCC1CN(C(=O)/C=C/c2ccco2)C1,0.47913042,-6.841,0.35380632,0
ZINC000935732863,CC1(CCNC(=O)C[C@@H]2CC=CCC2)CC1,0.5078805,-8.064,0.283611,0
ZINC001123499964,C=C[C@H](C(=O)NC[C@H]1C[C@@H]1C)c1ccccc1,0.5085577,-8.173,0.27362043,0
ZINC001162230892,CC(F)(F)CNc1cc2c(nn1)CNC2,0.461342,-7.256,0.27542445,0
ZINC001169295019,Cc1cc(N)n(Nc2ncccc2C)c(=O)c1,0.53774375,-8.459,0.30170205,0
ZINC001181587995,CCOc1ccc(C)cc1NC(=O)[C@H]1CCO1,0.46914893,-7.416,0.27425525,0
ZINC001224519260,C#C[C@H]1CCC[C@H]1OCCOCCOC,0.3349939,-6.074,0.1480245,0
ZINC001239481604,CCc1cncc(C2=CCOC2)c1,0.6270313,-7.371,0.5916842,0
ZINC001240123011,Cc1n[nH]c(C)c1-c1ccc(N)cn1,0.630784,-6.947,0.64319813,0
ZINC000063060475,O=C(O)C1=NC=N[C@H]1C(=O)Nc1ccccc1,0.44669726,-7.918,0.17759115,0
ZINC000083972363,Cn1ncnc1CN1CCO[C@@H](C(=O)O)C1,0.31897634,-6.189,0.104339436,0
ZINC000089920374,C[C@@H]1C[C@H]1C(=O)N(C1CC1)C1CCCC1,0.41556913,-6.889,0.22290692,0
ZINC000122108156,CCS(=O)(=O)Nc1cc(C(C)C)n[nH]1,0.38113287,-6.654,0.17912312,0
ZINC000125889843,C[C@H](Nc1ccc(C#N)nc1)c1ccncc1,0.4971306,-8.226,0.24547441,0
ZINC000186544463,C[C@@H](CO)CNC(=O)C[C@@H]1C=CCCC1,0.38719788,-7.288,0.12522489,0
ZINC000336014762,C[C@@H]1C[C@H](C)CCN(C(=O)C2(CCF)CC2)C1,0.4137017,-7.064,0.20101428,0
ZINC000379327413,CNC(=O)CSC[C@@H]1CC1(Cl)Cl,0.2893653,-5.515,0.11575362,0
ZINC000393767882,COCc1n[nH]c(=NCc2ccoc2C)s1,0.3604987,-6.516,0.1525956,0
ZINC000616644898,CCOC(=O)[C@H]1CN(S(C)(=O)=O)CCO1,0.31634593,-6.032,0.115451,0
ZINC000636856301,CC[C@H](C)C[C@@H](C)NC(=O)N[C@H]1CCC[C@@H]1O,0.5177186,-7.204,0.39250746,0
ZINC000744810362,Cc1noc(C)c1C=NN1CC(=O)NC1=O,0.40004984,-7.014,0.1791693,0
ZINC000746104298,O=C(Oc1ccccc1)C1CCC(=O)CC1,0.61394864,-8.197,0.4798953,0
ZINC000755819356,CCC[C@@H](C)C=NO[C@@H]1CCCCO1,0.41333425,-6.802,0.22752465,0
ZINC000781594561,COC[C@H](C)NN=Cc1ncccc1C,0.66991,-6.823,0.73359466,0
ZINC000802013718,OC[C@@]1(F)CCN(C[C@H]2CC2(Cl)Cl)C1,0.40360558,-6.551,0.23434772,0
ZINC000819309563,C[C@@H]1CCCN(C(=O)C(F)=C2CCC2)[C@H]1C,0.64592004,-8.183,0.5446832,0
ZINC000835337319,Cc1ncccc1/C=C\C(=O)O[C@H](C)C(F)F,0.43527165,-7.702,0.177414,0
ZINC000850176868,CO[C@H](C(=O)O[C@H]1C=CCCC1)C1CCC1,0.37570515,-6.825,0.15059364,0
ZINC000882535945,C#CC1(NC(=O)[C@H]2CCC(=O)NC2)CCCC1,0.5228813,-8.311,0.28764737,0
ZINC000902421935,Cn1ncc(COn2cccn2)n1,0.45346463,-5.571,0.43499762,0
ZINC000907873444,C[C@@H]1C[C@@H](C)N1C(=O)[C@@H]1OCCN(C)C1=O,0.34719038,-6.658,0.1114703,0
ZINC000908405467,COC(=O)CC(=O)N[C@H]1CCCN(O)C1=O,0.39947066,-7.136,0.16533852,0
ZINC001137396576,CN(Cc1c[nH]c2ncccc12)CC1CC1,0.6851755,-7.678,0.67494595,0
ZINC001158737352,C#C[C@](C)(CC)Nc1ncc2ncn(C)c2n1,0.40781638,-7.375,0.15702347,0
ZINC001225278118,C#CC[C@@H](CC)Oc1cccc(C)n1,0.43414935,-7.198,0.22758815,0
ZINC001240237351,COCCOc1cncc(-c2cncc(F)c2)c1,0.55236834,-7.373,0.44357574,0
ZINC001340250324,C[C@H]1CN(c2nnnn2C2CC2)C[C@H](C)S1,0.42273027,-7.185,0.20631948,0
ZINC000004343295,Cc1c(N)cnn1-c1ccc(C(=O)O)cc1,0.6445446,-7.741,0.58791023,0
ZINC000019167536,CN(N)C1CCCCC1,0.48194224,-5.572,0.49130517,0
ZINC000186960142,C[C@@H]1CCC[C@H]1CC(=O)N1CC(CO)C1,0.37024328,-7.05,0.116382524,0
ZINC000282266206,O=C(Nn1cn[nH]c1=O)[C@H]1CCCC(F)(F)C1,0.4274336,-8.213,0.10876249,0
ZINC000336509758,CC1(NC(=O)CC(F)(F)F)CCCCC1,0.3727159,-7.204,0.105270274,0
ZINC000385238012,CCOCC(=O)N1C[C@@H](N)C[C@H]1C,0.41278496,-5.846,0.32582507,0
ZINC000622033771,CNC(=O)C(=O)NCc1cc(OC)ccc1F,0.4693525,-7.467,0.26935637,0
ZINC000629390375,CCc1nc(CN[C@@H]2CCN[C@H]2CC)cs1,0.5539091,-6.824,0.50370353,0
ZINC000668159569,CC[C@@H](Nc1ncncc1Cl)C(=O)O,0.306294,-6.162,0.08202385,0
ZINC000809108889,CO[C@H](C)CC(=O)O[C@H]1C[C@@H](OC)C1,0.30312783,-5.716,0.12211944,0
ZINC001215572831,Oc1cc(F)c(Nc2cnccc2F)cc1F,0.6328547,-7.839,0.5545652,0
ZINC001222731321,CC(=O)[C@H](C)OCc1ccon1,0.34756473,-5.825,0.19881293,0
ZINC001227039961,Clc1ncnc(OC[C@@H]2CCO2)c1Cl,0.43477058,-6.28,0.32425672,0
ZINC001252591499,C=CCC[C@@H](O)CNc1cnc(Cl)cc1O,0.4216526,-6.526,0.2726963,0
ZINC000001723551,COc1ccc2c(c1)ncc1c2CCCC1=O,0.5422516,-8.456,0.31094354,0
ZINC000017993173,CC(=O)C(=N\O)/C(C)=N/O,0.32664007,-5.629,0.17773983,0
ZINC000019414224,CCC(CC)[C@H](N)c1ccccc1,0.49163586,-7.138,0.34770146,0
ZINC000048433877,Cc1cc(C(=O)N[C@H](C)c2ccccn2)no1,0.57735795,-7.783,0.45045304,0
ZINC000048544886,O/C(CN1CCC[C@H](O)C1)=N\c1nncs1,0.38857907,-6.439,0.21622539,0
ZINC000049686930,Cc1cc(CNCc2nncn2C)c(C)s1,0.4790602,-7.003,0.33682522,0
ZINC000053308209,CC[C@H](C)C(=O)N[C@H](C)c1ccc(C)s1,0.69217974,-7.733,0.6831027,0
ZINC000065907333,CCN(Cc1cnn(C)c1)C(=O)CSC,0.44338542,-5.505,0.42189318,0
ZINC000080992949,O=C(NCc1ccco1)[C@@H]1CCCCCN1,0.40860984,-7.542,0.14123341,0
ZINC000192088200,CCN(Cc1ncccn1)c1ccc(F)cc1,0.5199176,-7.218,0.39540806,0
ZINC000274338109,CC1(CNC(=O)Nc2cncnc2)OCCO1,0.41290736,-6.93,0.21337177,0
ZINC000292709319,CCn1nc(C)c(C(=O)N2CCCCC2)n1,0.40958533,-6.998,0.19972163,0
ZINC000305131169,CC[C@H](CCO)NC(=O)[C@H](C)SC,0.40474772,-5.202,0.37685615,0
ZINC000334596465,C[C@H]1[C@@H](N)CCN1C(=O)NCc1cccs1,0.45631537,-7.151,0.27638325,0
ZINC000343587395,CO[C@@H](C(=O)NCc1occc1C)C1CC1,0.4980591,-7.113,0.36302438,0
ZINC000399312190,COCC[C@H](CO)NC(=O)[C@]1(C)C[C@H]1F,0.3853631,-6.184,0.23636538,0
ZINC000530609121,CCc1ocnc1C(=O)N1CCC1(C)C,0.41434896,-6.963,0.21279663,0
ZINC000572497352,Cc1ccc(F)cc1-c1nc([C@H]2C[C@H]2C)no1,0.6080236,-8.851,0.4001665,0
ZINC000740638723,CC[C@H](C)NC(=S)N1C[C@H](C)C[C@@H]1C,0.41787204,-6.671,0.25013274,0
ZINC000798027400,C#CC(=O)N[C@H]1C[C@H](c2cccc(F)c2)C1,0.7074617,-8.443,0.6395613,0
ZINC000844088632,CCCONC(=O)C1(OC)CC1,0.2834093,-5.415,0.11435163,0
ZINC000878237760,CC[C@H]1CCC[C@]1(C)C(=O)NCCC(N)=O,0.7179781,-7.26,0.7833815,0
ZINC000885029332,C[C@@H]1C[C@@H](C)N(S(=O)(=O)c2ccns2)C1,0.5535187,-7.325,0.45084468,0
ZINC000902943762,CC1(C)C[C@H](CNC(=O)OC2COC2)CCO1,0.40542012,-7.127,0.17805952,0
ZINC001118167869,Cc1nc(C)c(C(=O)N2CCC3(CCN3)CC2)o1,0.6219592,-7.978,0.5185313,0
ZINC001175940650,Cc1ccnc(C#N)c1Nc1cscn1,0.42590356,-6.857,0.24670535,0
ZINC001226654013,CC[C@@H]1OC(C)=C(Oc2ccnc(N)c2)C1=O,0.40364864,-7.321,0.15438157,0
ZINC001252669324,CC(C)OC[C@@H](O)CNc1sccc1C#N,0.55363405,-6.641,0.5221838,0
ZINC000070226770,CCCCN(C)S(=O)(=O)N(C)OC,0.30070302,-5.726,0.11627645,0
ZINC000074835324,COC(=O)N1CCO[C@@H](C)[C@@H]1C,0.2952752,-5.702,0.108019605,0
ZINC000085144845,C[C@H](CCO)SCCN1C(=O)CCC1=O,0.34745416,-6.225,0.15700877,0
ZINC000085684359,O=C(C[C@H]1C=CCC1)NCC1(O)CCCCC1,0.5028395,-8.17,0.2626052,0
ZINC000117548644,CCC(=O)CCSc1ccc(OC)cc1,0.3832373,-6.719,0.17653424,0
ZINC000157004437,NCCCC(=O)NCC(=O)N1CCCC1,0.32485288,-6.292,0.10527216,0
ZINC000162669375,CCCCCCCc1nc(CC(=O)NC)no1,0.35565132,-6.875,0.10567066,0
ZINC000234671767,COCC[C@@H](C)Sc1nccnc1N,0.39259785,-5.577,0.31380224,0
ZINC000267150056,CNC(=O)N1CCN(C(=O)C2CC=CC2)CC1,0.40909973,-7.473,0.1493773,0
ZINC000269864989,CC(=O)c1c(C)oc2ncnc(NCCO)c21,0.5026881,-7.016,0.38227847,0
ZINC000294202712,Cc1sccc1C(=O)NCCCn1cccn1,0.5294942,-7.143,0.42217568,0
ZINC000307288178,CC(C)C(=O)Cn1cc(C#N)cn1,0.34962872,-6.023,0.18231685,0
ZINC000308577892,C[C@@H](NCC[C@H](C)O)[C@H]1CCCOC1,0.39765167,-6.609,0.21652372,0
ZINC000443654064,CC1=CCC[C@H](C)[C@H]1CN1CCC(F)(F)C1,0.482299,-8.112,0.22794615,0
ZINC000529511043,C=C[C@H](C)ONC(=O)c1ccnc(NC(C)=O)c1,0.45907182,-7.893,0.20470303,0
ZINC000613514499,Cn1ccc(CCNC(=O)c2ncc[nH]2)n1,0.37845647,-6.505,0.18931189,0
ZINC000746219881,COC[C@](C)(C#N)NC(=O)c1nc[nH]n1,0.3264011,-6.041,0.13443378,0
ZINC000748287466,C=CCCCC(=O)Nc1ccn(C)n1,0.3773594,-6.717,0.16509852,0
ZINC000797948898,C[C@H](CC#N)OC(=O)C[C@@H]1CCC(F)(F)C1,0.5139477,-7.436,0.36091828,0
ZINC000840603338,C#CCCCOC(=O)CCc1scnc1C,0.41447267,-6.957,0.21366547,0
ZINC000851998105,C[C@H]1[C@@H](C(F)(F)F)CCN1CCOC(F)F,0.4527487,-6.39,0.34843376,0
ZINC000856337106,CC1(C)CC(NC(=O)C=C2CCC2)C1,0.48268333,-8.092,0.23078671,0
ZINC000859343108,CCCOC(=O)N[C@@H]1C[C@H]1c1ccsc1,0.53046304,-6.469,0.49416578,0
ZINC000903032094,C[C@H](CC(N)=O)NCC1(C#N)CCC1,0.41219693,-6.241,0.28359488,0
ZINC001164021090,CCc1cccc(N[C@H]2C=CS(=O)(=O)C2)n1,0.5401858,-7.788,0.37629867,0
ZINC001172000653,N#CCN[C@@H]1CCN(C2CC2)C(=O)C1,0.4260961,-6.193,0.31611815,0
ZINC001173290074,CCSC[C@@H](C)n1cc(CN)cn1,0.5361502,-5.694,0.5860028,0
ZINC001195139344,CC[C@@H](C)OC(=O)NC1(CO)CC1,0.47073644,-5.791,0.44633967,0
ZINC001252364480,O=S(=O)(N[C@H]1CC[C@@H](F)CC1)C(F)(F)F,0.34884137,-7.504,0.026788142,0
ZINC001449959525,O=C(Nn1ccnn1)c1nccc2ccccc21,0.6846423,-7.721,0.6694194,0
ZINC000003651016,O=C(O)c1ccc(-c2ccccn2)nc1,0.43253276,-7.469,0.19621184,0
ZINC000044443982,CCS(=O)(=O)N[C@H](C)Cc1ccco1,0.5202224,-6.288,0.4926974,0
ZINC000295069269,C[C@H]1OCC[C@H]1NCc1cc(C2CC2)ccc1F,0.6248352,-8.773,0.44157788,0
ZINC000306339134,C#C[C@@H](C)N(C)c1ncncc1Cl,0.462919,-6.406,0.36691684,0
ZINC000384421030,CC(C)c1nc(=NC[C@@H](C)CCCO)s[nH]1,0.50025904,-6.945,0.3848481,0
ZINC000619574465,CSCC(=O)N1CC[C@H](N2CCC2)[C@@H](F)C1,0.36358574,-6.323,0.17877555,0
ZINC000637937516,N[C@H]1CC=C(C(=O)NCCOC2CCCC2)C1,0.4986706,-7.65,0.30840763,0
ZINC000655373329,C[C@@H](O)CN(C(=O)C1CC=CC1)C1CC1,0.36657336,-6.791,0.13603917,0
ZINC000674465917,COC[C@@H]1CCCN1CC1(C)COC1,0.33455142,-6.154,0.13883099,0
ZINC000751128194,Cc1cc(C)nc(NN=Cc2cnnn2C)n1,0.5277736,-7.034,0.4300992,0
ZINC000774432216,CC1=CCC[C@H](C)[C@H]1C=NOC1CCOCC1,0.5209391,-7.939,0.3224743,0
ZINC000779805808,COc1ccc(C)cc1C=NNC1=NC[C@H](C)N1,0.7148841,-7.587,0.7432567,0
ZINC000839625164,C#CCCN1CCO[C@H](C2CCC2)C1,0.50788015,-7.227,0.3706272,0
ZINC000858405289,Fc1nccnc1NCc1nncn1C1CC1,0.40309152,-6.691,0.21877459,0
ZINC000891038802,C#CCO[C@H](C)C(=O)N[C@H]1COC[C@@H]1C1CC1,0.42931068,-7.419,0.19502738,0
ZINC000899919792,C/C(Cl)=C\C(=O)NCC1CCCCC1,0.47638735,-7.131,0.31822333,0
ZINC001144172133,CC(C)C[C@@H](O)C(=O)N1CC[C@@H]1C,0.55080676,-6.275,0.5546336,0
ZINC001167872999,CCCOCCNc1ccc(OC)nc1C,0.35666868,-6.275,0.17006373,0
ZINC001204612434,CC[C@@H](C)OC[C@@H]1CCO[C@@H]1C,0.35845244,-5.879,0.21476652,0
ZINC001285026576,CC[C@@H](CNC(C)=O)NC(=O)C1CCCC1,0.41538623,-7.152,0.19520241,0
ZINC000032628641,CNC(=O)n1ccnc1,0.339609,-4.535,0.31716552,0
ZINC000049804903,CC(C)CNC(=O)[C@@H](C)CC#N,0.34805885,-6.003,0.18128636,0
ZINC000057489024,Cc1cccc(CN(C)C(=O)CO)c1,0.50415856,-6.934,0.39371622,0
ZINC000075801797,O=C(NC1CCCC1)N(CCO)C1CC1,0.34527826,-6.61,0.11267279,0
ZINC000144741206,CN(C(=O)C(C)(C)O)c1ccccc1,0.45752463,-7.241,0.26942205,0
ZINC000220391632,CCN1CC[S@@](=O)[C@H](C)C1,0.39024943,-5.287,0.33929953,0
ZINC000230018713,CC[C@@H](O)CNC(=O)C1CCCC1,0.3621163,-6.661,0.14072528,0
ZINC000230720856,Cc1c(CNC(=O)c2cnn(C)c2N)cnn1C,0.5713488,-7.677,0.44956958,0
ZINC000274688716,CCc1c(NC(C)=O)onc1C(F)(F)F,0.4704623,-7.03,0.31698653,0
ZINC000274881576,C[C@H](C1CC1)n1nccc1NC(=O)CC#N,0.44202027,-6.848,0.27956674,0
ZINC000338622508,O=C1NCCC[C@H]1N1CC[C@](F)(CO)C1,0.39682195,-6.956,0.17880493,0
ZINC000401805500,Cc1nc(Cl)ccc1N[C@H]1CO[C@@H](C)C1,0.506478,-7.249,0.3655625,0
ZINC000563823670,COC1CN(C(=O)[C@@H]2CCCS2(=O)=O)C1,0.31878293,-6.128,0.11029805,0
ZINC000607039304,CCOCCO[C@@H](C)C(=O)N1CCC1(C)C,0.39150828,-6.113,0.25591978,0
ZINC000635414288,CCc1cnc(CC(=O)NCC(C)(C)C)[nH]1,0.40262702,-6.923,0.19373505,0
ZINC000648264504,O=C([C@H]1CC1(F)F)N1CCC[C@H]1C1CC1,0.55494833,-6.826,0.50555414,0
ZINC000660947022,C=CCCNC(=O)NC[C@@H](C)S(C)(=O)=O,0.40170464,-6.224,0.26457796,0
ZINC000776595833,CC[C@@H]1CN(CC(=O)OCC(C)C)C[C@H]1O,0.4948347,-6.612,0.40872258,0
ZINC000800725498,C#CCN(C)c1nnc(C2CC2)n1C,0.4218063,-6.448,0.28110987,0
ZINC000851795804,CN(CCOC(F)F)Cc1nccs1,0.43557474,-5.298,0.42794123,0
ZINC000853706420,Cn1ccc(=O)n1CCSC(C)(C)C,0.35197634,-6.145,0.1742838,0
ZINC000887975061,CC(C)=CC(=O)N(C)Cc1cc(C#N)cs1,0.40753597,-6.55,0.24223742,0
ZINC001239508475,O=S(=O)(O)c1ccccc1-c1ccsc1,0.4501524,-7.525,0.22529283,0
ZINC000004347036,C#CCSc1nn2c(nnc(C)c2=O)s1,0.45703512,-7.151,0.27780905,0
ZINC000013266753,c1cnc2c(c1)NC[C@@H]1CCCN21,0.5435528,-6.743,0.49160957,0
ZINC000037207850,CCCc1nnc(S)n1CC(=O)N(C)C,0.370558,-6.224,0.20287932,0
ZINC000114860787,C=CCSc1nnc2nc(O)c(C)nn21,0.48915902,-7.004,0.3567261,0
ZINC000123548329,O=C(O)CNC(=O)/C=C/C1CC1,0.44439682,-6.255,0.3459245,0
ZINC000200527208,COC(=O)CC(=O)NCCN,0.24645959,-4.6,0.12588738,0
ZINC000231198455,Clc1ccc(OC[C@@H]2CCCOC2)cc1,0.46614447,-7.541,0.2553083,0
ZINC000354447172,CCc1cc(C(=O)NC(C)(C)CF)n[nH]1,0.4651749,-6.935,0.3163892,0
ZINC000413263584,FC1(F)CC(Nc2cc(NC3CC3)ncn2)C1,0.45730096,-7.133,0.28020698,0
ZINC000449427049,COC(=O)c1occc1CN1CC[C@@H]1C1CC1,0.59289676,-6.83,0.5803107,0
ZINC000601590444,Cc1ccc(CNC(=O)NCCCC#N)o1,0.45347333,-6.84,0.30308592,0
ZINC000601703923,N#CCCCCC(=O)N[C@H]1CCCC12CC2,0.4081755,-7.765,0.11718934,0
ZINC000633273437,Cc1nocc1CNC(=O)CCc1cccnc1,0.5166374,-8.508,0.25479802,0
ZINC000673746356,CCO[C@H]1C[C@@H]1C(=O)N1CC[C@@H](O)C1,0.38789588,-6.131,0.24689265,0
ZINC000772397122,CC(C)c1ccc(C(=O)OCC#N)cn1,0.6398079,-7.3,0.6243748,0
ZINC000843285666,C[C@H]1C(=O)N(C)CN1C(=S)NCCN(C)C,0.48434198,-5.881,0.46393436,0
ZINC000877514670,C#C[C@@H](C)NCc1cc2ccccc2n1C,0.65342176,-8.152,0.5627663,0
ZINC000901282608,CCNN=Cc1cncc(OC)c1,0.41077897,-5.463,0.36166918,0
ZINC000923101270,O=C(O)c1coc(CNC(=O)[C@]23C[C@H]2CCC3)c1,0.4479139,-8.45,0.1246929,0
ZINC001214607981,N#Cc1cnoc1Nc1cccc(F)c1CO,0.46644118,-7.735,0.23572727,0
ZINC001225575296,O=[N+]([O-])c1ccc(F)cc1OC[C@H]1CCO1,0.43608662,-6.786,0.27425843,0
ZINC001242587812,Fc1ccnc(F)c1-c1cccc2c1OCO2,0.54424095,-8.637,0.296067,0
ZINC000039118168,Nc1ncsn1,0.17232051,-3.484,0.09504722,0
ZINC000061171079,CCOC(=O)CCN(Cc1ccccn1)C1CC1,0.4385397,-6.453,0.31373742,0
ZINC000128662160,COCC(=O)N1CCC[C@@H]1C(C)(C)O,0.3167952,-6.201,0.09877123,0
ZINC000133352343,C[C@@]1(C(=O)NCCc2ccccn2)CCCO1,0.42605677,-7.778,0.15125899,0
ZINC000175811979,C/C=C(\C)C(=O)NCc1ccccc1Cl,0.4997764,-7.901,0.28450343,0
ZINC000334731832,O=C(NC[C@H]1CC=CCC1)[C@@]1(O)CCOC1,0.6131813,-7.658,0.53441125,0
ZINC000353505308,COC(=O)c1coc(C(=O)NCc2cnc[nH]2)c1,0.49520892,-7.077,0.3611211,0
ZINC000355039334,Cn1cnc(C(=O)Nc2cccc([N+](=O)[O-])c2)n1,0.47241205,-7.898,0.23060901,0
ZINC000388254525,CC[C@H]1CCC[C@H](N[C@@H](C)CF)C1,0.5922558,-6.868,0.5750904,0
ZINC000533121544,COCCCN(C)C(=O)Cc1ccc(C)o1,0.4780596,-6.186,0.4197808,0
ZINC000606889223,C=CCCOCC(=O)N=c1cc(CC)o[nH]1,0.38689852,-6.154,0.24252579,0
ZINC000615626393,CCC[C@H](OC)C(=O)NCCn1cnnc1,0.36147606,-6.319,0.17501235,0
ZINC000649431899,COCCc1cccc(-c2nccs2)c1,0.5247254,-7.48,0.37769344,0
ZINC000654589372,C[C@@H]1C[C@H]1C(=O)NCCOCC1CCCC1,0.42402008,-6.935,0.23486525,0
ZINC000720862749,N[C@@H]1CN([C@H]2CCNC2=O)C[C@H]1C(F)(F)F,0.47446933,-7.131,0.3144239,0
ZINC000729368278,CCN(C(=O)C(F)(F)F)[C@@H]1CCCC[C@@H]1C,0.40560827,-7.424,0.1475552,0
ZINC000733493954,C[C@H](OC(=O)C1(C(N)=O)CC1)c1cccnc1,0.37946588,-7.553,0.08235834,0
ZINC000779450934,Cc1ccnc(NC(=O)NOC2CCCCC2)c1,0.5987128,-8.293,0.43973407,0
ZINC000839110197,CN1CCN(C(=O)Nc2cnsn2)CC1,0.505985,-6.28,0.46532598,0
ZINC000851463382,CC1CC(COC(=O)[C@H]2CCO[C@@H](C)C2)C1,0.42593598,-7.648,0.16453488,0
ZINC000900589732,C[C@H](NC(=O)CCF)[C@H](C)N1CCOCC1,0.5138908,-6.296,0.4793233,0
ZINC000913647820,COC(=O)CC(=O)N1CCC(CCF)CC1,0.31200743,-6.31,0.07795514,0
ZINC000933614515,CCC[C@H](O)C(=O)N(C)C1CCC1,0.5334657,-5.762,0.57361555,0
ZINC001205018907,CC(C)=CCOC[C@H]1CCC=CO1,0.4403217,-6.776,0.28368735,0
ZINC001536751074,O=C(Nc1cccc2[nH]ccc21)c1cccnn1,0.68254936,-8.6,0.57389,0
ZINC000092526277,C[C@H]1OCC[C@H]1C(=O)NNc1cccc(F)c1,0.63215965,-8.579,0.47625577,0
ZINC000123206716,C[C@@H](CO)[C@@H](C)NCc1c(O)cccc1Cl,0.47005445,-6.855,0.33437216,0
ZINC000163425717,Cc1cc(NC(=O)c2ccc[nH]2)c(C(=O)O)[nH]1,0.5035217,-7.195,0.36532035,0
ZINC000227385089,CO[C@H](CN)C(=O)N1CCSC[C@H]1C,0.31736308,-5.602,0.16216992,0
ZINC000282827326,Cc1csc(CN[C@H](C)C(=O)NCCF)n1,0.48888373,-5.964,0.4643022,0
ZINC000308182448,CC(C)CN[C@@H]1CCC[C@H](CO)C1,0.41757876,-6.437,0.27387908,0
ZINC000336774366,C[C@@H](NC[C@H](CO)C1CC1)c1cncs1,0.3823525,-6.436,0.204203,0
ZINC000388389849,COCCSC[C@@H]1CCOCO1,0.29041937,-4.906,0.1811551,0
ZINC000449634892,C[C@@H](O)CN(Cc1ccncc1F)CC(F)F,0.45870677,-6.638,0.3344534,0
ZINC000454271431,CC(=O)NCCNC(=O)C1(C2CCC2)CCC1,0.50776666,-7.344,0.35823876,0
ZINC000494453988,N#Cc1cc(C(=O)NCCOC(=N)O)c[nH]1,0.4179204,-6.379,0.2805857,0
ZINC000616099759,C=CCC[C@@H](CO)NC(=O)[C@H]1CC(=O)N1,0.4684083,-6.317,0.3870433,0
ZINC000627931519,C/C=C\CNC(=O)C(=O)Nc1ccccc1CC,0.53227895,-8.148,0.3232092,0
ZINC000717221627,C[C@@H]1C[C@@H]1[C@@H]1C[C@@H]1C(=O)NCc1cnc[nH]1,0.5539312,-7.405,0.44334477,0
ZINC000721271751,N#Cc1cc([N+](=O)[O-])cnc1N[C@H]1CC12CCC2,0.66713405,-8.381,0.5661216,0
ZINC000814832339,C(=NNC1CCCC1)c1ccc2oncc2c1,0.66147685,-8.588,0.5333949,0
ZINC000851875261,O=C1CC[C@@H](CN2CC[C@@H](C(F)(F)F)C2)O1,0.5162762,-7.284,0.3813331,0
ZINC000877072325,Cn1ncnc1CNC[C@](C)(O)c1ccco1,0.5146215,-6.838,0.4244228,0
ZINC000891080468,CC(C)CC(=O)N[C@@H]1COC[C@@H]1C1CC1,0.38256118,-7.114,0.13412952,0
ZINC000930245413,C[C@H]1CCN(CCc2ccns2)C[C@@H]1F,0.5089064,-7.072,0.3887744,0
ZINC000934461837,C=CC[C@@H]1CCN1CC[C@@H]1CCCC1(F)F,0.57646835,-7.781,0.44889882,0
ZINC001170958109,C[C@@H]1CC(=O)NN1CCC(F)(F)F,0.29684752,-6.451,0.03326598,0
ZINC001177864711,CC(C)[C@@H](C)NC(=O)Cc1ccc[nH]1,0.41037333,-7.002,0.20086676,0
ZINC001178512444,C/C=C(C)/C=C/C(=O)NCc1cn[nH]c1,0.47034916,-7.68,0.24918658,0
ZINC001223340113,Cc1cccnc1CO[C@@H]1COC(=O)C1,0.37061208,-6.928,0.1297966,0
ZINC001312395136,O=C(NCCc1cnccn1)N1CC[C@@H]1C1CC1,0.49898663,-7.38,0.33710364,0
ZINC000004887022,CN1[C@@H]2CC[C@H]1[C@@H](C(=O)O)CC2,0.36880815,-6.177,0.20429929,0
ZINC000213495611,C[C@@H](Nc1ccc2c(c1)CC(=O)N2)C(=O)O,0.46150953,-7.739,0.22554225,0
ZINC000227771004,CCC1(CN[C@@H](C(=O)OC)C2CC2)CC1,0.5423633,-5.679,0.5998698,0
ZINC000285665480,CC[C@H](C)c1nc(-c2cnnn2C)cs1,0.41999286,-6.849,0.23582847,0
ZINC000308004113,CON=CC(=O)N1CCSCC1,0.39367753,-5.178,0.3574222,0
ZINC000348216870,CC(C)OCCNC(=O)[C@@H](C)c1ccsc1,0.35719216,-6.752,0.12151041,0
ZINC000403734891,CSCCCNC[C@@H]1CC[C@@H]2C[C@@H]2C1,0.43187878,-6.315,0.3148896,0
ZINC000451687085,CCC1(NS(=O)(=O)CCCCF)CC1,0.28561294,-5.71,0.08804777,0
ZINC000516383944,Cc1ccc(CCNC(=O)COC(C)C)o1,0.36957008,-6.598,0.1620402,0
ZINC000575455711,Cn1nnnc1-c1cccc(Br)n1,0.43344113,-7.131,0.23315072,0
ZINC000600404348,COC(=O)COCCNC(=O)c1ccon1,0.29758438,-5.575,0.12579714,0
ZINC000735397941,C[C@@H](OC(=O)COC1CCOCC1)C1CC1,0.3569606,-6.868,0.10899195,0
ZINC000814961817,C[C@H](O)CNN=C1COCc2ccccc21,0.55731606,-7.723,0.41698968,0
ZINC000827547183,CC[C@H](NC(=O)O)C(=O)OCc1ccoc1,0.32291847,-6.337,0.09676194,0
ZINC000833967063,N#CCCCNC(=O)[C@]1(F)CCN(C(=O)O)C1,0.38014063,-7.087,0.13214166,0
ZINC000869282385,C=CCCONC(=O)c1cncc(OC)c1C,0.37504572,-6.949,0.13639599,0
ZINC000979552731,CCC(=O)N1C[C@@H]2CC[C@H](NC(C)=O)[C@H]2C1,0.49697867,-7.072,0.36514667,0
ZINC001520443696,C[C@H](O)C1CN(C(=O)c2cccc3[nH]ncc32)C1,0.5206794,-8.76,0.23660633,0
ZINC001601740873,O=C(O)C1=NO[C@@H](CSc2ccccn2)C1,0.39467356,-7.196,0.14959812,0
ZINC000040229412,CC[C@@H]1CCCN(CCOCCO)C1,0.4000599,-6.141,0.26994887,0
ZINC000071790056,C=Cc1cccc(C(F)(F)F)c1F,0.37816644,-7.482,0.087165624,0
ZINC000154897480,CC#CCCOc1cccc(C)c1[N+](=O)[O-],0.54426855,-7.901,0.37263834,0
ZINC000191461549,CCc1nc(CNC(=O)C[C@@H](C)CC)cs1,0.48710364,-7.055,0.34735247,0
ZINC000219381874,CC(C)C[C@H](O)CNC[C@@H]1CCC=CO1,0.45165607,-6.526,0.33213043,0
ZINC000307986244,CCCCOCC(=O)OCC#N,0.29106495,-5.301,0.14136855,0
ZINC000308312250,C#CCN(C(=O)/C(C)=C\C)C1CC1,0.32708058,-6.002,0.13983428,0
ZINC000396511420,Cc1occc1CN[C@H]1COC(C)(C)C1,0.5007208,-7.182,0.36112356,0
ZINC000580073394,CC(C)OCCN1CC[C@H](C)[C@@H](C(=O)O)C1,0.4586579,-7.175,0.27852848,0
ZINC000756411789,CC(C)CCNC(=O)C(F)(F)c1nccs1,0.3853914,-7.259,0.12466138,0
ZINC000796541143,CN(C)C(=O)CN1CCC(F)(F)CC1,0.47862038,-6.222,0.417149,0
ZINC000864078769,CS/C=C/C(=O)N(C)[C@@H]1CCC[C@@H]1C#N,0.4273631,-6.552,0.28130525,0
ZINC000888675878,C[C@@H](CNC(=O)Nc1ncccn1)C1CC1,0.36706817,-6.656,0.15105431,0
ZINC001180283909,O=C(CCC(F)=C(F)F)N[C@H]1CC12CCC2,0.47097936,-7.974,0.21986985,0
ZINC001521444389,O=C(Cn1ncnn1)NC1CC=CC1,0.32666278,-6.411,0.09648581,0
ZINC000084148531,C/C=C/C(=O)N(C)[C@@H]1CCCC[C@H]1C,0.42064232,-7.12,0.20894101,0
ZINC000085486010,Cc1cc(N2CCC(C)(C)C2)nc(N)n1,0.45670164,-7.375,0.2538607,0
ZINC000137719837,COC(=O)C[C@@H]1CCCN1C(=O)OC,0.34509447,-5.669,0.21013778,0
ZINC000187196359,CNS(=O)(=O)CCN[C@H](C)c1ccco1,0.38365874,-6.276,0.2234246,0
ZINC000192392351,CC(C)CNC(=O)c1ccoc1Cl,0.45340455,-6.835,0.30346948,0
ZINC000349603446,CCc1nc(C(CC)CC)no1,0.36414734,-6.25,0.18747735,0
ZINC000423978377,C[C@@H]1CC[C@@H](CC(=O)N2CC[C@H](N)[C@@H]2C)C1,0.54537094,-7.656,0.40029305,0
ZINC000424766298,COC[C@H](CNC(=O)[C@H]1CCC[C@H](F)C1)OC,0.46983203,-6.945,0.3245749,0
ZINC000459422579,C(CN1CC[C@@H]2CCC[C@H]21)OCC1CCCC1,0.61355287,-7.786,0.5218401,0
ZINC000603384393,Cc1ccc(CN(c2cc(C)ncn2)C2CC2)o1,0.4719989,-7.399,0.28166813,0
ZINC000626348923,Cc1cocc1C(=O)NCCCCC(N)=O,0.5377669,-6.866,0.46736073,0
ZINC000643202108,CCC[C@@H]1C[C@H]1C(=O)NCc1cocn1,0.3982423,-6.846,0.19305447,0
ZINC000660141635,Cc1nocc1CN(C)Cc1ncc[nH]1,0.51140624,-5.981,0.50714993,0
ZINC000674081337,O=C(CCC1CCC1)Nc1cn[nH]c1,0.5180458,-6.83,0.43203774,0
ZINC000720871144,NC[C@@H]1CN(C/C=C\Cl)C[C@@H]1C(F)(F)F,0.44703776,-6.171,0.3598888,0
ZINC000733462174,CO[C@H](C)C(=O)OCc1nnnn1C,0.29502898,-5.342,0.14495847,0
ZINC000740423794,C=C(Cl)CN1CCO[C@H](C(F)(F)F)C1,0.31786335,-6.216,0.09932771,0
ZINC000797188046,CS[C@@H](C)[C@H](C)OC(=O)c1ccc(C)o1,0.45329717,-6.493,0.33881208,0
ZINC000846231895,O=C(c1ccc2ccncc2c1)N1CC2(CC2)C1,0.5911652,-9.55,0.2941015,0
ZINC000866157025,O=C(Nc1ccccn1)N1CC[C@@H](O)[C@@H](O)C1,0.50994384,-7.974,0.29705495,0
ZINC001123755723,C=C[C@@H](C)NC(=O)[C@@H]1[C@@H](C)C1(F)F,0.33205533,-6.855,0.061008412,0
ZINC001194756547,CC[C@H](C)COC(=O)NCc1cn(C)cn1,0.35466447,-6.623,0.12991448,0
ZINC001215366550,Cc1nccc(Nc2ccc(F)c3[nH]ncc32)n1,0.56346434,-8.281,0.3711576,0
ZINC001338054406,Oc1ncc(NCC[C@@H]2CC2(F)F)c(O)n1,0.43852007,-7.539,0.20079477,0
ZINC000065593908,CCc1noc(CSc2ccc(C)cc2)n1,0.52020437,-7.77,0.33858854,0
ZINC000091139613,CCC[C@H](NC(=O)c1cc[nH]n1)C(=O)OC,0.3390302,-6.364,0.12587084,0
ZINC000111862448,CCc1nnc(COc2ccccc2OC)o1,0.49241492,-7.125,0.35059625,0
ZINC000131398649,COc1ccncc1NC(=O)Cn1cnnn1,0.39163688,-6.664,0.19889095,0
ZINC000218710884,COC(C)(C)C(=O)N[C@H](C#N)C1CC1,0.5596254,-6.466,0.5522457,0
ZINC000272014585,COc1ccc(CN2CC[C@H](O)C2)nc1,0.5311284,-6.772,0.463983,0
ZINC000281496395,CC(C)=CCNC(=O)[C@H]1CC[C@H](C(N)=O)O1,0.41357058,-7.647,0.14014411,0
ZINC000307756889,CC(C)[C@H]1CCCN1CC1(F)CC1,0.37212178,-6.489,0.17842683,0
ZINC000308780236,CNC(=O)CSc1cccc(Cl)c1C#N,0.57681936,-7.406,0.48858017,0
ZINC000353033193,CC/C=C\CCN1CC[C@H](COC(F)F)C1,0.50850797,-6.868,0.40919358,0
ZINC000368505229,CC(C)[C@H](C)CNC(=O)[C@@H]1C[C@H]1c1cnn(C)c1,0.5392736,-8.121,0.33987206,0
ZINC000624258718,Cc1nc([C@@H](C)NCc2cccnc2O)cs1,0.5388792,-7.784,0.3741263,0
ZINC000628813992,Cc1cncn1CC(=O)N(C1CC1)C1CC1,0.33538112,-6.365,0.11853836,0
ZINC000718901960,CC(=O)CN1[C@@H]2CC[C@H]1CCN(C)C2,0.37665728,-6.423,0.1942728,0
ZINC000832738200,O=C(O)NCc1nnnn1CC1CCCC1,0.34254542,-7.266,0.039059613,0
ZINC000870702940,CO[C@@H]1CC[C@H](C)N(C(=O)CNC(C)=O)C1,0.32619104,-6.586,0.07735782,0
ZINC001155988180,Nc1ccccc1CNc1ccc(Cl)c(N)n1,0.59845513,-8.54,0.4135447,0
ZINC001259612913,O=S(=O)(CC1CCCCC1)Nc1ccon1,0.4494696,-7.638,0.21219249,0
ZINC001332558187,CC1CN(C(=O)c2nnn(C)n2)C1,0.4458238,-6.303,0.34376097,0
ZINC001587046599,COCCNC(=O)c1cc(F)cc2ccncc21,0.57562286,-7.777,0.44763982,0
ZINC001605186888,Cc1cc(F)ncc1CN[C@@H](C)C(=O)O,0.36993933,-6.742,0.14780098,0
ZINC000000189067,COc1ccc2c(c1)/C(=N/NC(=N)N)C(=O)N2,0.44938362,-7.24,0.2533994,0
ZINC000066958688,CCN(C)CCNC(=O)CCn1cccn1,0.40615642,-6.082,0.28815928,0
ZINC000075954702,C=CCCN1CCOc2ccc(OC)cc21,0.49596906,-6.941,0.37676582,0
ZINC000120146750,O=C(Cn1cnnn1)N[C@H]1CCCc2occc21,0.46738195,-7.611,0.25048223,0
ZINC000120477915,CCOCCOCC(=O)OCC1CCCC1,0.32227314,-6.184,0.11138989,0
ZINC000167265945,C[C@H]1C[C@H]1CNC(=O)c1cnccc1N,0.41371366,-6.709,0.23794474,0
ZINC000258138425,O=C(NCc1ccccc1Cl)NC1CNC1,0.5704913,-7.604,0.45546025,0
ZINC000299577119,C[C@@H](C#N)Sc1nnnn1CC(F)(F)F,0.30909625,-6.581,0.04401443,0
ZINC000338764749,CC(=O)CCCC(=O)N1CC[C@@](F)(CO)C1,0.3626027,-6.699,0.13773823,0
ZINC000356851646,C[C@@H](CCO)CNC(=O)CCc1cscn1,0.42162994,-6.622,0.26267093,0
ZINC000614795649,C[C@@H]1CC[C@H]1NC(=O)c1ccc2oc(O)nc2n1,0.42396623,-8.286,0.09430465,0
ZINC000633855605,O=C(NCC1CC1)C(=O)N[C@H]1COC[C@H]1O,0.37201148,-6.646,0.16188622,0
ZINC000664040024,O=C(NCCOCC1CC1)N[C@@]12C[C@@H]1CCC2,0.5303132,-7.069,0.43149126,0
ZINC000839422714,CSCC(=O)N(c1ccccc1)C1CC1,0.45210978,-6.597,0.32564783,0
ZINC000908104662,CCS(=O)(=O)NC[C@H]1CCCC(C)(C)O1,0.5561484,-7.08,0.4815248,0
ZINC000923834417,C[C@@H]1CN(C(=O)[C@@H]2CC(=O)N2)C[C@H]1CO,0.37642384,-6.834,0.15108165,0
ZINC000925869516,C[C@H]1CC[C@H](N[C@H]2CNOC2)C1,0.44115722,-6.514,0.3125807,0
ZINC001139226148,Cc1nc(CN(C)Cc2cnc(N)s2)no1,0.63982594,-6.257,0.7328439,0
ZINC001175046486,NC(=O)c1c(F)cccc1Nc1ccc(O)cc1,0.4972635,-7.986,0.27068877,0
ZINC001185151277,Cc1noc(C)c1NC(=O)N1CC[C@H]1C,0.4632445,-6.815,0.32504076,0
ZINC001222498387,C[C@@H]1CCC[C@@H](OCc2nncn2C)[C@H]1C,0.39665896,-7.384,0.133986,0
ZINC000061751722,C[C@@H](Cn1cccn1)Nc1nccn(C)c1=O,0.4289708,-6.963,0.24176121,0
ZINC000082772717,C[C@H]1CSCCN1C(=O)CC(C)(C)N,0.5735961,-5.893,0.63949114,0
ZINC000092091213,C[C@H]1CN(C(=O)Nc2ccc(N)cc2)C[C@@H]1C,0.648467,-7.729,0.59692764,0
ZINC000123357122,CC[C@@H](O)CCNC(=O)C(=O)c1cnn(C)c1,0.31733626,-6.623,0.055970695,0
ZINC000194979688,CCCN(c1ccc(CN)cc1)C1CC(C)C1,0.50767624,-7.428,0.34932673,0
ZINC000278995989,CC(=O)OCCCSc1ccc(C#N)cn1,0.3591081,-6.859,0.11418166,0
ZINC000306376721,C[C@@H]1C[C@H]1NC(=O)NC[C@H]1C[C@@H]1C,0.44559824,-6.471,0.3258484,0
ZINC000330752427,C[C@H](C[C@H]1CCCO1)NC(=O)Cc1ccncc1,0.5686853,-7.874,0.42381275,0
ZINC000638657432,NCCCOCCNC(=O)CC1CCNCC1,0.31996027,-6.521,0.07177282,0
ZINC000677515964,C[C@@H](Cn1ccnc1)NC(=O)c1cnco1,0.377645,-6.22,0.21733384,0
ZINC000689491762,Cc1cccc(CCNC[C@@H]2CCCN2)n1,0.70904,-7.021,0.79052293,0
ZINC000739693341,CN(CCNC(=O)Cc1ccsc1)C(=O)O,0.3687687,-6.26,0.19559218,0
ZINC000754218673,C=CC[C@H](CO)NC(=O)NCc1ccon1,0.32630396,-6.683,0.06749709,0
ZINC000850786201,CC/C=C/COC(=O)[C@@H]1CC[C@H](OC)C1,0.45249054,-7.046,0.27972272,0
ZINC000857248612,COc1ccc(F)c(CNC(=O)C(C)(F)F)c1,0.5052675,-7.733,0.31284654,0
ZINC000869922163,CCC[C@H](C)OC(=O)c1cnn(C(F)F)c1,0.44473907,-7.14,0.25459528,0
ZINC000882971966,C=C/C=C\CCON=C1CCC1,0.48029414,-6.449,0.396865,0
ZINC000898613840,O=C(c1cnsn1)N1CC(N2CCCC2)C1,0.54308313,-6.873,0.47716403,0
ZINC000923751378,C=C[C@@H]1CCCCN1C(=O)N[C@@H]1COC(=O)C1,0.42874688,-7.508,0.18465784,0
ZINC001162258631,Cn1cc(NC[C@H](O)c2ccco2)ccc1=O,0.5324994,-7.426,0.39870703,0
ZINC001224492925,CCN1CCC[C@@H](OC/C=C/C(=O)OC)C1,0.3825547,-6.46,0.20210849,0
ZINC001229826561,COc1nc(C)cc(OC2CC(C#N)C2)n1,0.4495621,-7.288,0.24876276,0
ZINC001230935827,C#C[C@@H](Oc1cc2[nH]ncc2c(F)c1)C(C)C,0.5909396,-8.312,0.42236063,0
ZINC001263666345,Cc1ccc(C(=O)O[C@H](C)c2ccoc2)nn1,0.42482427,-7.556,0.17189726,0
ZINC001343792661,C[C@H](C(=O)OCCN1CCC=N1)C(C)(F)F,0.3265891,-6.679,0.0684778,0
ZINC001558176244,CC[C@H](C#N)C(=O)Nc1csnc1OC,0.3350017,-6.102,0.14512898,0
ZINC000009245962,N[C@H](c1ccc(F)cc1)C1CCCCC1,0.49412432,-8.241,0.23795983,0
ZINC000020252395,N#Cc1ccccc1NC(=O)CCc1ccco1,0.49718082,-8.669,0.19951831,0
ZINC000062358834,COC(=O)[C@H](NC(=O)c1cscn1)C(C)C,0.41167703,-6.21,0.28578788,0
ZINC000095729413,CSc1cccc(CC(C)(C)O)c1,0.43563923,-6.611,0.29156572,0
ZINC000136050117,C[C@@H](C1CC1)N(C)C(=O)NCC(F)(F)F,0.36598516,-6.87,0.1266609,0
ZINC000193457176,O=C(NCc1ccoc1)NC1CCOCC1,0.4327836,-7.416,0.20221883,0
ZINC000335945905,Cc1n[nH]cc1CN1[C@H](C)CC[C@@H]1C,0.62278676,-6.619,0.6614562,0
ZINC000339752832,O=C(NCc1ccoc1)c1ccnc(C2CC2)n1,0.47067273,-7.83,0.23423308,0
ZINC000375915364,CC(=O)CCN1C[C@@H](C)O[C@@H](C2CC2)C1,0.43058017,-6.631,0.2794649,0
ZINC000398832806,CCC[C@H](C)N1C[C@H](CO)C[C@H](C)C1,0.41080678,-6.669,0.236345,0
ZINC000426518357,O=C(O)[C@H]1C=CCN1C(=O)CCCc1cn[nH]c1,0.41813016,-7.473,0.16726579,0
ZINC000429186742,FC(F)(F)CN(C1CCC1)C1CCC1,0.3226183,-6.132,0.11747975,0
ZINC000579054218,FC(F)[C@H]1C[C@@H]1NCc1ccc2nc[nH]c2c1,0.7381118,-7.989,0.7474755,0
ZINC000617085137,C[C@@H](CNC(=O)c1ncc[nH]1)c1ccccn1,0.50389117,-7.632,0.32062045,0
ZINC000639103562,COC[C@H](N[C@H]1Cc2cccc(O)c2C1)C1CC1,0.7512787,-8.193,0.75234956,0
ZINC000654229837,CCn1cc([C@@H](C)NC(=O)[C@H]2C[C@@H]2C)cn1,0.38728765,-6.949,0.16064611,0
ZINC000717092861,N#Cc1ccc(NCC[C@@H]2CC[C@H]3C[C@H]32)nc1,0.58198464,-8.583,0.37644786,0
ZINC000824785980,COC(OC)C(=O)N1CC2CC1(C)C2,0.29754367,-5.821,0.10014164,0
ZINC000837331694,CC[C@H](C(=O)OCc1cc[nH]n1)c1ccccc1,0.42865875,-7.345,0.20142922,0
ZINC000866184241,CNC(=O)C(=O)NCC[C@@H](O)C1CCCC1,0.38576308,-6.802,0.17290862,0
ZINC000870580377,C/C=C(\C)C(=O)O[C@H]1C[C@@H](SC)C1,0.3787647,-5.808,0.26238462,0
ZINC000892454335,C[C@H]1CC[C@H](C(=O)N(C)c2ccon2)C1,0.525455,-7.489,0.37820312,0
ZINC000899948484,CCN(C)C(=O)N[C@H]1CCOC[C@H]1CC(=O)O,0.3533268,-6.483,0.14181946,0
ZINC000908454918,CC(C)[C@H]1CN(C(=O)CCC(N)=O)CCCO1,0.6315018,-6.938,0.64555573,0
ZINC000931418684,O=C(CN1CC[C@H]1C(F)F)N1CCCCCC1,0.5279168,-7.572,0.3744508,0
ZINC001032572755,CCN1C[C@@H]2C[C@H]1CN2C(=O)[C@H](F)C(C)C,0.36726418,-6.678,0.14915538,0
ZINC001224936516,F[C@H]1CCCC[C@@H]1OCCCC1OCCO1,0.41706303,-7.103,0.20361815,0
ZINC001259271174,O=S(=O)(Nc1ccnc(Cl)c1O)C1CC1,0.46335998,-7.265,0.27848622,0
ZINC000037481448,CCC[C@@](C)(N)C(=O)Nc1cn[nH]c1,0.3328539,-6.12,0.1390031,0
ZINC000121508366,CCCSCc1noc(-c2cccs2)n1,0.33888233,-6.388,0.12308279,0
ZINC000125951744,Cc1ccc(Cn2ccsc2=O)cc1,0.43624377,-7.446,0.20595422,0
ZINC000134785292,CN(c1cnc(C(=O)O)cn1)[C@@H]1CCOC1,0.32761976,-6.408,0.098693416,0
ZINC000362844877,C=C[C@@H]1CCCCN1c1ncnc(CC)c1F,0.47540444,-7.67,0.26024026,0
ZINC000562852943,CC(C)[C@@H](O)C(=O)NC[C@H]1CCCN(C)C1,0.5089898,-7.352,0.35983005,0
ZINC000601830765,COCCC(=O)N1C2CCC1(C(=O)OC)CC2,0.3624776,-6.611,0.14663915,0
ZINC000652867813,C[C@H](NC(N)=O)C(=O)NC1(C2CCC2)CC1,0.4504447,-6.977,0.28284356,0
ZINC000656551133,CNC(=O)N1C[C@@H]2COC[C@]2(C)C1,0.5537796,-6.238,0.5643692,0
ZINC000678663221,Cn1[nH]cnc1=NC(=O)N1CCCOCC1,0.41722563,-6.535,0.2629912,0
ZINC000716030271,C[C@H](NCCO)c1ccns1,0.42650875,-5.566,0.38212028,0
ZINC000739177575,C[C@H]1CN(CC(C)(C)O)CC[C@@H]1NC(=O)O,0.4700615,-6.653,0.35538664,0
ZINC000839934795,Cc1[nH]ccc1C(=O)Nc1nccn1C1CC1,0.57265097,-7.169,0.50496215,0
ZINC000875503880,CC#CCCNC(=O)NCC[C@H]1CCSC1,0.51819986,-6.955,0.41934752,0
ZINC000876752053,C[C@@H]1COCCN(Cc2cccc(C#N)n2)C1,0.5623941,-7.424,0.4581337,0
ZINC000882842170,CC(C)c1nccc(N2CC[C@H](CF)C2)n1,0.5077473,-7.919,0.2984217,0
ZINC000902930007,C[C@@H]1[C@@H](NC(=O)Nc2nccs2)CCN1C,0.4640198,-6.866,0.3212745,0
ZINC001066270251,CC(=O)N1CC[C@H](CCNc2cc(C)ncn2)C1,0.50009435,-7.896,0.28565305,0
ZINC001139973345,Cc1ccccc1CN(C)Cc1cccnn1,0.69126356,-7.666,0.68825346,0
ZINC001190342263,N=CNC(=O)c1csc(-c2ccncc2)n1,0.5416929,-6.838,0.47804886,0
ZINC001240376803,SCc1ccccc1-c1cncnc1,0.46356457,-7.334,0.27171808,0
ZINC001250330255,Nc1ccnc(O)c1Nc1ccc2cncn2c1,0.52656716,-7.858,0.34204388,0
ZINC001322016928,CCC(=O)COC(=O)C1(O)Cc2ccccc2C1,0.5181951,-7.789,0.33263308,0
ZINC001573806966,CCOc1n[nH]c(NC(=O)[C@H](C)N)n1,0.36730903,-5.778,0.24281088,0
ZINC000019786149,CC(C)(C)c1ccccc1OCCCO,0.41315666,-6.514,0.25711417,0
ZINC000083552861,CCCCOC(=O)[C@@H](C)C(C)C,0.3525731,-6.216,0.16808456,0
ZINC000307582362,C[C@@H]1CC[C@H]1NC[C@@H]1CCC(F)(F)C1,0.47746897,-7.475,0.28460267,0
ZINC000332493463,NC(=O)NCC(=O)NCCCC(F)(F)F,0.2772949,-5.841,0.057951406,0
ZINC000343990160,CO[C@H](C)CN(C)C(=O)[C@@H]1CCN(C(C)=O)C1,0.422489,-6.386,0.28890792,0
ZINC000358905543,COC(=O)[C@@](C)(O)CNC(=O)c1ccc[nH]1,0.47091237,-6.611,0.36143854,0
ZINC000594951109,COC(=O)[C@@H]1C[C@H]1[C@@H](C)N[C@@H]1CCOC1,0.39863196,-5.988,0.28302652,0
ZINC000717723991,C[C@@H](O)CN(CCO)S(=O)(=O)C1CCC1,0.3535318,-6.054,0.18682566,0
ZINC000725242138,CS(=O)(=O)c1cnn(CCCF)c1,0.31502995,-5.711,0.14621626,0
ZINC000751573828,CCn1nccc1NC(=O)/C=C\SC,0.38991714,-5.914,0.27345648,0
ZINC000752630367,CC(C)C[C@H](C)NC(=O)C1=NNC(=O)C1,0.47631353,-7.278,0.30279455,0
ZINC000768992001,Cc1ccncc1NC(=O)[C@H](F)c1ccccc1,0.5461643,-8.69,0.29436687,0
ZINC000771410430,c1ncc(-c2noc(-c3ncccn3)n2)s1,0.5002078,-6.713,0.40886593,0
ZINC000826139897,CCc1nocc1C(=O)N1CC[C@H](C(N)=O)C1,0.43283138,-6.806,0.2657308,0
ZINC000853866817,CO[C@@]1(C)C[C@H]1NC(=O)C(=O)OC(C)(C)C,0.35432413,-6.353,0.15731026,0
ZINC000873154507,Cc1ccc(CNCCC[C@H]2C=CCC2)nn1,0.7131814,-7.827,0.71493256,0
ZINC000897444727,C#CCSCC(=O)N[C@@H]1CCC[C@H]1N(C)C,0.36012596,-6.449,0.15882275,0
ZINC000911721377,NC[C@@H]1C[C@@H]1C(=O)N1CCCC[C@H]1CN,0.50772786,-6.72,0.42303473,0
ZINC001122804237,Cc1cc(CC(=O)OC[C@@H]2CCSC2)no1,0.51658595,-6.702,0.4424532,0
ZINC001176147599,COC(=O)c1c(C)cccc1NC1=CCOCC1,0.5676591,-8.075,0.40088338,0
ZINC001461668583,C=C[C@H](CO)NCc1cccc2ccoc21,0.65540934,-7.341,0.6510174,0
ZINC000035391138,Cc1noc(C)c1CN[C@@H](C(=O)O)C(C)C,0.32738546,-6.459,0.09292711,0
ZINC000039090792,N[C@@H](CC(=O)O)c1ncc[nH]1,0.28442287,-5.15,0.14390959,0
ZINC000043388826,Cn1cc(NCc2ccc(Cl)c(F)c2)cn1,0.5916384,-7.49,0.5092025,0
ZINC000062096513,CC(C)CCCNC(=O)[C@@H](C)C#N,0.39879078,-6.789,0.20006683,0
ZINC000127308018,C[C@H](NC(=O)NC1CC1)c1ccsc1,0.5441683,-6.722,0.49501204,0
ZINC000230050184,O=C(O)[C@@H]1C[C@H]2CCCC[C@@H]2N1CCO,0.42309585,-7.236,0.20174155,0
ZINC000291314653,CCN(C[C@H](C)OC)C(=O)c1ccoc1,0.34417325,-5.76,0.19885233,0
ZINC000291792930,Cc1nn(C)cc1C(=O)NOC/C=C/Cl,0.46426234,-6.501,0.3597014,0
ZINC000302740678,Cc1ccc(NCCCCCCO)nc1C#N,0.5488192,-7.381,0.4357134,0
ZINC000359557880,O=C(NC[C@@H](O)COCC1CC1)c1cn[nH]c1,0.38947538,-6.306,0.23182794,0
ZINC000374012569,Cc1noc(C)c1CN1CC[C@@H](c2ccco2)C1,0.6102265,-8.311,0.46067032,0
ZINC000421346936,C[C@@H]1CC[C@H](NCC2(CC(N)=O)CC2)C1,0.46451086,-6.938,0.3147619,0
ZINC000567870702,O=c1c2cccc([N+](=O)[O-])c2ccn1CCCO,0.5431068,-7.906,0.3698172,0
ZINC000597144819,C[C@H](CC#N)N(C)C(=O)[C@H]1CN(C)C(=O)N1,0.32318997,-6.343,0.09667595,0
ZINC000630959986,Cc1ncc(NCc2cnnn2C)cc1C(N)=O,0.4872117,-7.558,0.29527318,0
ZINC000647552204,C[C@@H](N)C[C@H](C)NCc1cocn1,0.42090118,-5.704,0.3566653,0
ZINC000662613573,Nc1cccc(CNC(=O)C[C@@H]2CNCCO2)c1,0.46215004,-8.407,0.15736383,0
ZINC000738761386,CC(C)C(=O)N1CCN(C(=O)O)C[C@H]1C,0.34771797,-6.724,0.10565384,0
ZINC000778291328,COC(=O)C(=O)[C@H](C)OC(=O)c1cc(C)no1,0.40954578,-6.77,0.22334684,0
ZINC000814815413,Cc1nocc1C=NN[C@H](C)c1ccccc1,0.5285588,-8.257,0.304508,0
ZINC000830861258,COC1(C(=O)OCC(=O)NC(C)(C)C)CC1,0.32034612,-6.226,0.103206195,0
ZINC000865522727,Fc1ccc(N[C@@H]2CCCOC2)nn1,0.46439138,-6.968,0.3114063,0
ZINC000910093522,O=C(O[C@H]1C=CCCC1)C1(n2cccn2)CC1,0.48671857,-7.644,0.2853555,0
ZINC000911234955,COCC(C)(C)C(=O)Nc1cc(CO)ccn1,0.43197832,-7.072,0.23638687,0
ZINC001218442041,CCCc1c(O)cccc1O[C@@H]1[C@@H]2CC[C@H]1NC2,0.5059125,-7.8,0.30715868,0
ZINC001224734588,C=C(COC(=O)C[C@@H](C)O)c1ccccc1,0.463365,-7.534,0.25053012,0
ZINC001226396428,Cc1c([C@@H](C)Oc2ccnn2C)cnn1C,0.4030026,-6.836,0.20352383,0
ZINC001247394577,CCCc1nc(-c2cccc(C#N)c2)no1,0.68405217,-8.307,0.6073281,0
ZINC001262809971,C=CCC[C@@H]1CCCN1C(=O)c1ccccn1,0.59439117,-7.773,0.485234,0
ZINC000012396634,O=[N+]([O-])c1ccn(C2CCCC2)n1,0.5216909,-7.338,0.38644516,0
ZINC000017002013,C[C@H](CCOC[C@H]1CO1)OC[C@H]1CO1,0.3054654,-5.056,0.19536546,0
ZINC000072343510,O=C(O)[C@@H]1CN(c2ccccn2)CCO1,0.36311668,-7.137,0.09322062,0
ZINC000073605037,CC(C)c1noc(CN2CCNC(=O)C2)n1,0.48438093,-7.36,0.31025034,0
ZINC000080039394,CCC[C@@H]1C[C@H]1C(=O)Nc1cnccc1C,0.42954218,-7.364,0.20120391,0
ZINC000087444935,O=C(NC(CO)CO)c1ncn[nH]1,0.29167095,-5.64,0.107325554,0
ZINC000088080870,CCCNC(=O)c1c(F)cccc1OC,0.3921538,-7.036,0.16124074,0
ZINC000127681214,CN(C)c1nc(CN2CCCC2)ns1,0.6427488,-5.959,0.7696147,0
ZINC000136219499,OCCCc1cccc(NCc2cc[nH]c2)c1,0.6146638,-7.776,0.5250803,0
ZINC000236561932,O=C(NC[C@@H]1CC[C@H](O)C1)[C@@H]1CCSC1,0.4695044,-7.442,0.27225628,0
ZINC000283722191,CC#CC(=O)N[C@@H]1C[C@H](OCC)[C@@H]1OC,0.3435151,-6.551,0.1153139,0
ZINC000308194638,O=C(OCC(F)F)[C@@H]1CC12CCC2,0.30062306,-5.895,0.098548345,0
ZINC000310015253,CC[C@H](C[C@@H](C)CO)NCc1csc(C)n1,0.45187452,-6.392,0.3464942,0
ZINC000320393279,c1nc2c(ncnc2N[C@@H]2CC=CCC2)s1,0.5201282,-7.625,0.35351232,0
ZINC000343090252,Cc1cc(CCNC(=O)C2(C)CCC2)on1,0.44481114,-7.917,0.17395882,0
ZINC000495905644,C[C@@]1(NC(=O)[C@@H]2COC(=O)N2)CCOC1=O,0.3536454,-6.866,0.10263281,0
ZINC000596160177,CCOC(=O)C[C@H](C)Nc1cnccn1,0.40346625,-5.925,0.2991525,0
ZINC000600647827,C[C@@H]1C[C@H]1CSC[C@@H](O)C(F)(F)F,0.3084479,-6.053,0.09762252,0
ZINC000621282249,CNS(=O)(=O)CCN1CC[C@@H]2CCC[C@H]21,0.5081172,-6.924,0.40259752,0
ZINC000637794202,C(CC1CNC1)c1nc([C@H]2CCCO2)no1,0.50432456,-7.28,0.3580739,0
ZINC000653475820,CC1(NC(=O)NC[C@@H]2CCCO2)CC=CC1,0.4067516,-7.493,0.14264666,0
ZINC000715277220,COc1ccnc(NC[C@@H]2C[C@@H]2C(=O)O)n1,0.32461748,-6.473,0.08598852,0
ZINC000757211240,Cc1cc(CNC(=O)c2ccc(F)nc2)ncn1,0.4729721,-7.83,0.2387879,0
ZINC000762970234,O=C1O[C@H](COCc2ncc[nH]2)CC12CC2,0.41856968,-6.818,0.23623216,0
ZINC000795709094,CN(CCCCC#N)[C@@H]1CC(C)(C)OC1=O,0.40065634,-7.009,0.18089055,0
ZINC000844088901,CCCONC(=O)CCCC1CC1,0.3587191,-6.234,0.1783879,0
ZINC000852480483,C#CCNC(=O)CN([C@H](C)C#N)C1CC1,0.5522805,-6.317,0.55318654,0
ZINC000863328105,CCCOCSc1nc(N)cc(CC)n1,0.34130278,-5.938,0.17466077,0
ZINC000868348963,O=C(NCCC1(F)CCC1)[C@H]1CCC(=O)O1,0.41922566,-7.635,0.15259387,0
ZINC000881664601,CSCCC(=O)N1CC[C@H](CF)C1,0.2777647,-5.678,0.075827986,0
ZINC000902155987,Cc1ncc(CN2C(=O)NC[C@H](C)C2=O)cn1,0.41013715,-7.343,0.16494754,0
ZINC000908229051,C#CC1(O)CN(S(=O)(=O)C[C@@H](C)COC)C1,0.35302067,-6.58,0.13112864,0
ZINC001032278491,C#CCCN1C[C@@H]2C[C@H]1CN2C(=O)c1ccoc1,0.5404672,-7.842,0.371242,0
ZINC001157915996,C=C(N)C(=O)N1CCCC[C@@](C)(F)C1,0.40283373,-6.744,0.21275392,0
ZINC001159253669,CNc1ccc(N/C=C/C2CCNCC2)cn1,0.47931015,-7.693,0.26558593,0
ZINC001324645051,CC[C@@H]1CCN(C(=O)NC/C=C\C2CC2)C1,0.49183485,-7.121,0.34986302,0
ZINC000054369757,CCCC(=O)N1CCNC[C@@H]1C,0.4283782,-5.903,0.35078797,0
ZINC000055921479,O=C(NC[C@@H]1CCCOC1)c1cnccn1,0.36172992,-6.948,0.11012254,0
ZINC000078594610,CC(C)CN(C)C(=O)CNCC(F)(F)F,0.35691544,-6.199,0.17845373,0
ZINC000267412875,C=CCN/C(N)=N/CCc1ccc(CC)cc1,0.60662335,-7.756,0.5112322,0
ZINC000308144046,CSC[C@@H](CCO)NS(N)(=O)=O,0.27333215,-4.657,0.17319363,0
ZINC000399023847,C[C@H]1COCCN(C(=O)CCCC(=O)O)C1,0.33229542,-6.881,0.058780987,0
ZINC000528204446,Cc1ccnc(N[C@@H]2C[C@H]2c2ccsc2)n1,0.5385242,-7.362,0.4172954,0
ZINC000631754698,C[C@H](CS(C)(=O)=O)N[C@@H]1C[C@H]1C(F)(F)F,0.36654297,-6.203,0.1971091,0
ZINC000666158972,C[C@@H]1CN(C(=O)CCCF)[C@H](C)CO1,0.30096963,-5.999,0.088422745,0
ZINC000668701983,C[C@@H](O)C1(NCc2cnn(CC(F)F)c2)CC1,0.35568687,-7.141,0.07808695,0
ZINC000764443705,C#CC(=O)N1CCc2c1cccc2F,0.5132756,-7.977,0.303343,0
ZINC000814795412,CCC(=NOC)c1ccccc1OC(F)F,0.44356075,-6.993,0.26754367,0
ZINC000821847166,CCOCC(=O)O[C@@H]1CCC1(C)C,0.3216057,-6.098,0.1190086,0
ZINC000856275366,C=C[C@H](CO)NC(=O)[C@H]1CC(C)=NO1,0.37509373,-6.255,0.20864134,0
ZINC000860168067,CCN(C)C[C@H](O)CN1C[C@@H]2COC(=O)[C@@H]2C1,0.4508421,-6.57,0.32594368,0
ZINC000907881725,C/C=C\[C@@H](O)C(=O)NCc1ncnn1C(C)C,0.37085125,-7.1,0.11238874,0
ZINC001194339845,C=CCOC(=O)N[C@H](CO)c1ccncc1,0.34753096,-6.347,0.14447743,0
ZINC001225291453,CCCOC[C@@H](C)Oc1ccncc1,0.38041955,-6.044,0.24112746,0
ZINC001337235691,CN(CCCF)CN1CCSC1=O,0.41162494,-5.397,0.37020653,0
ZINC000004348129,Fc1ccccc1-c1cc[nH]n1,0.55162823,-6.935,0.48764545,0
ZINC000096990175,COCc1ccc(C(=O)NCC(F)(F)F)o1,0.38313594,-6.799,0.1680164,0
ZINC000119946723,NC(=O)C[C@@H]1CCCCN1C(=O)[C@@H]1CCCO1,0.5495342,-6.95,0.48193783,0
ZINC000334782377,N[C@H]1CCC[C@@H](NC(=O)C2CC(F)(F)C2)C1,0.38917437,-7.873,0.068321854,0
ZINC000375287120,Fc1ccc(CN2CC[C@@H](c3ccco3)C2)cn1,0.64222074,-8.559,0.4982652,0
ZINC000399314554,CCS(=O)(=O)NCCNC(=O)C1(C)CNC1,0.33919746,-6.14,0.14948979,0
ZINC000634611614,COC[C@H](C)N1N=C(c2ccoc2)CC1=O,0.39256155,-6.748,0.19198981,0
ZINC000785953325,CCN(C[C@@H]1CCOC1)C(=O)c1cnn(C)n1,0.33352208,-6.732,0.07670134,0
ZINC000814831839,CCc1nocc1C=NNc1ccc(C)cn1,0.68266976,-8.268,0.60864425,0
ZINC000886874951,CCOC(=O)CC(=O)N1CCOC[C@@H]1COC,0.35236314,-5.914,0.19906548,0
ZINC000892066388,O=C(NCC1=CCNCC1)N1CC[C@H](CF)C1,0.36735454,-7.415,0.072713755,0
ZINC000895616382,C#CC1(F)CN(Cc2ncnn2C)C1,0.54383636,-6.449,0.5227364,0
ZINC000929121084,O=C(Nc1ccccc1)[C@@H]1C[C@@H]2O[C@H]1[C@H]1C[C@H]12,0.49783188,-8.54,0.21421924,0
ZINC001159262384,C=CCCCNc1nccc2[nH]cc(C#N)c21,0.47645968,-7.447,0.2855143,0
ZINC001239623727,COc1ncc(-c2nnccc2C)cc1N,0.48282075,-7.135,0.33055145,0
ZINC001257736507,N#CCc1nnc(CCCc2ccccc2)o1,0.52033025,-8.207,0.2934061,0
ZINC001527455772,O=C(C[C@H]1CCCCO1)N1CCc2cccnc21,0.435388,-7.859,0.16132231,0
ZINC000022935951,CCN1CCC[C@H]1CNCc1ccc(F)cc1,0.7173026,-7.671,0.7393147,0
ZINC000168294425,CCNC(=O)[C@@H](C)c1ccccc1,0.43502402,-7.009,0.24896976,0
ZINC000249088391,CCC[C@H](C)N1CCN2C(=O)NC[C@H]2C1,0.4108792,-7.008,0.20124504,0
ZINC000286495900,COCCCCn1nnnc1-c1ccccn1,0.3974451,-7.04,0.17130654,0
ZINC000306196115,C[C@@H](N)CC(=O)N[C@@H]1CC(=O)N(C)C1,0.38720217,-6.554,0.20154215,0
ZINC000307051657,CC[C@H](Nc1nnc(C)s1)[C@@H](C)O,0.36631602,-5.999,0.217868,0
ZINC000336673827,C[C@@H](O)CCN1CC[C@@H](S(N)(=O)=O)C1,0.520305,-6.075,0.515005,0
ZINC000347223089,COC(=O)[C@H]1CCN(CCn2cncn2)[C@@H]1C,0.48580307,-6.439,0.4088173,0
ZINC000356201640,CCn1cnnc1NC(=O)CCc1ncc[nH]1,0.41277453,-6.957,0.21030161,0
ZINC000567415402,Cc1cc(CNC(=O)[C@@H]2CCC(C)(C)O2)no1,0.41050744,-7.404,0.15933931,0
ZINC000675655440,C=C[C@H](C)NC(=O)N[C@@H]1CCC(F)(F)C1,0.40355852,-7.037,0.18372849,0
ZINC000773053072,O=C(N[C@]1(CCO)CCOC1)[C@H]1CCC=CO1,0.37617078,-6.859,0.14798132,0
ZINC000835059309,Cn1ncc(CNC[C@H]2CCOC(C)(C)C2)n1,0.46537104,-7.126,0.29692084,0
ZINC000853106656,C[C@@H](CC#N)OC(=O)Cc1cscn1,0.36723855,-5.946,0.22520545,0
ZINC000873216545,C[C@H]1CN(Cc2cccc(F)c2O)C[C@H]1CN,0.56213033,-7.869,0.4113477,0
ZINC000905123766,CC[C@@H]1CCC[C@@H]1C(=O)Nc1cnnn1C,0.4100266,-6.892,0.2116158,0
ZINC000917663976,C/C(=C/Cl)CSC[C@H]1CC(C)=NO1,0.4640494,-5.963,0.41521162,0
ZINC001117805047,C=C[C@@H]1OCC[C@H]1C(=O)NC/C=C\C1CC1,0.591719,-7.607,0.49719846,0
ZINC001151769802,CC1CC(CNCCNC(=O)Cc2ccc[nH]2)C1,0.5475491,-7.037,0.46896088,0
ZINC001227148968,COC(=O)c1c(O)cccc1O[C@H](C)C(C)C,0.64428544,-7.017,0.6626659,0
ZINC001252556590,C=C[C@@](C)(O)CN1CCC[C@@H](C#N)C1,0.38180715,-6.836,0.16153757,0
ZINC001322119627,O=C(CCNc1ccccc1)OCc1cn[nH]c1,0.5578629,-7.505,0.44073683,0
ZINC001333520258,CC(C)(O)Cc1cn(CC(N)=O)nn1,0.34141397,-6.344,0.13267209,0
ZINC001460053831,Cc1cn(C)nc1C(=O)OCc1cncnc1C,0.47121587,-7.658,0.25319064,0
ZINC000054445276,Nc1ccccc1Cc1nc(-c2ccco2)no1,0.4992932,-8.267,0.24549584,0
ZINC000068510882,Cc1cccnc1NC(=O)CNCC(F)(F)F,0.43629965,-7.495,0.2009707,0
ZINC000121622085,C[C@@H]1COCCN1C(=O)[C@@H]1CC1(Cl)Cl,0.36537406,-6.479,0.16609988,0
ZINC000127117882,CCC[C@H](O)CNC(=O)c1cc(OC)no1,0.39857838,-6.587,0.2206466,0
ZINC000133290575,CCc1nc(C(=O)OCCOCCOC)co1,0.3510051,-5.663,0.22247,0
ZINC000164245818,C=C[C@@H](C)NCc1ccc([N+](=O)[O-])cc1Cl,0.65630096,-7.148,0.6728485,0
ZINC000173067413,C[C@H]1CN(S(=O)(=O)C2CC2)CC(C)(C)O1,0.6284844,-6.89,0.6445689,0
ZINC000271648309,C#CC[C@H](NCC(F)(F)F)c1ccccc1,0.5012755,-7.29,0.35099438,0
ZINC000275631093,CCCC[C@H](C)N(C)Cc1nccs1,0.44454545,-5.782,0.39539337,0
ZINC000330892106,C[C@@H](NC(=O)CCCC#N)[C@H]1CCCO1,0.39599645,-6.539,0.22052225,0
ZINC000332062383,C[C@H](NC(N)=O)C(=O)NCC1CCCCCC1,0.5267984,-8.004,0.3273234,0
ZINC000334727161,N#Cc1cnc(NC[C@@H]2CCSC2)c(F)c1,0.54401475,-7.784,0.38429928,0
ZINC000335048707,CC1(C(=O)NCc2ccccc2Cl)CNC1,0.49339974,-7.841,0.27810964,0
ZINC000335490252,C[C@@]1(C(=O)N2CC[C@H](F)C2)CC1(F)F,0.33351383,-6.787,0.07096703,0
ZINC000336882885,CC[C@@H](C)NC(=O)N(C)CC(F)(F)F,0.29511487,-6.118,0.06445339,0
ZINC000349630845,COC(=O)[C@@H]1C[C@@H]1c1nc(-c2ccc(C)o2)no1,0.46447143,-7.501,0.2561527,0
ZINC000365118782,CCNC(=O)CNc1ccc2c(c1)C(=O)CCO2,0.6142115,-8.217,0.47833675,0
ZINC000379998911,CC[C@@H]1CCC[C@@H]1NCCCOC(F)F,0.46408033,-6.335,0.3765987,0
ZINC000393762801,C[C@@H]1CC[C@@H]1NCCCn1cc(CO)nn1,0.35568073,-6.752,0.1185164,0
ZINC000453250047,CC[C@H](N[C@@H]1CN(C)C[C@@H]1C)C(F)F,0.33560106,-6.574,0.09724576,0
ZINC000478129118,C[C@H]1CC[C@@H](CNC(=O)[C@H]2CC2(C)C)C1,0.4489626,-7.934,0.18041515,0
ZINC000495855345,COC[C@@H](NC(=O)OCC1CC1)C(C)C,0.6189928,-5.883,0.7304575,0
ZINC000518170826,C[C@H](O)[C@H](C)NC[C@]1(C)CCC(=O)N1,0.33172604,-6.317,0.1162882,0
ZINC000563546895,CC[C@](C)(CO)C(=O)NCc1cnn(C)c1,0.33424672,-6.71,0.08042399,0
ZINC000612425479,Cc1nc(CC(=O)NC[C@@H](O)C(C)C)n[nH]1,0.33635172,-6.597,0.096341625,0
ZINC000649187909,CC#CC[C@H](CO)NC(=O)C1CC=CC1,0.4009948,-7.784,0.10098973,0
ZINC000649989362,CSc1cccnc1C(=O)N[C@@H]1C[C@H]1C1CC1,0.5537083,-7.007,0.48428056,0
ZINC000652910039,O=C(N[C@H](CO)CCF)c1cc(F)c[nH]1,0.34382597,-6.254,0.14680669,0
ZINC000732764489,C[C@@H]1C[C@H]1c1ccc(C=NNc2ccccn2)o1,0.6807431,-8.417,0.5893372,0
ZINC000854876792,O=C(C=C(C1CC1)C1CC1)NCC1CSC1,0.6255772,-7.054,0.62176,0
ZINC000856344174,O=C(NOCC1CCC1)c1ccoc1,0.4734735,-6.956,0.33064473,0
ZINC000865232450,Cc1cc(CNC(=S)NCC[C@@H](C)O)no1,0.3924982,-6.045,0.26495022,0
ZINC000865281835,Cn1ncc(CSCCCC2CC2)n1,0.39056984,-5.937,0.2723583,0
ZINC000886364186,C#CC[C@H]1CCN([C@H](C)c2noc(C)n2)C1,0.53336674,-7.825,0.3589441,0
ZINC000889472119,C=C[C@@H](C)NC(=O)c1cc(CC)on1,0.51848423,-6.769,0.43924803,0
ZINC000911237731,CC[C@H](C#N)C(=O)Nc1cc(CO)ccn1,0.52565414,-7.345,0.39356828,0
ZINC000952969723,C=C(C)CN1CCN(C(=O)[C@@H]2C=CCN2)CC1,0.44922248,-6.951,0.28312546,0
ZINC001240650445,FC(F)(F)c1ccc(C2=CCCNC2)nn1,0.6524528,-7.722,0.605551,0
ZINC001243045129,Clc1ccncc1-c1ncnc2sncc21,0.51697344,-7.146,0.39706123,0
ZINC001250081311,CCCOc1ccc(CC(N)=O)c(F)c1F,0.3469995,-7.317,0.042580627,0
ZINC001255581443,COC[C@@H](C)N1CC2(C1)C[C@@H](F)CS2,0.42880154,-5.784,0.36399814,0
ZINC001333912513,CC(=O)N[C@](C)(C(=O)NC[C@H]1C[C@H]1C)C(C)C,0.4077187,-6.913,0.20486084,0
ZINC001347344643,Cc1cc(CCC(=O)OC2CCC2)no1,0.42433047,-6.983,0.23048985,0
ZINC000073769563,C[C@@H](NS(=O)(=O)N1CCCC1)C1CC1,0.3486934,-6.584,0.122140884,0
ZINC000079601116,CN(CCOc1ccccc1)C(=O)O,0.35259154,-6.5,0.13859561,0
ZINC000084489678,CO[C@@H](C)c1nc(CONC(C)=O)cs1,0.3445872,-5.533,0.22327192,0
ZINC000130719344,C#CCN(C)C(=O)c1ncccc1C,0.44678143,-6.881,0.28556737,0
ZINC000176582750,COC[C@@H](C)OC(=O)c1cc(C)c(F)cc1F,0.6960263,-7.652,0.6991435,0
ZINC000230669024,O[C@H]1CCC[C@@H](CNCC2CC2)C1,0.4945585,-6.816,0.38696706,0
ZINC000235503045,C#C[C@H](C)NCc1cc(F)c(F)cc1F,0.5793853,-7.83,0.44958273,0
ZINC000490665864,CCC(C)(C)NC(=O)/C=C\c1ccc(C)o1,0.56251854,-7.669,0.43290937,0
ZINC000575549682,c1cnc(NC2CSC2)cn1,0.48420954,-4.772,0.57896686,0
ZINC000579727345,CCCCC[S@](=O)Cc1coc(C)n1,0.34105596,-5.831,0.18529588,0
ZINC000623919404,Cn1nccc1NC(=O)CCC(C)(F)F,0.3478508,-6.913,0.08626795,0
ZINC000647219222,c1cc(CN[C@H]2CC23CC3)n(-c2ccccn2)n1,0.6252435,-7.29,0.59656364,0
ZINC000658352775,CC[C@@H](C)[C@H](C)N[C@H]1C[C@H](O)C1,0.47104517,-6.188,0.4056779,0
ZINC000814906488,C[C@H]1C(=NOC2CCOCC2)C[C@@H]1C,0.41445935,-7.677,0.1387858,0
ZINC000901230751,C[C@H](CO)CCCNC(=O)Cc1cnc[nH]1,0.5013003,-6.522,0.43088692,0
ZINC000907564390,COC(=O)N(C)Cc1cc(C#N)cs1,0.5620088,-6.055,0.59969574,0
ZINC000922581879,c1cc(CN[C@H](c2ncccn2)C2CC2)co1,0.52350396,-6.732,0.45303822,0
ZINC000927191465,C[C@@]1(CNC(=O)N2CCC2)CCCCO1,0.39490548,-6.697,0.20193498,0
ZINC000970620182,CCCN1CC([C@H](C)NC(=O)c2cnon2)C1,0.5044932,-6.609,0.42816702,0
ZINC001215099472,Cn1nccc1Nc1cnc(F)c(C(=O)O)c1,0.446279,-7.754,0.19381247,0
ZINC001593303618,C[C@H](NCc1cccnc1)[C@H]1C[C@@H]1C(=O)O,0.5255126,-7.389,0.38871348,0
ZINC000047918816,CCc1noc([C@@H](C)N2CCSCC2)n1,0.4961023,-6.618,0.41060978,0
ZINC000087265432,CCOC(=O)/C=C/CSc1nnc(N)s1,0.3460181,-5.968,0.18088254,0
ZINC000096239433,O=C1C[C@]2(CCNC2)CN1c1cncnc1,0.42096603,-7.071,0.21467647,0
ZINC000184571011,CC[C@H](C#N)OC(=O)c1csnc1C,0.39354733,-6.448,0.22513138,0
ZINC000184718901,O=C(NCCO)c1cc(=O)[nH]c(C2CC2)c1,0.37621436,-7.139,0.11895797,0
ZINC000236601473,S=C(NCc1cccnn1)NC1CC1,0.33057344,-6.143,0.13209455,0
ZINC000294245727,Cc1ccnc(N2CCC[C@H](O)CC2)n1,0.40542424,-7.032,0.18794414,0
ZINC000298307112,CCCN(CC)C(=O)c1ccc[n+]([O-])c1,0.43409148,-6.697,0.2795589,0
ZINC000308199940,O=C(CSC(F)(F)F)OCCCF,0.36025798,-5.263,0.28238428,0
ZINC000308296867,CC[C@H](C)C(=O)N1CC[C@H]1C(C)C,0.54585874,-6.132,0.55969876,0
ZINC000338286997,O=C(C1CC1)[C@H]1CN(Cc2cnc[nH]2)CCO1,0.55568296,-6.657,0.52457917,0
ZINC000393337591,C=CCCCOC(=O)C1COC1,0.33326527,-5.945,0.15801144,0
ZINC000408444930,N#CCC1(O)CN(c2ncc(F)cn2)C1,0.48837733,-6.278,0.43065473,0
ZINC000409439793,Oc1ccnn1CC1CC1,0.3995712,-5.602,0.32501677,0
ZINC000424893296,CSCC(=O)NC[C@@H]1C[C@H]1C1CCC1,0.50048333,-6.554,0.4259419,0
ZINC000610659886,CO[C@@H](C)C(=O)N[C@H](C#N)C(C)(C)C,0.34852564,-6.445,0.1362594,0
ZINC000659810181,COc1cc(CN2CCO[C@@H](C)C2)on1,0.5073536,-6.356,0.46013588,0
ZINC000814854727,COC(=O)c1ccc(C=NNCC(F)F)n1C,0.49640223,-6.732,0.3993522,0
ZINC000816227273,CCc1occc1C(=O)OCCCc1cnoc1,0.4354662,-7.462,0.2027505,0
ZINC000821818953,C=C[C@@H](CC)CC(=O)NCc1coc(CC)n1,0.44473308,-7.042,0.2647718,0
ZINC000822354986,Cn1c(C=O)ccc1C(=O)NCC1CC1,0.44726858,-6.863,0.2884037,0
ZINC000853064218,CC1(C)CN(C[C@H](O)c2ccccn2)C1,0.570359,-7.188,0.4984467,0
ZINC000865578722,OCC1(CNc2ccc(F)nn2)CC1,0.3460884,-6.615,0.11375777,0
ZINC000871678496,CC(=O)[C@H]1CCCN(C(=S)NC(C)(C)C)C1,0.5593171,-7.205,0.47480637,0
ZINC000906339609,CN(C(=O)[C@H]1[C@@H]2C(=O)CC[C@H]12)c1ccc(F)cc1,0.5728722,-8.815,0.33427748,0
ZINC001142681962,O=C(NC1(CC2CC2)CC1)C1CC1,0.47943664,-6.364,0.4040032,0
ZINC001211244800,CC(=O)c1cccnc1Nc1cncn1C,0.46240017,-6.738,0.33137336,0
ZINC001263481887,CSc1ccsc1C(=O)OCC(C)(C)O,0.36526337,-5.666,0.25040242,0
ZINC000005734156,COc1cccc2c1CCC[C@@H]2N,0.5349847,-6.993,0.4486462,0
ZINC000044626090,CC[C@@H](NC)c1nc(-c2cnccn2)no1,0.5280816,-6.744,0.46085852,0
ZINC000065894501,C[C@@H](OCC1CC1)C(=O)N(CC#N)C1CC1,0.3137331,-6.002,0.11339409,0
ZINC000121363258,CC#CCNC(=O)c1cc(SC)ccc1C,0.45348433,-8.132,0.16878763,0
ZINC000157237118,CC[C@@H]1CCCCCN1C(=S)NC,0.38995114,-5.972,0.26749402,0
ZINC000171502184,C=C(C)CN(C)Cc1nccn1CC(F)(F)F,0.33335125,-6.192,0.13250293,0
ZINC000185371404,C=C(C)C[C@@H](C)C(=O)NCc1cc(C)no1,0.50907964,-7.683,0.32559627,0
ZINC000272164132,Cc1cccnc1CNS(=O)(=O)NC(C)C,0.62074876,-7.166,0.6005514,0
ZINC000307995979,COC(C)(C)C(=O)NCCCF,0.31500143,-5.252,0.19387874,0
ZINC000399758128,CC[C@H]1C[C@@H](C)CN1C(=O)OCC(F)(F)F,0.34312165,-7.002,0.06764727,0
ZINC000448742082,O=C(CC1(O)CCC1)Nc1nnc2ccccn21,0.4566387,-8.059,0.18262541,0
ZINC000548287489,CCOC(=O)c1cnc(NC[C@@H]2CC2(C)C)cn1,0.370827,-6.958,0.1271034,0
ZINC000568867988,CCOC(=O)[C@@H](NC(=O)CN)[C@H]1CCCOC1,0.5046195,-6.901,0.3980601,0
ZINC000578620967,Cc1co[nH]c1=NC(=O)c1nc2c(s1)CCC2,0.53779155,-7.901,0.35980797,0
ZINC000612059379,Cn1ccc(CC(=O)NCCCC#N)n1,0.30617836,-6.269,0.07067076,0
ZINC000618518254,NC(=O)NCCC(=O)NC[C@@H]1CCC[C@H]2C[C@H]21,0.5070435,-7.951,0.29370078,0
ZINC000638910916,C[C@@H]1CCN(Cc2ccns2)C[C@@H]1F,0.4867316,-6.761,0.37718058,0
ZINC000673671496,Cc1cc(CC(=O)N(C)Cc2cn[nH]c2)no1,0.35482746,-6.668,0.12555902,0
ZINC000749372278,CC(C)C[C@@H](C#N)NC(=O)C(F)(F)C(F)F,0.36336422,-7.147,0.09267134,0
ZINC000786269534,C[C@H]1C[C@H]1C(=O)OCc1cccc(Cl)c1F,0.4391139,-7.723,0.1828419,0
ZINC000862573162,C#CC[C@@H]1CCN(C(=O)CC(=O)NC)C1,0.37456316,-6.802,0.15072264,0
ZINC000881576767,CCOC1CC(C(=O)NC[C@H]2C[C@H](OC)C2)C1,0.36080396,-6.978,0.10516939,0
ZINC000910465743,CCC[C@H](CNc1ccc2nncn2n1)C(=O)O,0.46766353,-7.648,0.24719337,0
ZINC000932411847,CNC(=O)c1cccc(N(C)C[C@H](C)O)c1,0.5447771,-7.172,0.44943467,0
ZINC001216623729,CCOc1cc(Nc2c(N)cnnc2O)ccn1,0.4219378,-7.179,0.20537344,0
ZINC001239845608,COc1ncc(-c2cc(C)cnc2F)cn1,0.51116085,-7.667,0.3313823,0
ZINC001242610796,CC(=O)c1cc(-c2cnc(N)nc2)ccn1,0.5001191,-7.999,0.27499396,0
ZINC000000500201,O=C(C1=NNC[C@@H]1c1ccccc1)[C@H]1CO1,0.43398538,-7.68,0.1771532,0
ZINC000001564344,CN(N)c1nnnn1-c1ccccc1,0.57414705,-7.282,0.49617794,0
ZINC000069786521,Cn1cc(CCNCc2cccc(F)c2)cn1,0.71275306,-7.965,0.6997373,0
ZINC000087620658,C[C@@]1(CNCC2CC2)CCCS1,0.4579024,-5.878,0.4118718,0
ZINC000103489291,CSc1ccc(CN(C)CC(F)F)cc1,0.564004,-6.805,0.5256759,0
ZINC000113178980,N#C[C@@H](NC(=O)CC1CC1)c1ccc(Cl)cc1,0.5668112,-7.87,0.4205161,0
ZINC000122762594,CNC(=S)N[C@@H]1CCCOC1,0.5996853,-4.791,0.80573857,0
ZINC000152421876,N#CCNS(=O)(=O)Cc1cccc(F)c1,0.43335876,-6.925,0.25440395,0
ZINC000178779616,C1CCC(c2noc([C@@H]3CCCCO3)n2)C1,0.6161256,-8.304,0.47308353,0
ZINC000229916192,COC[C@@H](C)NC(=O)c1cccnc1F,0.4904334,-6.684,0.39251864,0
ZINC000261531936,O=C(O)CN1CCO[C@@H](c2cccs2)C1,0.3849925,-6.371,0.21619023,0
ZINC000308368233,COC[C@@H](C)NC(=O)CCC(F)F,0.27449092,-5.833,0.053228635,0
ZINC000334146779,CCc1ncsc1-c1nc([C@H]2C[C@H]2C)no1,0.489193,-7.348,0.32103014,0
ZINC000621208706,C[C@H]1C[C@@H]1C(=O)N1CC2CC1(C)C2,0.3541258,-6.684,0.12250565,0
ZINC000654465300,COCC1(CNC(=O)N[C@H]2CCSC2)CC1,0.37585878,-6.326,0.20277548,0
ZINC000662171338,CC[C@H]1[C@H](C)CCN1C(=O)NCCOCCF,0.33976865,-6.531,0.10997179,0
ZINC000671906191,C[C@H](CO)N(C)C(=O)c1coc(C2CC2)n1,0.42596024,-6.87,0.24546607,0
ZINC000781077762,O=C(C=C(C1CC1)C1CC1)NC[C@H]1CCC=CO1,0.4103938,-7.598,0.13894542,0
ZINC000800094483,CC(=O)CCC(=O)O[C@H](C)c1cnccn1,0.35947004,-6.99,0.101279505,0
ZINC000800456673,C#CCCN1CCC[C@@H](S(C)(=O)=O)CC1,0.5837438,-7.384,0.5045841,0
ZINC000829517569,CC[C@@H](C)C(=O)N[C@@H]1Cc2ccc(C#N)cc2C1,0.6604218,-9.262,0.46123382,0
ZINC000836071046,CCn1ncc(COC(=O)C2CCC2)n1,0.345568,-6.571,0.11730127,0
ZINC000849138685,C=C[C@@](C)(O)c1cn(Cc2cccnc2)nn1,0.40853867,-7.541,0.1411964,0
ZINC000859179602,O=C(OCCF)N1C[C@H](C2CC2)[C@H]1C1CC1,0.3239419,-6.231,0.10980931,0
ZINC000863063568,Cc1cc(C)nc(NN=CCCCC(C)C)n1,0.49778235,-7.318,0.3411638,0
ZINC000877792811,CC(C)=CCN1CCN([S@@](C)(=N)=O)CC1,0.51146305,-6.802,0.42190883,0
ZINC000893917007,CC[C@@H](CNc1cc(C)cc(C#N)n1)OC,0.62020737,-6.713,0.64657426,0
ZINC000904359280,NCC1CC(Nc2ccc(-c3cnco3)cc2)C1,0.62571615,-7.844,0.5399046,0
ZINC000929987210,CN1CC[C@@H]1CNC(=O)C(=O)N[C@@H]1CCOC1,0.40485626,-6.501,0.24202335,0
ZINC001163642473,CCCN(CCOC)c1cncnc1Cl,0.41638684,-5.93,0.32422718,0
ZINC001249987160,Fc1cccc(F)c1Cc1cnn2cccnc12,0.48234683,-8.814,0.1550589,0
ZINC001326329114,O=C(OCCCCCO)C1(CF)CCC1,0.34562674,-5.971,0.17979535,0
ZINC001347725562,CCN(OC)C(=O)C[C@H]1CSCCS1,0.430149,-5.27,0.42010427,0
ZINC001621093088,C[C@H](CCc1ccccc1)CNn1cnnc1,0.7057654,-8.015,0.68069726,0
ZINC000000472999,Cc1ccc(C(=O)OCCN(C)C)cc1,0.52404344,-7.104,0.4154327,0
ZINC000053164670,CCCCC(=O)NCc1ccccc1OCC,0.42712867,-7.238,0.2095223,0
ZINC000070618620,C[C@@]1(C(=O)N2CCSCC2)CCCN1,0.3990064,-6.342,0.24696541,0
ZINC000306368471,C#CCOC(=O)[C@H]1CCCC1(C)C,0.5752274,-6.661,0.56287897,0
ZINC000391561133,CCN1C[C@H](N[C@@H](C)C(=O)O)CC1=O,0.41271338,-6.06,0.30343524,0
ZINC000601445059,CC[C@@H](CC#N)NC(=O)CC1CSC1,0.3391246,-6.334,0.12917666,0
ZINC000603222993,CCc1cnc(Cn2cc(CSC)nn2)o1,0.40918317,-6.388,0.26234236,0
ZINC000706926751,C[C@@H]1CCN1C(=O)C[C@H](O)CN,0.5028808,-5.447,0.54577804,0
ZINC000782629620,CO[C@H](C)CCC(=O)OCC1CC=CC1,0.4189953,-6.659,0.2536053,0
ZINC000783196003,Cc1nc(CCCC(=O)OC2CC2)cs1,0.3925288,-6.522,0.21542054,0
ZINC000808199473,C[C@@H]1C[C@H](NC(=O)C2(C)CCC2)C(=O)O1,0.3560352,-7.223,0.07025201,0
ZINC000865090709,CC/C=C(/F)C(=O)N1CCC[C@@H]1C(=O)NC,0.38877535,-6.53,0.2071536,0
ZINC000873557644,C=CCCC(=O)OC1CCSCC1,0.38339588,-6.324,0.2179137,0
ZINC000882276982,O=C1COC(=O)N1Cc1cc(C(F)(F)F)co1,0.4398071,-7.579,0.19918571,0
ZINC000899300005,CO[C@H](C)C(=O)N[C@H](CO)C[C@@H]1CCCO1,0.33140853,-6.258,0.121793024,0
ZINC000908689333,NC(=O)[C@@H]1C[C@@H]1C(=O)N1CC[C@](O)(C(F)F)C1,0.3569124,-7.231,0.07115796,0
ZINC000924120875,Cn1nccc1-c1noc(C2(C)CC=CC2)n1,0.59943676,-8.169,0.45405957,0
ZINC001222728879,C#C[C@H](CC)OCc1ccno1,0.47716948,-5.956,0.44192904,0
ZINC001227969690,c1cc2cncnc2c(OC[C@H]2CCCCO2)c1,0.6981051,-8.45,0.620299,0
ZINC001239785060,CS(=O)(=O)c1ccnc(C2=CCCC2)n1,0.44517767,-7.735,0.19360614,0
ZINC001537820253,N#Cc1sccc1C(=O)Nc1ccc(O)nn1,0.5715659,-7.986,0.41787517,0
ZINC000067172843,O=C(c1ncn(CCO)n1)N1CCNCC1,0.33084682,-6.404,0.10550173,0
ZINC000083890321,C[C@@H](O)[C@H](C)N1CCC[C@H](C(F)(F)F)C1,0.37318322,-6.889,0.1389443,0
ZINC000124731984,C[C@@H](NCC(C)(C)CO)c1ncc[nH]1,0.3851062,-6.174,0.23689616,0
ZINC000177351332,CC(C)(O)CNC(=O)[C@@H]1CSCCS1,0.45043585,-6.105,0.3734817,0
ZINC000179052316,CC[C@@H](C)Nc1ncnc2onc(C)c21,0.3961228,-6.803,0.19332638,0
ZINC000307862741,CC[C@H](CNC(=O)OC)OC,0.25516135,-4.849,0.11723803,0
ZINC000359105174,C[C@@H](SCc1cc2ccccc2o1)C(N)=O,0.61856425,-7.515,0.55994105,0
ZINC000378861568,CCn1nncc1C(=O)OC(C)C,0.35075456,-5.99,0.1879778,0
ZINC000379319358,CCCOC(=O)[C@@H](OC)C1CC1,0.3492579,-5.412,0.2451036,0
ZINC000571939357,C[C@H]1CCCC[C@H]1Cn1nccc1[N+](=O)[O-],0.46880415,-7.773,0.23645751,0
ZINC000582459016,CO[C@@H]1CN(c2cccc(C#N)n2)CCO1,0.44669178,-7.602,0.21043253,0
ZINC000623679918,CCC(F)(F)CN[C@@H]1CC[C@H](C)C1,0.39312991,-6.8,0.18770961,0
ZINC000706673289,COC[C@H]1CN(C/C=C(/C)C(=O)O)CCO1,0.48478994,-6.172,0.4345685,0
ZINC000740126012,O=C(O)c1ccc(C/N=C/c2ccccc2O)o1,0.57373685,-8.572,0.36125332,0
ZINC000843820972,CC[C@H](CCO)CNC(=O)C1(F)CC1,0.38307992,-6.408,0.2085549,0
ZINC000902630211,C=C1CCN(C(=O)c2nc(CC)no2)CC1,0.47456557,-7.641,0.2615934,0
ZINC000903482845,Cc1cc(CN[C@H]2C[C@@H](N)C2(C)C)c(C)nn1,0.4470148,-7.339,0.2384147,0
ZINC000915965164,CCCNN=Cc1ccc(OC)cc1,0.5311655,-6.676,0.47403687,0
ZINC001156597954,C[C@@H](CNC(=O)[C@H]1CCCS1)c1ncon1,0.44056785,-7.241,0.23583218,0
ZINC001167270046,CC(=O)Nc1ccnc(N[C@H]2CCN(C)C2)c1,0.55785114,-7.222,0.4701351,0
ZINC001191452603,Cc1cnc(NC(=O)NC2CC2)c(C)c1,0.54672927,-7.293,0.4407223,0
ZINC001218412921,O=C1Cc2cc(O[C@H]3C[C@@H](O)C3)ccc2N1,0.5842552,-7.947,0.44706607,0
ZINC001232677246,N#Cc1ccc(O)c(CN2CC3(CCO3)C2)c1,0.5198577,-7.843,0.33031255,0
ZINC001240833820,C=Cc1cnc(OCc2ccncc2)cn1,0.53605705,-7.144,0.435072,0
ZINC001242106165,CCOc1ncccc1-c1c(C)noc1C,0.5678119,-7.002,0.5127383,0
ZINC001242533224,OCc1ccc(-c2ccc(O)cc2)cc1F,0.6786868,-8.967,0.5280843,0
ZINC000025401556,Cc1onc(-c2ccccc2)c1C(=O)OCCO,0.45895454,-7.564,0.23867454,0
ZINC000057972953,O=C(COc1ccccc1)OC[C@@H]1CCCO1,0.40158236,-7.248,0.15787776,0
ZINC000187778178,CC(C)CCC(=O)O[C@@H]1CCO[C@H]1C,0.36544326,-6.982,0.11394362,0
ZINC000328675970,C[C@@H]1CCC[C@H]1NCc1nc(=O)n(C)[nH]1,0.45826253,-7.274,0.267453,0
ZINC000332945423,O=C(NC[C@@H]1CCCC1=O)[C@@H]1CCCCO1,0.40125918,-7.661,0.11430086,0
ZINC000334308935,Cc1cc(CNC(=O)N2CC(F)C2)ccc1F,0.574109,-8.299,0.39037243,0
ZINC000393484682,C[C@H](CC(=O)O)N[C@@H](C)[C@@H]1CCCCO1,0.50747514,-6.521,0.4432227,0
ZINC000427675961,C/C=C\CS[C@H](C)c1cnc(C)cn1,0.40529916,-6.568,0.23593514,0
ZINC000783086576,O=c1cccnn1Cc1ccc2c(c1)COC2,0.48291394,-8.592,0.17926207,0
ZINC000812626277,COC[C@H](C)[C@@H](C)C(=O)OC/C=C/Cl,0.34748372,-5.7,0.21164784,0
ZINC000846046499,O=C(OCCCF)N1CC[C@]2(CC2(F)F)C1,0.3531049,-6.922,0.09574021,0
ZINC000853290322,CON=Cc1cnc2n1CCC2,0.48677254,-5.857,0.47124416,0
ZINC000853895964,COCCC(=O)OC[C@@H]1C[C@H]2C[C@H]2C1,0.33959725,-6.509,0.11191948,0
ZINC000888509499,CC[C@H](CO)NC(=O)Nc1cc(=O)n(C)cn1,0.45390353,-6.822,0.3058094,0
ZINC000902084768,FC(F)Cn1cc(NCC2CC=CC2)cn1,0.46929628,-7.357,0.28068092,0
ZINC000912372390,C#CCN(C(=O)[C@@H]1C[C@@H]1C)C1CSC1,0.33704078,-6.123,0.14698501,0
ZINC000923455671,Cc1nc(CN2CC[C@@H]3CCN[C@@H]3C2)no1,0.5045606,-7.124,0.37475967,0
ZINC000924063705,C[C@H](NC(N)=O)c1noc([C@]2(C)C=CCC2)n1,0.4162942,-7.809,0.12869737,0
ZINC000926612846,COC(=O)[C@H]1CN(C(=O)CO)C[C@@H]1C,0.35303128,-6.1,0.18105188,0
ZINC001004393875,CC(=O)N1CC[C@H](C)[C@H](NC(=O)C(C)(F)F)C1,0.46510816,-7.298,0.2785184,0
ZINC001142440108,O=C(C1CC(=O)C1)N1CCCOCC1,0.32778594,-6.611,0.07791812,0
ZINC001146885646,O=C(Nc1ccccc1S)c1cc[nH]c1,0.60043263,-7.393,0.5367075,0
ZINC001212780120,COc1ccc(Nc2nonc2C)c(C#N)c1,0.5474739,-8.06,0.36245775,0
ZINC001253375899,Cc1nnc(-c2ccc3nonc3c2)o1,0.43723127,-7.814,0.169652,0
ZINC001335061426,COC(=O)c1nc(NC/C=C/CO)ccc1C,0.5599187,-7.351,0.46081948,0
ZINC001438846493,N#CCc1cccc(NC(=O)Cc2ccoc2)n1,0.459203,-8.238,0.16909571,0
ZINC000037760582,CCc1ccc(NC(=O)c2ncccc2O)cc1,0.5559516,-8.24,0.36053795,0
ZINC000039294283,O=[N+]([O-])c1sccc1Cl,0.48992857,-5.143,0.5517255,0
ZINC000080694317,Cc1nc(C)c(CNCC2CCOCC2)s1,0.6180375,-6.344,0.6806382,0
ZINC000178266985,CCCc1nnc(SC[C@@H]2CCOC2)o1,0.38430068,-6.804,0.16980384,0
ZINC000334516538,C=C(C)CN(C)S(=O)(=O)C1CC1,0.4303704,-6.173,0.32666433,0
ZINC000351338062,CC(C)CCc1noc([C@@H]2CCC(=O)C2)n1,0.47963417,-8.089,0.22505845,0
ZINC000492886359,C[C@@H]1CSC[C@@H]1NC(=O)/C=C\C1CC1,0.4420684,-6.571,0.3084598,0
ZINC000552053382,Cc1csc(CNS(=O)(=O)N2CCC2)n1,0.37997252,-6.421,0.20104796,0
ZINC000590004690,CC(C)SCC(=O)NC1COCCOC1,0.411825,-6.231,0.28389776,0
ZINC000600491380,C/C=C\CNC(=O)CCCCC#N,0.31605342,-6.179,0.099589035,0
ZINC000623761619,Fc1cnccc1CNCC1COC1,0.36691815,-6.319,0.18579262,0
ZINC000633832416,CCC[C@H](CCO)NC(=O)[C@@H]1CN(C)C(=O)N1,0.5181096,-6.566,0.45961034,0
ZINC000634618509,C[C@H]1CC[C@@H]2C(=O)N(C3CC3)N=C12,0.40515867,-7.143,0.1758782,0
ZINC000662708462,C[C@H]1C[C@@H](C(=O)NCC2=CCCC2)CCN1,0.5089991,-7.881,0.3048521,0
ZINC000700579335,C#CCN(CC)C(=O)/C=C/c1ccccc1F,0.6143997,-8.185,0.48203632,0
ZINC000730847518,CC(C)C(=O)COC(=O)c1ccnn1C,0.33615246,-6.607,0.09490728,0
ZINC000733582985,CCCCOC(=O)c1ccn(C(C)C)n1,0.39564204,-6.445,0.22959273,0
ZINC000859801316,C#CCOC(=O)[C@H](OC)c1ccc(F)cc1,0.43013373,-6.791,0.26194644,0
ZINC000870722412,CO[C@H]1CC[C@@H](C)N(C(=O)C2(O)CCC2)C1,0.36046258,-7.25,0.07621523,0
ZINC000871622402,CCCCCNC(=O)N1CCC[C@H](C(C)=O)C1,0.36580873,-7.061,0.106454484,0
ZINC000887982952,C/C(=C\C(=O)NCc1nc(C#N)cs1)C1CC1,0.43615225,-7.403,0.21024328,0
ZINC000908478164,CCC/C=C\C(=O)N[C@@H](CO)c1ccccn1,0.53029644,-7.368,0.4003731,0
ZINC000917617250,FC(F)(F)CCSCCN1CCCC1,0.46375483,-6.076,0.40288028,0
ZINC001195093679,CC[C@H](C)OC(=O)N1C[C@H](CO)CC[C@H]1C,0.3660182,-6.972,0.116122134,0
ZINC001336703279,C=CC(=O)N[C@H](CCC(=O)OC)c1ccccc1,0.48686948,-7.273,0.32422474,0
ZINC001473056774,N#Cc1cnccc1SCc1cnns1,0.46316606,-6.603,0.34692553,0
ZINC001601749738,O=C(O)[C@H]1[C@H](CNC2(C3CCC3)CC2)C1(F)F,0.47475478,-7.586,0.2676862,0
ZINC000047822190,C=CCn1c(C)nnc1SC[C@@H]1CCCO1,0.4768945,-6.769,0.3568625,0
ZINC000051886558,OC[C@@H]1CCN(c2cnccn2)C1,0.49420753,-5.922,0.4792146,0
ZINC000180993181,O=C(Nc1ncccc1O)[C@@H](O)c1ccccc1,0.58693755,-8.691,0.37503105,0
ZINC000253360631,CC[C@H](O)CNC(=O)[C@@H]1CO[C@H](C)C1,0.422082,-6.76,0.24921957,0
ZINC000274858822,C=CCC[C@@H](O)CN(C)c1ccn(C)n1,0.45632386,-5.955,0.40073976,0
ZINC000526933717,CCCCSCCC(=O)N1[C@H](C)C[C@H]1C,0.33900923,-6.375,0.12468563,0
ZINC000597058048,C=CC[C@@H](C)NCc1cc(C)c(C(=O)OC)o1,0.63151836,-7.086,0.63020205,0
ZINC000626332006,C[C@@H]1CN(C(=O)C23CC(C2)C3)C[C@H]1O,0.34377992,-7.006,0.068535395,0
ZINC000672322434,Cc1nnc(N(C)[C@@H]2CCCOC2)o1,0.53950953,-6.586,0.49992245,0
ZINC000701129526,Cc1nc(C(=O)N[C@H]2CCC(=O)NC2=O)no1,0.43877253,-7.647,0.19006692,0
ZINC000808090716,COCc1cc(C(=O)O[C@H]2CNOC2)no1,0.39544734,-6.395,0.23440519,0
ZINC000812540244,C[C@@H](NC(=O)CCc1ncccn1)c1ccc[nH]1,0.4719432,-7.481,0.2730328,0
ZINC000852053938,CCC[C@@]1(CO)CCN(CCOC(F)F)C1,0.4012239,-6.733,0.21070857,0
ZINC000853102065,O[C@H](CNCC1(C2CC2)CC1)c1ccccn1,0.5850724,-6.966,0.5506724,0
ZINC001243878549,Nc1ncc(-c2cc3ccoc3c(F)c2)cn1,0.70291966,-8.56,0.6184002,0
ZINC001254106592,Cc1nc(O)ncc1-c1nnc(C2CC2)o1,0.50846004,-7.815,0.31064582,0
ZINC001592370762,C[C@H](CC(=O)O)CC(=O)N1[C@H](C)C[C@H]1C,0.46042794,-6.866,0.3141593,0
ZINC001603880621,C[C@H]1CC[C@@H](Nc2cnc(-c3nn[nH]n3)cn2)C1,0.51791066,-7.851,0.32562387,0
ZINC000036899941,COc1ccc(NCc2cc[nH]n2)cn1,0.47509068,-6.481,0.38323063,0
ZINC000074448619,CNC(=O)CN1CCc2c(Cl)cccc2C1,0.7500545,-7.462,0.8259213,0
ZINC000305230809,C[C@H](CO)NC(=O)CSCc1cscn1,0.31965593,-5.737,0.15267685,0
ZINC000334172583,C[C@H]1C[C@@H](C(=O)NC2(C(F)F)CC2)CO1,0.3785335,-6.861,0.15245372,0
ZINC000336430107,C[C@H](Oc1ccc(F)cc1)C(=O)N1CC(F)C1,0.5257102,-7.552,0.372159,0
ZINC000336657406,C[C@H](CCN)NC(=O)c1ccc([N+](=O)[O-])[nH]1,0.39134747,-6.698,0.19478294,0
ZINC000347290968,CC[C@@H]1CN(CCCO)C[C@H](C)S1(=O)=O,0.3870825,-6.324,0.22521651,0
ZINC000452780128,C=CC(C)(C)CNC(=O)CC[C@@H]1CCCO1,0.38515398,-7.286,0.121384,0
ZINC000494167474,COC(=O)N[C@@H](C)C(=O)Nc1nc[nH]n1,0.3243055,-5.78,0.15741688,0
ZINC000656856163,N=c1cc[nH]cc1C(=O)N[C@@H]1CC[C@H](C(=O)O)C1,0.41682464,-7.575,0.15407541,0
ZINC000723973099,CC[C@H](NCc1cnc[nH]1)[C@@H]1CCCOC1,0.50658715,-6.705,0.42233452,0
ZINC000757919465,CC1(OC(=O)CCc2nccs2)CCC1,0.3807699,-6.672,0.1765328,0
ZINC000770615166,Oc1nncn1N=Cc1c(F)cccc1F,0.47179472,-7.808,0.23874286,0
ZINC000790798316,CC[C@@H](C(=O)NCc1ncccn1)C(=O)OC,0.43047503,-6.28,0.31574756,0
ZINC000790984902,Cn1ncc(C(=O)NC[C@@H]2CCC=CO2)n1,0.4388297,-6.691,0.28956866,0
ZINC000845216042,C[C@@H](COCC(=O)OCCF)c1ccccc1,0.46850604,-7.117,0.30406663,0
ZINC000847789606,COC(=O)NCC(=O)OC[C@@H]1CCN(C)C1=O,0.34954533,-6.601,0.12206112,0
ZINC000897236176,Cc1nc(O)cc(NC2CC(CCO)C2)n1,0.40484607,-7.093,0.1804571,0
ZINC000906437315,CCN(Cc1cnn(C)c1)C(=O)CC(=O)OC,0.3557309,-6.326,0.16290392,0
ZINC000935597256,C[C@@H]1C[C@@H]2C[C@@H]2C[C@H]1C(=O)Nc1cnn[nH]1,0.4790921,-7.818,0.2521586,0
ZINC001164172228,N[C@H]1CCc2c1cccc2NC[C@H]1CCC(=O)N1,0.5522566,-8.812,0.29375172,0
ZINC001594774993,CC[C@@H](C(=O)O)c1nnc(CC(C)C)o1,0.37509125,-7.171,0.113406435,0
ZINC000001663977,CCCCN1CCc2ccccc2C1,0.73143,-7.388,0.7967212,0
ZINC000002045729,N[P@@](=O)(Oc1ccccc1)c1ccccc1,0.4930522,-8.546,0.20412736,0
ZINC000019875909,C=CCN[C@@H](C)c1cccc(O)c1,0.7279981,-6.75,0.85625124,0
ZINC000083064780,Cn1ncnc1C[S@@](=O)CCc1ccccc1,0.45956752,-7.333,0.26390424,0
ZINC000088485944,Cc1cccnc1CNS(=O)(=O)[C@@H](C)C#N,0.47144982,-7.14,0.30750686,0
ZINC000113475874,Nc1ccc2c(Cl)cncc2c1,0.59926724,-6.959,0.5795188,0
ZINC000195042166,O=[N+]([O-])c1cn(CC2CCCC2)nc1C1CC1,0.4590592,-7.824,0.2118515,0
ZINC000266042664,COCc1nc(C)cc(NCc2cnn(C)c2)n1,0.45118153,-6.897,0.29262015,0
ZINC000310499104,CCOC1(CNc2cc(F)ncn2)CCCC1,0.44356924,-6.679,0.3002048,0
ZINC000335368216,C[C@@H](N)C[C@@H](C)NC(=O)N1CCCO1,0.57040095,-6.138,0.60769093,0
ZINC000336120698,C[C@H]1CC[C@@H](C(=O)NCC2(C)CCC2)C1,0.48979816,-8.142,0.2396824,0
ZINC000336714260,C=C[C@@H](C)NC1CCC(C(=O)OC)CC1,0.5086659,-6.72,0.424893,0
ZINC000342423570,O=C(NCCc1cnccn1)c1cccnc1O,0.4735319,-7.767,0.24644652,0
ZINC000359385002,C[C@@H]1[C@@H](C(=O)NCc2ncn(C)n2)C1(F)F,0.3680131,-6.929,0.12454431,0
ZINC000496500572,CC[C@]1(C)CCN(C(=O)[C@H]2COC(=O)N2)C1,0.4305235,-7.437,0.19555855,0
ZINC000606283555,O=C(c1nccnc1Cl)N1CCCO1,0.41077653,-6.206,0.2844199,0
ZINC000614696588,C=C[C@@H](O)C(=O)Nc1ncc(COC)s1,0.36313835,-6.133,0.19764228,0
ZINC000621576808,CN(CC(F)(F)F)C(=O)c1ccc(C(N)=O)[nH]1,0.3846002,-7.204,0.12881199,0
ZINC000632448470,COC[C@H](C)S(=O)(=O)NC1(C(C)=O)CC1,0.3089519,-5.917,0.11275989,0
ZINC000676792401,O=C1NCCC[C@@H]1N1CCc2c[nH]nc2C1,0.45250133,-7.226,0.26103076,0
ZINC000740000145,O=C(O)NCc1cccc(OCC(F)F)c1,0.3499327,-7.05,0.076149106,0
ZINC000860812449,N#Cc1ccc(CC(=O)NOCC(F)F)cn1,0.38961136,-7.705,0.08665323,0
ZINC000882891629,C=C(C)C[C@@H](CO)NC(=O)[C@@H]1COCCO1,0.46484187,-6.564,0.35429975,0
ZINC000883915639,C=C/C=C\CCNC(=O)N[C@]1(C)CCOC1,0.43440846,-7.358,0.21146736,0
ZINC001261587668,CCC(CC)COC(=O)c1ccncn1,0.37662742,-6.588,0.17705978,0
ZINC001349945200,C#CCCCC(=O)N1CC[C@@H]([C@@H](F)C(=O)O)C1,0.3667877,-7.433,0.069719546,0
ZINC000071899539,O[C@@H](CNc1ccccn1)COCC1CC1,0.41299844,-6.454,0.26303852,0
ZINC000086127550,CC(C)[C@@H](CO)NS(=O)(=O)c1c[nH]cn1,0.32574666,-6.151,0.121701404,0
ZINC000105571885,c1cc(-c2noc(CSc3nnc[nH]3)n2)co1,0.44752067,-7.292,0.24430299,0
ZINC000131013155,O[C@H]1CCC[C@@H]1CNCc1coc2ccccc12,0.6334643,-8.758,0.46023074,0
ZINC000179011833,Cc1ccc(OCC(=O)N[C@H]2CCOC2)c(C)c1,0.54972094,-8.13,0.3596316,0
ZINC000229616272,CC[C@H]1CCC[C@@H]1NCC(F)(F)F,0.37470064,-6.459,0.18665421,0
ZINC000292547278,CCn1nncc1C(=O)NCCCOC,0.39841586,-5.788,0.30339104,0
ZINC000350395165,C[C@H]1C[C@@H]1Cc1nc(Cc2ccccn2)no1,0.4158989,-8.079,0.0998443,0
ZINC000629089771,Nc1n[nH]c(SCCOC2CCOCC2)n1,0.35753775,-6.346,0.1644039,0
ZINC000648490203,CC[C@@H](N[C@@H]1CCO[C@H](CC)C1)[C@@H]1CCCO1,0.5537098,-7.26,0.45798084,0
ZINC000810924812,O=C(COCC1CC1)OC[C@@]1(F)CCOC1,0.3408924,-6.503,0.11510879,0
ZINC000811809428,CO[C@@H](C)[C@@H](C)NC(=O)c1nc(C)ns1,0.37407395,-6.143,0.21826512,0
ZINC000852785585,Cc1cnc(CN2CC3CC2(C)C3)s1,0.47772527,-6.77,0.35840422,0
ZINC000895249247,C=CCONC(=O)N1CCO[C@@H](OC)C1,0.45671842,-5.937,0.4033926,0
ZINC000907892898,COC(=O)CC(=O)N(C)[C@H](C)C(=O)OC,0.38922256,-5.233,0.34287938,0
ZINC000912362293,C#CCN(C(=O)CC1CSC1)C1CSC1,0.32370102,-5.93,0.14062499,0
ZINC000930940929,Cc1cc(CCC(=O)Nc2c(C)noc2C)no1,0.54970807,-8.345,0.33725408,0
ZINC001174664747,Cc1c(F)cccc1Nc1cccnc1O,0.5823759,-8.286,0.40809977,0
ZINC001240730412,CNc1cc(-c2cccnc2C)ccn1,0.62974817,-7.615,0.57169914,0
ZINC001349080090,CC(C)OCC(=O)NCc1cccc(O)c1O,0.5967781,-7.666,0.50108624,0
ZINC000082715917,c1cnc2c(c1)cccc2Nc1cncnc1,0.59993786,-7.556,0.51878136,0
ZINC000107969690,Cc1cc(C[S@](=O)c2ccc(C)cc2C)no1,0.61236346,-8.576,0.43735322,0
ZINC000204367585,C=C(C)c1ccc([C@@H](O)C2CC2)cc1,0.57061213,-7.636,0.45237276,0
ZINC000235341412,C[C@@H]1CCN(Cc2cncc(F)c2)C[C@@H]1O,0.5685963,-7.743,0.43725562,0
ZINC000267291386,Cc1cscc1C(=O)N(C)Cc1ccon1,0.5820968,-6.78,0.56411517,0
ZINC000300203167,COC(=O)[C@H]1C[C@H](C)C[C@H](C)C1,0.37255743,-6.722,0.15506646,0
ZINC000336739097,CC[C@@H](N[C@@H](C)C(F)(F)F)c1ccn(C)n1,0.3862807,-7.141,0.13869052,0
ZINC000358833483,CC(C)[C@H](O)C(=O)NCC1CC(F)(F)C1,0.43101996,-7.543,0.18552193,0
ZINC000381757096,C[C@H](NCCCn1cncn1)[C@H]1CCCO1,0.4947055,-6.607,0.40898648,0
ZINC000432453662,COCCC(=O)N1CC[S@@](=O)CC[C@H]1C,0.31260872,-6.152,0.09557238,0
ZINC000563401757,C=CCN(CCC#N)C(=O)[C@H]1CC[C@H]1C(N)=O,0.31129503,-6.354,0.071969554,0
ZINC000582997973,CC(C)N(Cc1ccccn1)C(=O)C[C@H]1C[C@@H]1C,0.46488568,-7.097,0.29897428,0
ZINC000622652398,Cc1cc(C(=O)NCCC2(CO)CC2)cnn1,0.4686487,-7.302,0.28511608,0
ZINC000744166396,NC(=O)c1cc(C(=O)OCc2cnccn2)c[nH]1,0.38575813,-7.15,0.13671976,0
ZINC000749524974,Cn1ccc(NC(=O)c2ccc(C=O)[nH]2)n1,0.41069123,-7.107,0.19058037,0
ZINC000791916571,C[C@@H](NC(=O)c1cocn1)c1nnnn1C1CC1,0.44459778,-7.217,0.24631026,0
ZINC000841626401,Cc1cc(NN=C2CCC[C@@H]3C[C@H]23)ncn1,0.50682503,-8.033,0.28474304,0
ZINC000854611463,CC(C)C(C)(C)C(=O)Nn1c(O)nnc1O,0.45583478,-7.304,0.2595249,0
ZINC000862349144,C#C[C@@H](C)N(C)Cc1ccc2[nH]ccc2c1,0.78210336,-8.021,0.83129203,0
ZINC000909083078,CC(=O)CCCCCNC(=O)c1c[nH]nc1C,0.3968761,-6.994,0.17496163,0
ZINC000913640951,CS(C)(=O)=NC(=O)c1cc(O)cs1,0.54465985,-5.725,0.59963673,0
ZINC000919747819,Cc1nc(Cl)n(CCO[C@H](C)C#N)n1,0.3597414,-5.606,0.2457017,0
ZINC000934173933,CC1(C(=O)NC[C@H](O)C(F)(F)F)CC=CC1,0.42668414,-7.519,0.17942815,0
ZINC001242757594,C/C=C(\C)c1cncc2nc(C)oc21,0.44405383,-7.351,0.2313017,0
ZINC001252589069,C=CCC[C@@H](O)CNc1cccnc1C#N,0.46529534,-6.913,0.31891498,0
ZINC001343839624,C/C=C(\C)COC(=O)C1(C(F)F)CC1,0.37194645,-6.852,0.14034103,0
ZINC001569345450,CCC(=O)NC[C@@H]1CCN1C[C@@H]1CCCOC1,0.5239909,-7.042,0.42177442,0
ZINC000058099801,C[C@H]1C[C@H]1C(=O)Nc1cc([N+](=O)[O-])ccc1F,0.5265436,-7.922,0.33534363,0
ZINC000070636457,CC[C@@H]1CC[C@H](N)C1,0.46448502,-5.646,0.44903076,0
ZINC000095532607,COC(=O)[C@@H](c1cccc(Cl)c1)N(C)C,0.5634697,-6.835,0.52149856,0
ZINC000108284190,C[C@@H](N)CN1CCCNCC1,0.36692315,-5.202,0.3019291,0
ZINC000184213971,CC(C)[C@H]1C[C@H]1C(=O)OCC(F)(F)C(F)F,0.30582568,-6.508,0.045125015,0
ZINC000227203583,CC(C)[C@H](O)CN1CCC[C@@H]2CCC[C@H]21,0.45782006,-7.187,0.27562124,0
ZINC000306863111,CC(C)[C@@]1(C)C[C@H]1Nc1nnnn1C,0.49742326,-6.876,0.38640407,0
ZINC000308535315,CCCC(=O)N1CC[C@@H](C(F)(F)F)C1,0.32080504,-7.027,0.020840999,0
ZINC000491386278,C#C[C@@H](CCC)NC(=O)[C@H]1CCC(=O)C1,0.47354862,-8.015,0.22069684,0
ZINC000532482586,COC[C@](C)(O)CNC(=O)Cc1ccco1,0.35166594,-6.338,0.15360412,0
ZINC000535137709,C=CCSCc1cccc(C(=O)OC)c1C#N,0.44797117,-7.674,0.20548156,0
ZINC000652825255,COC[C@H]1C[C@@H](O)CN1C(=O)c1cc[nH]n1,0.41205812,-6.418,0.26491848,0
ZINC000716757359,Cc1[nH]nc(CNC(=O)c2ccc(O)nc2)c1C,0.5734835,-8.382,0.38050437,0
ZINC000760349818,C#CCCn1ccc(-c2cccs2)n1,0.49648514,-7.445,0.32539085,0
ZINC000811012393,C=CCCCCOC(=O)c1cccnc1C,0.5115239,-7.001,0.40134075,0
ZINC000876499755,COc1cnn(CCC(=O)N(C)OC)c1,0.46290243,-5.319,0.47989166,0
ZINC000922558072,C[C@H]1[C@@H](NCc2ccnc(N(C)C)n2)CCN1C,0.5985654,-6.835,0.59102,0
ZINC000931165793,C[C@@H](O)[C@H](O)CN1Cc2ccc(O)cc2C1,0.6730357,-7.768,0.6415415,0
ZINC000934974285,CCNC(=O)Nc1cnc2c(c1)CNC2=O,0.5617093,-7.627,0.43567267,0
ZINC001202139081,FC1(F)C[C@@H]2CN(CC3CCCC3)C[C@@H]21,0.43846565,-7.58,0.1964245,0
ZINC001206439199,CSc1cc(Nc2cccnc2O)nn1C,0.56661934,-6.692,0.5426044,0
ZINC001211496287,Cc1cnc(F)c(Nc2ncccc2C#N)c1,0.5446826,-7.965,0.36680496,0
ZINC001228909789,CC[C@H](O)C(=O)Oc1cc(C)nc(SC)n1,0.3807251,-6.523,0.19193447,0
ZINC001235292879,Cc1ncc2n1CCN(CCCCCO)C2,0.67006934,-6.537,0.76364374,0
ZINC001239475442,CC1(c2ccnc(C3=CCOC3)c2)OCCO1,0.5921198,-8.229,0.43332756,0
ZINC001243429717,CC(C)n1nccc(-c2ccnc(O)c2)c1=O,0.48652554,-7.795,0.26927477,0
ZINC001252542470,C=C[C@](C)(O)CNc1cncc(O)c1,0.5253797,-6.084,0.5241219,0
ZINC001341625317,CCc1ncc(-c2nnc(CN(C)C)o2)s1,0.5221564,-6.458,0.4788547,0
ZINC001604900978,COc1ccsc1CN1CC(C(=O)O)C1,0.57436645,-6.23,0.6059816,0
ZINC000019471828,CCN[C@@H](C)c1ccc(F)cc1,0.65809757,-6.38,0.7562509,0
ZINC000022538247,CSc1cccc(NC(=O)c2coc(C)n2)c1,0.5811945,-7.361,0.50192535,0
ZINC000038038238,Cc1nccc(CNC(=O)C2=NNC(=O)CC2)n1,0.45963538,-7.756,0.22006233,0
ZINC000061117605,Cc1cc(N[C@H](C)C2CC2)ccc1F,0.5402598,-7.483,0.4081539,0
ZINC000122934343,C[C@@H](c1ccco1)N(C)Cc1nc(C2CC2)no1,0.5403376,-7.176,0.44022465,0
ZINC000189287156,COCCC(=O)O[C@H]1CCc2cccnc21,0.56121194,-7.018,0.49800095,0
ZINC000194675923,CCn1ncc2ccc(NC(=O)[C@H]3C[C@H]3C)cc21,0.60252017,-7.78,0.50060904,0
ZINC000276651257,CC(C)=CCNC(=O)N1CCC(C)(C)C1,0.43328956,-7.562,0.18804249,0
ZINC000328984184,O=C(CC1CC1)N1CCN2C(=O)N=C(O)[C@H]2C1,0.42442578,-7.685,0.1576967,0
ZINC000336737471,FC(F)(F)C1(CNCc2cncs2)CC1,0.41236997,-6.291,0.2787395,0
ZINC000344618719,O=C(CCCn1cccn1)NCCCCCO,0.5306289,-6.687,0.47183043,0
ZINC000347915612,COC(=O)[C@@H](NC(=O)c1cc[nH]n1)[C@@H](C)O,0.32230407,-6.082,0.12205537,0
ZINC000351777941,COCCCC(=O)N[C@@H](COC)C(=O)OC,0.2876472,-5.421,0.12212271,0
ZINC000573493605,CC(C)C(C)(C)Nc1nccn2nnnc12,0.43185285,-7.168,0.22615786,0
ZINC000593693794,C[C@@H](CCO)N(C)Cc1ccc(C#N)o1,0.5373933,-6.507,0.5039434,0
ZINC000613030378,O=C(CCCF)N1CCC[C@H]1CO,0.39843628,-5.677,0.31497136,0
ZINC000623744550,O=C(NCC1CC=CC1)NC[C@H]1CCCS1,0.5376809,-7.751,0.37518334,0
ZINC000655354843,Cc1noc(CN(C)C(=O)c2ccc(C)nc2)n1,0.49044448,-7.717,0.28514692,0
ZINC000820304606,Cc1cnc(CNC(=O)CN2CCCC2)s1,0.40109095,-6.546,0.22988626,0
ZINC000841473710,COc1cccc(SC)c1NC(=O)[C@@H](C)O,0.4001369,-6.364,0.24691762,0
ZINC000862558453,C#CC[C@H]1CCN(C(=O)c2cccc(O)c2)C1,0.5435606,-9.025,0.25438166,0
ZINC000865269049,CC(C)[C@H]1CN(C(=S)NC2CC2)CCN1C,0.5654894,-6.472,0.56323797,0
ZINC000928520124,C#CC(=O)N1CCOC[C@H]1c1ccc(COC)o1,0.47224444,-7.759,0.2447279,0
ZINC001123229157,CC[C@H](F)C(=O)OC[C@@]12CCC[C@H]1OCC2,0.51488644,-6.62,0.4476115,0
ZINC001142825786,Cc1cnc(CNC(=O)c2cccc(F)c2)nc1,0.54173666,-8.606,0.29432902,0
ZINC001173826896,Cc1cc(C)cc(Nc2ncn(C)n2)c1,0.5489394,-7.553,0.41807005,0
ZINC001350650760,CC1(CN[C@H](CCF)C(=O)O)CCC1,0.2871792,-6.035,0.057362497,0
ZINC000005019573,Cc1ccc(CNCc2ccccc2)s1,0.6069327,-7.649,0.522969,0
ZINC000045028455,Cc1ccc(-c2ccc(N)cc2)nc1,0.5795163,-8.111,0.42062867,0
ZINC000165388500,CC[C@H]1CCCN(c2cc(=O)[nH]cn2)C1,0.44500715,-7.768,0.1898376,0
ZINC000170618858,COC(=O)c1cc(C)nc(O)c1[N+](=O)[O-],0.5843465,-6.863,0.5599426,0
ZINC000258457281,Cc1ccc(C[C@@H](F)CO)cc1,0.42047352,-6.965,0.22472094,0
ZINC000294088452,CCC1(CC)CN(C(=O)CCn2cccn2)C1,0.48822725,-7.274,0.32681036,0
ZINC000294209167,COC[C@H]1CCN1C(=O)[C@@H](C)c1cccnc1,0.4647498,-6.943,0.31471545,0
ZINC000308961753,OC[C@@H](CC1CC1)Nc1ncccc1Cl,0.45343742,-6.781,0.30914858,0
ZINC000310030038,CC[C@@H](C)[C@H](O)CNC(=O)[C@H]1CCNC1,0.50967956,-6.846,0.41380155,0
ZINC000359534618,O=C([C@@H]1COCCO1)N1CC2(CCC2(F)F)C1,0.4262303,-7.887,0.14027081,0
ZINC000489875079,Cc1nnsc1C(=O)Nc1cnccc1C,0.4547403,-7.441,0.2431139,0
ZINC000563113466,CC/C=C\CCN1C(=O)[C@@H]2CSCN2C1=O,0.3736027,-7.091,0.11877474,0
ZINC000624537492,Cc1nc(C)c(C)c(Nc2cnn(CCF)c2)n1,0.473806,-7.442,0.2807774,0
ZINC000680695528,c1csc(-c2nc(C3CCC3)no2)c1,0.49117297,-7.487,0.31050146,0
ZINC000779467850,Cc1cc(C(=O)N=c2nn[nH]n2C)on1,0.37432906,-7.011,0.12853065,0
ZINC000824588117,CON(C)CCCNC(=O)C1(CN(C)C)CC1,0.3328447,-6.119,0.13908878,0
ZINC000828934836,COCCC(=O)N1CCC[C@@H]1CNC(=O)O,0.34760267,-5.903,0.190779,0
ZINC000873986710,C[C@@H](Cc1ccco1)NC(=O)C(N)=O,0.39549342,-6.672,0.20569871,0
ZINC000884525302,Cc1cnc(NC[C@H](O)C2CCC2)o1,0.48533437,-6.664,0.3844972,0
ZINC000897008991,C[C@@H]1CO[C@H](C(=O)N[C@@H](CCO)C2CC2)C1,0.36107334,-6.819,0.12223317,0
ZINC000922509205,C[C@@H]1C[C@H]1[C@@H]1C[C@H]1NCc1ccc(F)nc1,0.4959084,-8.088,0.2574002,0
ZINC000935819822,CN(CCCO)C(=O)CCC1(C)CC1,0.2973478,-5.802,0.101728946,0
ZINC001123055780,CC(=O)N[C@H](C)COC(=O)[C@]1(C)C=CCC1,0.4296937,-6.923,0.24735168,0
ZINC001203978528,FC1(F)CC[C@@H]2CN(Cc3ncc[nH]3)C[C@@H]21,0.4586502,-6.929,0.30408815,0
ZINC001326714721,O=C(Nc1ccnnc1)N1CCC12CCCC2,0.5112607,-7.388,0.36058578,0
ZINC001599742907,CS(=O)(=O)[C@H](C(=O)O)c1cccc(Cl)c1,0.4400025,-7.415,0.21662275,0
ZINC000001995385,CC(C)Oc1ccccc1C(=O)NCCCN,0.54000425,-7.09,0.44850513,0
ZINC000184245609,C#CCOC(=O)CO[C@@H]1CCCC[C@@H]1CC,0.44960216,-6.815,0.29801652,0
ZINC000246657154,COC[C@@H]1CCCN(C(=O)[C@@H]2C[C@@H]2C)C1,0.42293963,-6.426,0.2856421,0
ZINC000332487784,C[C@@H](O)[C@@H](C)S(=O)(=O)CCC(F)(F)F,0.26832533,-5.879,0.036232892,0
ZINC000533580286,Cc1ccc(CC(=O)N2CCC[C@@H](CO)C2)o1,0.37914354,-7.784,0.05770435,0
ZINC000646121618,C=CCNC(=O)CN1CN(C)C(=O)[C@@H]1C,0.38983774,-6.51,0.21133737,0
ZINC000687727503,O=[N+]([O-])CCNCc1ccccc1,0.39613348,-6.436,0.23150188,0
ZINC000688104836,CCCOC(=O)N1CCCC[C@H]1[C@@H](C)O,0.48880213,-6.533,0.4049857,0
ZINC000723842891,Cc1cc(C)nc(Cn2cc(C(C)(C)O)nn2)c1,0.4885827,-8.298,0.22105648,0
ZINC000779372746,O=C(NN1CCCNC1=O)c1cscn1,0.39823103,-6.217,0.25842485,0
ZINC000837047886,C=CCONC(=O)/C=C\C1CC1,0.453743,-6.028,0.38803798,0
ZINC000893657418,C=CCCCCNCc1ccc(OCC)o1,0.6292342,-6.497,0.68691146,0
ZINC000900155250,C/C=C\[C@H](O)C(=O)N(CC)c1ccc(OC)cc1,0.45910335,-7.382,0.25789055,0
ZINC001200599893,CNC(=S)N1CCC(C)(O)CC1,0.38077787,-5.717,0.27583313,0
ZINC001222368371,C=CCn1cc(-c2nccc(SC)n2)cn1,0.52445316,-6.895,0.4379726,0
ZINC001234451620,CC[C@@H](O)C(=O)Oc1noc2c1CCCC2,0.45114127,-8.01,0.17682968,0
ZINC001239609152,CCc1ncc(F)c(-c2ccncc2)n1,0.44570994,-7.696,0.19871509,0
ZINC000005678103,CCc1cc2ccccc2[nH]c1=S,0.65294385,-8.052,0.5722159,0
ZINC000017877794,NC(=O)[C@H](O)[C@H](O)C(N)=O,0.2353565,-4.783,0.08486796,0
ZINC000093453133,Cc1ccc(CN[C@@H]2CCC[C@H]2[C@@H]2CCCN2)o1,0.58042485,-7.701,0.46505326,0
ZINC000292407033,COC[C@H]1CCN1C(=O)NCc1cccnc1,0.54878974,-7.03,0.47214615,0
ZINC000307135727,CC[C@@H]1C[C@H]1NC(=O)[C@@H](C)O,0.30882943,-5.567,0.14890426,0
ZINC000336448862,C[C@H]1CC[C@@H](CC(=O)N2CC(F)C2)C1,0.37686443,-7.235,0.11026526,0
ZINC000579606210,CCCCCC(=O)N1CCC[C@@H](F)C1,0.34104052,-6.595,0.10583761,0
ZINC000595960242,CSC[C@@H]1CCCN1C(=O)[C@H]1C[C@H](N)C1,0.37375295,-6.302,0.20109914,0
ZINC000601100059,COC[C@@H](C)N=c1cc(C#N)nc(C2CC2)[nH]1,0.5671827,-6.674,0.5455918,0
ZINC000635879617,O=C(N[C@@H](CO)CC1CCC1)[C@H]1C[C@@H](O)C1,0.42693537,-7.357,0.19676778,0
ZINC000662371676,Cn1ncnc1CN1CCO[C@](C)(C(F)F)C1,0.31954235,-6.604,0.062316045,0
ZINC000748026482,Cn1ccsc1=NC(=O)c1cc(CO)on1,0.39265454,-6.468,0.22128358,0
ZINC000840009503,O=C(OCCC1(O)CCC1)c1ccco1,0.4736926,-6.784,0.34896034,0
ZINC000897691598,CC1(O)CN(C(=O)[C@@H]2CC[C@H](C(N)=O)C2)C1,0.46133888,-7.755,0.22354078,0
ZINC000900526966,CC[C@@H](O)[C@H](C)C(=O)Nc1c[nH]ccc1=O,0.5353416,-7.102,0.4380213,0
ZINC000925338968,CC(C)ONC(=O)N[C@H]1CCN(C)[C@H]1C,0.38600174,-6.537,0.20093156,0
ZINC000928453291,CCO[C@H](C)C(=O)N[C@H]1CCN(C)[C@@H]1C,0.48780066,-6.498,0.40664053,0
ZINC001162281849,Cc1noc2ccc(NCc3ncon3)cc12,0.70250124,-7.628,0.7144648,0
ZINC001205538120,c1coc(Nc2cnn(C3COC3)c2)n1,0.40406865,-5.998,0.2927565,0
ZINC001226583938,c1cn2nc(O[C@H]3C=CCC3)ccc2n1,0.4993922,-7.721,0.30245572,0
ZINC001331588705,N#CCCCNc1nccc2cccnc21,0.39738557,-7.272,0.14706919,0
ZINC001579832309,Cc1conc1CNC(=O)c1ccc(N)cc1O,0.5975762,-8.199,0.44725507,0
ZINC000001509360,Oc1ccc2scnc2c1,0.528283,-5.665,0.5734335,0
ZINC000070256058,CCC(=O)Nc1cc(C(N)=O)ccc1F,0.42229217,-7.15,0.20909035,0
ZINC000155190561,CC(C)[C@H](CCO)NC(=O)c1cc[nH]c1,0.4719149,-6.52,0.3728851,0
ZINC000172804163,CC(=O)c1ccccc1C(=O)NC[C@@H](C)C#N,0.4654991,-7.978,0.2085981,0
ZINC000242687897,CCn1ccc([C@H](O)CCO)n1,0.37112078,-5.63,0.26574808,0
ZINC000264610096,C1=C[C@H](Cc2nc(-c3ncccn3)no2)CC1,0.58137834,-8.016,0.43419376,0
ZINC000283422546,C[C@H](N[C@H]1CSC1(C)C)c1ccco1,0.4310378,-6.488,0.29523814,0
ZINC000308966328,CO[C@@H]1CCC[C@H]1CNCc1nccs1,0.557716,-6.056,0.5910881,0
ZINC000353489231,CN(C[C@@H](C#N)CCC#N)C1CC(O)C1,0.38923657,-6.53,0.20806724,0
ZINC000356410680,Cc1c[nH]nc1CN1CCC[C@H]1CCO,0.65537447,-6.225,0.766971,0
ZINC000356873510,C=C[C@@H](CO)NC(=O)c1cccc(F)c1,0.4627549,-7.322,0.27136174,0
ZINC000377309626,COCCCCNC(=O)C[C@H]1CCCC(=O)N1,0.39855477,-7.022,0.175376,0
ZINC000402820854,C[C@@H]1CN(c2nccnc2F)C[C@H]1C,0.45044696,-6.789,0.30239305,0
ZINC000650828211,CC/C=C\CNC(=O)CC(C)C,0.32305327,-6.516,0.07841962,0
ZINC000674233372,COC[C@H](C)NC(=O)c1cc[nH]c1C,0.56685597,-6.169,0.5974458,0
ZINC000716052674,CCOCCN[C@H](C)c1ccns1,0.45543808,-5.754,0.41988164,0
ZINC000772161261,Cc1ccc(COC(=O)/C=C/C2CC2)c(C)n1,0.42412102,-7.863,0.1385876,0
ZINC000784997436,COC[C@@H](C#N)OC(=O)c1ccc([N+](=O)[O-])o1,0.47371602,-6.345,0.3946465,0
ZINC000797839346,CN(CCC#N)C(=O)C[C@@H]1CCC(F)(F)C1,0.36992136,-7.415,0.07779837,0
ZINC000818344231,CCn1nc(C)c(CN[C@@H](C)CC(N)=O)n1,0.5790618,-6.107,0.6280701,0
ZINC000820481895,O=C(Cc1cc[nH]n1)N[C@H]1CCCN(O)C1=O,0.40029132,-7.57,0.12184424,0
ZINC000847665694,CC(=O)COC(=O)c1cccc(C2CC2)c1,0.63491964,-8.29,0.51176834,0
ZINC000872522321,Cn1ncc2c1nc(Cl)nc2NCCC#N,0.46124196,-6.535,0.35018355,0
ZINC000883490683,C=C(Cl)CNC(=O)NC[C@@H]1C=CCC1,0.43513098,-6.879,0.26269686,0
ZINC000886823168,c1csc(CN2CC[C@H]([C@@H]3CCCO3)C2)c1,0.46443644,-6.983,0.30993617,0
ZINC000893841431,CCC#CCOC(=O)[C@@H]1CO[C@H](C)C1,0.5002101,-7.474,0.32975477,0
ZINC001163985955,Cc1cc(CN)nn1-c1cnc(F)c(C#N)c1,0.5802639,-8.121,0.42107007,0
ZINC001174422579,COc1ccc(F)c(F)c1-n1cc(N)c(N)n1,0.45159099,-7.378,0.24342513,0
ZINC001175094225,Cc1cc(Nc2c(F)cc(O)cc2F)no1,0.45836836,-8.091,0.18272495,0
ZINC001194762137,CC[C@H](C)COC(=O)NCc1ncon1,0.3545542,-6.676,0.124185994,0
ZINC001195118470,CC[C@H](C)OC(=O)Nc1ccc2c(c1)C(=O)NC2,0.7242903,-8.711,0.64503515,0
ZINC001230291924,CO[C@H](C)CCOc1cc(F)ccc1O,0.36443427,-6.574,0.15436172,0
ZINC000050213599,Cn1cc(Cn2cc(C(=O)O)nn2)cn1,0.35861802,-6.446,0.15614754,0
ZINC000053302739,CC(C)CNCC[C@@H]1CCCCO1,0.37593058,-6.275,0.2082198,0
ZINC000134248501,C[C@@H](N[C@@H]1CCCN(C)C1)C(N)=O,0.516119,-5.969,0.51773304,0
ZINC000175387339,Cc1[nH]ccc1C(=O)N1C[C@H](C)OC[C@@H]1C,0.6048862,-7.212,0.56434685,0
ZINC000279783316,Cc1n[nH]cc1CN[C@H](CO)CC1CCC1,0.4214984,-6.514,0.27363834,0
ZINC000287968004,C[C@H]1CN(c2cc(C#N)ccn2)CC[S@@](=O)C1,0.5162384,-8.395,0.26575547,0
ZINC000294013058,Cc1ccc(CC(=O)N2C[C@H](C)[C@H]2C)cn1,0.38111302,-7.328,0.10901278,0
ZINC000306348832,C[C@H]1C[C@@H]1CC(=O)Nc1ccn[nH]1,0.46228886,-6.843,0.32023677,0
ZINC000431249591,CC[C@@H](C)NC(=O)c1c[nH]c(C(=O)OC)c1,0.48486933,-6.85,0.36423892,0
ZINC000619389416,CC1(C)[C@H](CNC(=O)c2nc[nH]n2)C1(F)F,0.45741925,-7.107,0.28314433,0
ZINC000620420793,O=C(c1cscn1)N1CCc2nccnc2C1,0.42907095,-7.325,0.20432502,0
ZINC000648678319,C[C@@H]1SCC[C@H]1NC(=O)CCn1ccnn1,0.39379528,-6.791,0.18996327,0
ZINC000657240125,CCC(CC)Cn1nc(-c2ccco2)oc1=O,0.5256049,-7.429,0.38473782,0
ZINC000828344648,CC[C@H](Nc1cc(Cl)nc(N)n1)C(F)F,0.49088505,-6.553,0.4070325,0
ZINC000843846011,C[C@H]1[C@H](C)N(C(=O)C2(F)CC2)CCN1C,0.5069858,-6.848,0.40825754,0
ZINC000903982076,N[C@@H]1CN(CC2(F)CC2)C[C@H]1C(F)(F)F,0.36616823,-7.405,0.07140339,0
ZINC001193496026,CC(C)OC(=O)Nc1ccc(CO)c(F)c1,0.5775715,-7.46,0.4844561,0
ZINC001239787695,C1=C(c2cccc3c2OCO3)CCC1,0.5256499,-8.182,0.306543,0
ZINC001441552385,C=C/C=C\CC(=O)Nc1cccc(OCC#N)c1,0.47266454,-7.696,0.2521097,0
ZINC000044137396,CC(=O)NC1=C(C)CCc2ccccc21,0.57897174,-8.434,0.38597006,0
ZINC000167649668,C[C@H]1CCN(S(N)(=O)=O)C[C@@H]1CN,0.55146646,-6.315,0.5517819,0
ZINC000171515844,COCC(=O)N[C@@H]1CCC[C@@H](C(C)C)C1,0.42079046,-6.928,0.22919536,0
ZINC000282801503,C#CCCN1C[C@@H](OC)Cc2ccccc21,0.5444828,-7.936,0.36942413,0
ZINC000309019012,Nc1ccc(C=NNCC(F)F)c(Cl)c1,0.7582784,-6.817,0.90926826,0
ZINC000345999978,COC[C@@H](O)CNC(=O)N[C@@H]1CCCOCC1,0.40496057,-6.722,0.21925415,0
ZINC000380026844,Cc1nc(CN[C@H]2CC[C@H](C#N)C2)cs1,0.53907704,-7.374,0.41714293,0
ZINC000388905331,CCSc1cccc(C=NOC)c1,0.4060442,-6.672,0.22659886,0
ZINC000389894872,O[C@]1(CNC2CC(C(F)F)C2)CCOC1,0.38799608,-6.829,0.17452502,0
ZINC000681153895,c1cnnc(N2CCCC3(CC3)C2)c1,0.4607083,-7.506,0.24817841,0
ZINC000728766418,Cc1cc(C(=O)OCC2CC2)c(C)[nH]1,0.41768914,-6.237,0.29489034,0
ZINC000745049031,C[C@H](C(=O)OCc1ccon1)C(C)(C)C,0.3551887,-6.598,0.13355199,0
ZINC000884614245,OC[C@@H](C[C@@H]1CCCO1)Nc1cnccn1,0.4045295,-6.124,0.2805701,0
ZINC000886181164,Cc1coc(CNc2cc3n(n2)CCN(C)C3)c1,0.6107154,-8.052,0.48856515,0
ZINC000890523189,C#CC1(O)CN(C(=O)C(F)=C2CCCC2)C1,0.43266025,-7.831,0.15882987,0
ZINC000898429779,Fc1ccc(CCNC/C=C\Cl)cc1F,0.68639094,-7.403,0.70594347,0
ZINC000904532774,COCc1noc(C2SCCCS2)n1,0.41689563,-5.974,0.3206607,0
ZINC001242055658,C=C/C(=N\COC)c1cnccc1OC,0.34980798,-6.155,0.16894883,0
ZINC001593665377,CCn1cc(CS[C@H](C)C(=O)O)nn1,0.32407558,-5.964,0.13783222,0
ZINC000001671777,O=C(O)c1cc(=O)[nH]c(Cl)c1,0.34334797,-6.19,0.15251344,0
ZINC000006662788,C[C@H](Nc1ccc([N+](=O)[O-])cc1C#N)C(=O)O,0.4520109,-7.558,0.22554362,0
ZINC000032818818,CSCC[C@@H](NC(=O)C1CC1)C(N)=O,0.30311716,-5.651,0.1288559,0
ZINC000085704648,C[C@H](N)CCNC(=O)c1ccncc1Cl,0.37257862,-6.598,0.16799983,0
ZINC000158796613,CC[C@@H](NCCO)c1ccc(F)cn1,0.43762526,-6.276,0.33032742,0
ZINC000171782220,C=CC(=O)NCCNC(=O)c1sccc1C,0.48757783,-6.803,0.37449044,0
ZINC000183748844,O=C(c1ccccc1)N1CCc2c1cccc2F,0.5516492,-9.496,0.22143799,0
ZINC000287007085,Cc1cc[nH]c1C(=O)N1CCC[C@](F)(CO)C1,0.47447962,-7.749,0.25019515,0
ZINC000302238681,Cc1nnc(N2CCCC3(CC3)C2)s1,0.44543242,-6.976,0.27301866,0
ZINC000308806155,CCCOC(=O)NCc1ccncc1C,0.3981284,-6.741,0.20374492,0
ZINC000379958809,Cc1ccc(C#N)nc1NCC[C@@H](C)O,0.5192378,-7.229,0.39291787,0
ZINC000384535931,COCCC(=O)N1CC[C@H]1C(=O)O,0.2989929,-5.515,0.13482505,0
ZINC000417052789,CN[C@@H]1CCN(C(=O)NCCC2CCCC2)C1,0.44374102,-7.374,0.2282909,0
ZINC000452334984,Cc1ccoc1CN(C)C(=O)[C@H](O)C1CCC1,0.5471941,-7.453,0.425009,0
ZINC000577346311,O=C(N[C@H]1[C@@H]2COC[C@@H]21)c1[nH]ccc1C1CC1,0.5059511,-7.707,0.3169038,0
ZINC000614026638,CC(=O)N[C@@H](CCC(C)C)C(=O)N1CC(C)C1,0.4194133,-6.714,0.2487154,0
ZINC000655669686,Cc1nc(COc2cccc3c2CCCC3)co1,0.75465435,-8.682,0.7081985,0
ZINC000740263268,Cc1noc(CNC(=O)[C@H](C)NC(=O)O)n1,0.32437772,-6.512,0.081459075,0
ZINC000821056157,CCCCCNCc1ccc(-c2nn[nH]n2)o1,0.6955776,-7.311,0.73370606,0
ZINC000848346327,CON=CC(=O)N[C@@H](C)C1CCC(F)(F)CC1,0.4217179,-7.696,0.15118906,0
ZINC000857046928,C#C[C@H]1COCCN1Cc1nccnc1C,0.41352582,-6.489,0.26044452,0
ZINC000877242782,C/C(=C/c1ccco1)C(=O)NC[C@H]1C[C@H](N)C1,0.60595405,-7.2,0.5677097,0
ZINC000912144365,C[C@@H]1CCCCN1NC(=O)c1ccc(F)s1,0.43787166,-7.752,0.17736627,0
ZINC000934014025,OC[C@@H]1CCN1Cc1nccn1-c1ccccc1,0.6917951,-7.722,0.68348444,0
ZINC000935235378,CN1C[C@H](NC(=O)C2(C)CC=CC2)C(=O)N1,0.53681195,-7.689,0.37990767,0
ZINC001240517212,CNc1cnc(-c2c[nH]nc2C)cc1C(=O)OC,0.498483,-7.622,0.310947,0
ZINC001567147077,Cc1nc[nH]c1CC(=O)N(C)[C@H]1CCSC1,0.34468746,-6.191,0.15506291,0
ZINC000004139473,Cc1nc(C)c(-c2csc(N)n2)s1,0.5361628,-6.144,0.5392444,0
ZINC000019120402,Cc1cc(CNC(=O)C[C@H]2CCCCO2)on1,0.40414426,-7.427,0.14434326,0
ZINC000123091637,CC[C@H](SC)C(=O)Nc1ccncc1F,0.40087587,-6.552,0.2288364,0
ZINC000170599690,C=CC[C@@H](C)NC(=O)Nc1ccnn1C,0.45975214,-6.508,0.35003936,0
ZINC000231780501,O=C(NCC(F)(F)CO)N1CCCC1,0.32916254,-6.327,0.11017051,0
ZINC000307212887,COC[C@H](C)N1CC[S@@](=O)[C@@H](C)C1,0.5697675,-5.497,0.6730763,0
ZINC000308503988,COC(=O)NCCNC1=NCCN1C,0.31380406,-5.535,0.16208537,0
ZINC000414258371,CC[C@@H](C)[C@H](C)NCc1nc2ncccn2n1,0.54604715,-7.122,0.45714873,0
ZINC000611820780,C=C[C@@H](O)C(=O)N[C@@H](COC)Cc1ccccc1,0.6011056,-7.195,0.55862516,0
ZINC000615020535,Nc1n[nH]c(CCNC(=O)[C@H]2CCCS2)n1,0.44033244,-7.068,0.25335145,0
ZINC000631657774,CC[C@H]1CCC[C@@H]1NCC(C)(C)F,0.34030646,-6.098,0.1560531,0
ZINC000646126386,CCCN[C@H](C)C(=O)N1CCC[C@@H]1C,0.37729767,-6.357,0.20240292,0
ZINC000781582994,C=C[C@@H](C)OC(=O)c1ccc(C)n1C,0.3986489,-6.56,0.2235933,0
ZINC000797858703,O=C(OCCCC1CCCC1)c1ccc[nH]1,0.43799496,-7.566,0.19694757,0
ZINC000870546224,C=C(C)C[C@H](NC(=O)C#CC)C(=O)OC,0.33075133,-6.709,0.07360392,0
ZINC000870972729,N[C@H]1C[C@H](CNC(=O)CCNCC2CC2)C1,0.42359668,-6.061,0.32489008,0
ZINC000880494301,OC[C@@H]1C=CCN1CCc1cnccn1,0.46180487,-6.408,0.3645019,0
ZINC000925912202,C[C@H]1C[C@@H]1C(=O)N=S1(=O)CCCC1,0.36103255,-6.854,0.11851363,0
ZINC001318140655,O=C(NC[C@@H]1CCOC1)C1(C(F)(F)F)CC1,0.4299644,-7.356,0.202872,0
ZINC001320363316,COCCCN(C)c1cccc(CC#N)n1,0.54021823,-6.797,0.47939008,0
ZINC000061762799,CC[C@H](CO)Nc1nccn(C2CC2)c1=O,0.3659813,-6.192,0.1971401,0
ZINC000069645275,CCONC(=O)[C@H](C)Oc1ccccc1,0.4452674,-6.767,0.29442,0
ZINC000083468115,CC(C)(O)Cn1cnnc1,0.402428,-5.057,0.38733563,0
ZINC000086270681,C[C@H]1NCC[C@@H]1C(=O)NC[C@@H]1CCCO1,0.38893256,-7.187,0.13916138,0
ZINC000283077501,CO/N=C/C(=O)N1CCC[C@@H]1c1ccncc1,0.51669425,-7.003,0.41137484,0
ZINC000286324775,Cc1ccc(C#N)c(N(C)CCC(N)=O)n1,0.46079376,-7.327,0.2669571,0
ZINC000291495563,CCC1(C)CN(C(=O)Nc2cnns2)C1,0.45794308,-6.845,0.31142026,0
ZINC000335192988,CN(C(=O)[C@@H]1CC12CCCC2)c1ccc(F)cn1,0.51946974,-8.665,0.24408646,0
ZINC000430872311,CCc1ccc(CN2CC(C)=C[C@H](C)C2)o1,0.5652336,-7.586,0.44691646,0
ZINC000633780570,O=C(N[C@H]1CCCC12CC2)c1csc(O)n1,0.5251374,-7.658,0.36000437,0
ZINC000646579381,CC[C@H](C)OCC(=O)Nc1cccc(CN)c1,0.4885539,-7.542,0.2995954,0
ZINC000676698593,Cc1[nH]nc(C(=O)N(C)Cc2cc[nH]n2)c1O,0.5064411,-6.332,0.46082345,0
ZINC000679917838,Cc1ccccc1CCC(=O)N1CC(F)(F)C1,0.61070013,-8.463,0.44580615,0
ZINC000732581834,C[C@H](Cc1ccccc1)C(=O)OC/C=C\Cl,0.4769609,-7.524,0.27850202,0
ZINC000741449369,O=C(OCCCF)[C@@H]1CCCc2ccccc21,0.50288457,-7.414,0.34129035,0
ZINC000827654930,C#Cc1cnc(N(C)CCCC=C)nc1,0.46913067,-6.504,0.36903322,0
ZINC000849249543,Cn1cc(C(=O)/C=C/c2cc3n(n2)CCC3)nn1,0.46841353,-8.079,0.20387104,0
ZINC000863847986,CCO[C@H](C)C(=O)N(C)OCC(F)(F)F,0.27163765,-5.397,0.092904404,0
ZINC000878549355,C=C/C=C\CCN1CCC[C@H](c2nnc(O)o2)C1,0.61020976,-8.106,0.4819495,0
ZINC000935665994,CC/C=C(\F)C(=O)N(C)c1nccn1C,0.40097192,-6.684,0.21530357,0
ZINC001173800589,Cc1ccc(-n2cnc(N)c3ncnc2-3)cc1,0.54769206,-7.964,0.37287033,0
ZINC001179109166,CCCn1nccc1C(=O)NCc1cnoc1C,0.483066,-7.276,0.31637844,0
ZINC001181375495,O=C(Cc1ccccc1)C(=O)NCC(F)F,0.45204958,-7.59,0.22229339,0
ZINC001193915817,COC(=O)Nc1cc(Cl)c(F)cc1OC,0.5160526,-6.87,0.42393085,0
ZINC001206316953,COC(=O)[C@H](OCc1cccnc1)C(F)(F)F,0.3502128,-6.808,0.10186302,0
ZINC001244974670,C=Cc1ccc(-c2ccnc(NC)c2)nc1,0.635053,-7.721,0.5711874,0
ZINC001250476102,Fc1cnc(-c2c(F)cc(F)c(F)c2F)nc1,0.45919716,-8.445,0.14756384,0
ZINC001257552503,COC(=O)[C@@H]1C[C@H]1c1nnc(C2CCCC2)o1,0.496832,-7.878,0.28106204,0
ZINC000017175287,CN(C)/C=C\c1c([N+](=O)[O-])ncn1C,0.53226286,-5.698,0.5778865,0
ZINC000048041101,NC(=O)c1cccc(CN2CC[C@H](C(N)=O)C2)c1,0.5976077,-7.963,0.47185257,0
ZINC000104585868,N#C[C@]1(N)CCNC1,0.39116958,-4.524,0.42044592,0
ZINC000133010937,COC(C)(C)CN[C@@H]1CC[C@@H](C)C1,0.4192177,-6.444,0.2763979,0
ZINC000155954982,C=CC[C@@H](C)[C@@H](C)NCCc1ccco1,0.5015471,-6.707,0.41214275,0
ZINC000193634981,CNC(=O)[C@@H](C#N)C(=O)c1ccc(Cl)s1,0.43732986,-6.98,0.25655234,0
ZINC000282354692,COCC1(CNC(=O)Nc2ccccc2)CCC1,0.6511179,-7.89,0.5854409,0
ZINC000339512639,COc1ccc(CC(=O)NCc2ccc[nH]2)nc1,0.48842144,-7.323,0.32210085,0
ZINC000559410480,CCc1cnc(CN2CCC[C@H]2CF)o1,0.5965566,-6.417,0.6304972,0
ZINC000575628933,FC(F)c1ccsc1Br,0.3085513,-5.277,0.17850257,0
ZINC000576607332,COc1ccc(C[S@@](=O)CCC2CC2)nn1,0.44262663,-6.46,0.32110545,0
ZINC000628306907,Cc1ncc(CN2CC(C(F)F)C2)o1,0.57046235,-6.269,0.59419334,0
ZINC000686077987,C[C@H](O)CNc1ccc([C@H](C)O)cn1,0.62187463,-6.664,0.6549711,0
ZINC000764769660,O=C(OC1CCOCC1)C1CC(F)(F)C1,0.44195646,-7.539,0.207602,0
ZINC000814940340,Cn1ncc(C=Nn2c(O)nnc2O)c1Cl,0.41059923,-7.004,0.20110631,0
ZINC000819629662,O=C(N[C@@H]1C[C@H]1C1CCC1)c1ccnc(F)c1,0.51454365,-7.923,0.3114688,0
ZINC000830769523,N#Cc1ccc(F)c(COC(=O)C2(F)CC2)c1,0.42395335,-8.049,0.118918374,0
ZINC000837934233,C[C@H](O)COC(=O)[C@@]1(C)CCC[C@@H]1C,0.36924624,-6.825,0.13779914,0
ZINC000843755481,O=C(N1CCC1)C1(F)CC1,0.27188793,-5.712,0.06065189,0
ZINC000894781339,CN(c1nccn2cncc12)[C@H]1C[C@@H](C(N)=O)C1,0.48381323,-7.309,0.3144279,0
ZINC000985989283,CC(C)N[C@H]1CCN(C(=O)C(C)C)[C@@H]1C,0.5134623,-6.427,0.46485525,0
ZINC001161017818,C[C@@H]1CN(C(=O)[C@H]2C[C@H](O)C2)CCN1,0.34760502,-6.439,0.1350595,0
ZINC001240417723,Cc1ccnnc1-c1cnc2ccnn2c1,0.48525977,-7.99,0.24649462,0
ZINC001263499658,Cc1nc[nH]c1C(=O)O[C@@H]1CCCC[C@H]1F,0.50653964,-7.52,0.33751068,0
ZINC000132549916,CCc1nnc(C)cc1C(=O)NC[C@H](C)N,0.41078433,-7.057,0.19596294,0
ZINC000295843217,Cc1cnccc1CNC(=O)[C@H]1CC1(F)F,0.3877252,-7.808,0.072208755,0
ZINC000307927595,Cc1coc(SC/C=C\Cl)n1,0.404558,-5.126,0.38438153,0
ZINC000341576804,CCN(C[C@@H]1CCCO1)C(=O)N[C@H](C)CF,0.34024855,-6.266,0.13847259,0
ZINC000347176064,CSCCCCNC(=O)N1CC[C@](C)(F)C1,0.43190274,-6.538,0.2917533,0
ZINC000348502041,O=C1[C@@H]2C[C@H](F)CN2C(=O)N1Cc1cccnc1,0.41383088,-8.088,0.094812125,0
ZINC000378783936,COC(=O)CS[C@H]1CC[C@H](C)C1,0.3266383,-5.912,0.14831483,0
ZINC000398299877,O=C(NCc1cnn[nH]1)c1sccc1F,0.3618479,-6.681,0.1381144,0
ZINC000496200867,C[C@H](CCCO)NC(=O)[C@H]1NC(=O)O[C@H]1C,0.36746594,-6.591,0.15859982,0
ZINC000600621608,Cc1ncc(CSC[C@@H]2C[C@@H]2C)s1,0.6318372,-6.271,0.7155634,0
ZINC000638827743,COc1ccnc(NCc2ncnn2C)c1,0.5049157,-6.601,0.4298357,0
ZINC000641303794,Cc1cncnc1N(C)C[C@H]1CCCCO1,0.4052972,-7.185,0.17178617,0
ZINC000641655447,Cc1cnc[nH]c1=NCc1cc2n(n1)CCCC2,0.5167447,-8.104,0.29701158,0
ZINC000655933172,Cc1cc(NC(=O)NCCN)ccc1Cl,0.54398966,-7.376,0.42666638,0
ZINC000658088016,CC[C@H](C)[C@H](C)N[C@@H](CO)C1CCC1,0.34035057,-6.797,0.08347042,0
ZINC000735798614,Cc1nonc1COC(=O)C1CCC1,0.36949286,-6.702,0.15107511,0
ZINC000771013071,CCc1nnsc1C(=O)N[C@H](CO)C1CC1,0.45048264,-6.68,0.3137957,0
ZINC000794300119,CNC(=O)CC(=O)N1CCC(F)(F)CC1,0.3640674,-7.11,0.09791091,0
ZINC000794721596,CCn1cc(/C=C/C(=O)c2ccnc(F)c2)cn1,0.50768036,-8.202,0.2688676,0
ZINC000814927867,C=CCNN=C1COc2cccc(Cl)c21,0.6473063,-7.287,0.64058006,0
ZINC000819479463,CC[C@@H](O)CNc1ccc(SC)cc1OC,0.46063948,-6.476,0.35512388,0
ZINC000854341769,CC1=NO[C@H](C(=O)N(C)CCCO)C1,0.33037654,-5.684,0.17942344,0
ZINC000859867581,CC1(C)C(NC(=O)c2cccnn2)C1(C)C,0.43304843,-7.64,0.17945573,0
ZINC000863762001,CSC[C@H](C)C(=O)N1C[C@@H]2COC(=O)[C@@H]2C1,0.4171868,-7.048,0.2095813,0
ZINC000886536528,C[C@H](NCC(=O)NCC(F)F)c1ncco1,0.37468472,-6.461,0.18641476,0
ZINC000914351294,CC1(CNC(=O)CCF)CC(F)(F)C1,0.32822073,-6.795,0.0596502,0
ZINC000931234890,C[C@@H](c1csnn1)N(C)C1CS(=O)(=O)C1,0.4232393,-6.42,0.28685945,0
ZINC001244115369,N#Cc1cc(-c2cnc(F)cn2)ccc1N,0.6614816,-7.961,0.59858906,0
ZINC001255060894,CCc1nnc(-c2ccc([N+](=O)[O-])o2)o1,0.4329811,-7.405,0.20375365,0
ZINC001331584557,C=C/C=C\CCOC(=O)Cc1ccoc1,0.52520823,-7.049,0.42345798,0
ZINC000002279604,O=C(O)CCCCCNC(=O)c1ccco1,0.33773363,-6.79,0.07901421,0
ZINC000021470596,Cc1cnc(NC(=O)c2ccc(Cl)o2)s1,0.61416376,-6.965,0.6084037,0
ZINC000035186877,CC(C)C(=O)N1CCC[C@@H](O)C1,0.36147434,-6.192,0.18821223,0
ZINC000049584971,C[C@@H]1CNC(=O)N(C)C1,0.45978552,-4.987,0.5082331,0
ZINC000126339939,CCC[C@H](O)CNC(=O)c1cccc(OC)c1,0.4706347,-7.412,0.27761427,0
ZINC000133070175,COC(=O)CNC(=O)CN1CC[C@@H](C)C[C@H]1C,0.48853484,-6.747,0.3822081,0
ZINC000134153001,CCc1nnc(SCc2ncc(C)o2)[nH]1,0.37597117,-6.557,0.17898266,0
ZINC000355654287,COCCC(=O)NCC1CC(F)(F)C1,0.40519407,-6.501,0.24269249,0
ZINC000493322445,COCOCCCNC(=O)/C=C\C1CC1,0.4517131,-5.924,0.39482906,0
ZINC000528512178,C[C@@H]1CN(Cc2cccnc2C(F)(F)F)[C@H]1C,0.64118934,-7.765,0.5787686,0
ZINC000630459938,CN(C[C@@H](O)C1CC1)c1ncc(C(=O)O)s1,0.34498814,-6.353,0.13881654,0
ZINC000656544070,O=C(NC/C=C/CO)NCc1ccccc1,0.46389818,-7.527,0.2523141,0
ZINC000666240020,O=C(CCCF)NCC1CCCC1,0.3579013,-6.552,0.14370771,0
ZINC000669563533,CCn1cncc1CNC(C)(C)C(F)F,0.4120805,-5.951,0.3135135,0
ZINC000677765800,Cn1cc(CN2CCc3c[nH]nc3C2)nn1,0.5193446,-6.96,0.4210954,0
ZINC000863246305,CNC(=S)N1CC[C@@H](CO)C[C@H]1C,0.47019073,-5.533,0.47208107,0
ZINC000910873164,COC1(C(=O)N[C@@H](CSC)C(=O)O)CCC1,0.32321495,-6.15,0.116790265,0
ZINC000924664002,CSC[C@H]1NC(=O)N([C@H]2CCSC2)C1=O,0.34969044,-5.913,0.19387504,0
ZINC001133342721,C[C@H]1C[C@H]1CC(=O)NCCNCC1CC1,0.4654045,-6.028,0.41113836,0
ZINC001144029790,CCCC(=O)C(=O)N1[C@@H](C)CCC[C@@H]1C,0.4083372,-6.72,0.22615092,0
ZINC001223948662,C=CC(C=C)OCn1cncn1,0.32846066,-5.514,0.193302,0
ZINC001255033358,O=C1NCc2ccc(CNC3CCOCC3)cc21,0.66094786,-8.787,0.5116583,0
ZINC001345579981,N#C[C@@H](C(=O)[C@@H]1[C@H]2CCCO[C@H]21)c1ccncn1,0.4650859,-8.055,0.19977441,0
ZINC001349076899,O=C(C[C@@H]1CC=CCC1)NCCc1cc[nH]n1,0.566036,-8.069,0.3982919,0
ZINC001588479223,C#CCN1CCOc2cc(C(=O)O)ccc2C1,0.543805,-8.788,0.27950495,0
ZINC000034564485,COc1ccc(Br)c(SC)c1,0.4187333,-5.848,0.3374003,0
ZINC000037921134,O=C(NCc1nc[nH]n1)c1ccc2c(c1)OCO2,0.61027056,-7.978,0.49537724,0
ZINC000042227538,C[C@@H](c1cccs1)N(C)c1ncccc1C#N,0.50820357,-7.217,0.37230754,0
ZINC000042338070,C#CCN(C)[C@H](C)COC,0.37400427,-4.688,0.3693931,0
ZINC000170598378,Cn1cnnc1NC(=O)c1ccc2[nH]nnc2c1,0.5479289,-8.256,0.34298235,0
ZINC000262654949,C[C@H]1CN/C(=N\CC(=O)NCC(F)F)N1,0.3370231,-6.257,0.13301897,0
ZINC000335238355,O=[N+]([O-])c1cn(CC2CCC(F)(F)CC2)cn1,0.46527222,-7.645,0.24276827,0
ZINC000336767115,CCC1CC(N[C@H](C)[C@H]2CCCOC2)C1,0.5413592,-7.409,0.41802487,0
ZINC000354856481,CCN(C)C(=O)CN1CCCC[C@@H]1C(N)=O,0.50356376,-6.444,0.44347984,0
ZINC000381387940,CC[C@H](N)C(=O)NCCn1cncn1,0.328278,-6.097,0.13232975,0
ZINC000389386144,Cc1cc(C)nc(C(=O)N2CC(O)C2)c1,0.68157613,-7.153,0.72239643,0
ZINC000631026031,CCC(=O)c1cccc(C#N)c1OCC1CC1,0.4864826,-7.578,0.29174966,0
ZINC000634253392,O=C(CCC(=O)c1cccs1)NC1COC1,0.37451264,-6.883,0.14220156,0
ZINC000682976655,CC[C@@]1(NC(=O)CCc2ccoc2)CCOC1,0.42272267,-7.324,0.19185357,0
ZINC000767364430,O=C(O[C@@H]1CCCNC1=O)[C@@H]1CCCS1,0.32773966,-6.676,0.07106885,0
ZINC000779643595,Cc1ccnc(Cl)c1OCc1ccno1,0.4763165,-6.879,0.3442816,0
ZINC000806069511,C[C@@H]1[C@@H](OC(=O)C2CC2)CC(=O)N1C,0.3687904,-6.574,0.16299082,0
ZINC000852714167,C=C[C@H](CO)NCc1cnc(Cl)cn1,0.43107733,-5.877,0.35883772,0
ZINC000872571055,C[C@H]1C[C@H](N=c2cc[nH]cc2C2CC2)CS1,0.61157846,-7.296,0.5688708,0
ZINC000907173541,Cn1ccc(CNC(=O)[C@@H]2[C@@H]3CCC(=O)[C@@H]32)n1,0.3962317,-7.405,0.13095641,0
ZINC000924912650,CC/C=C(\F)C(=O)NC[C@@H]1C[C@@H]1C(=O)OC,0.40686783,-6.64,0.2315572,0
ZINC000935061412,O=C(C[C@@H]1CC=CCC1)NCCC1=CCCC1,0.5634509,-8.95,0.3015797,0
ZINC000977820088,O=C(NC[C@@H]1[C@H]2CN(CCO)C[C@H]21)c1ccc[nH]1,0.39502025,-7.513,0.11732859,0
ZINC001160244623,Cc1nc(Nc2nccnc2CN)ccc1F,0.50873405,-7.751,0.31784213,0
ZINC001242459559,COCc1ccc(F)c(-c2ccn(C)n2)c1,0.5549304,-7.724,0.41215998,0
ZINC001340684870,NCc1ccc(CNC(=O)[C@@H]2C[C@H]2F)c(F)c1,0.45163497,-8.113,0.1670995,0
ZINC000000157683,COC(=O)Cc1c(Cl)[nH]c(C)c1C(=O)OC,0.38196713,-6.423,0.20479116,0
ZINC000002534976,Cc1cc(N)nn1COc1cccc(Cl)c1,0.64543486,-7.44,0.62096655,0
ZINC000035635686,CC(=O)Oc1cccc2cc[nH]c21,0.45916456,-6.882,0.30999327,0
ZINC000040049417,CCn1ccnc1SCc1nc(C)no1,0.46314135,-6.004,0.4091504,0
ZINC000112672403,C[C@@H](NC(N)=O)C(=O)NC/C=C/c1ccccc1,0.5718112,-8.227,0.39330596,0
ZINC000309447940,C[C@H](NCCOCC1CCC1)c1ccsc1,0.5119042,-7.218,0.37953416,0
ZINC000336750494,COCCN(C[C@H](C)N)CC(F)(F)F,0.33607316,-5.329,0.22761476,0
ZINC000340303097,Cc1c(CCC(=O)N[C@H]2CCOC2)cnn1C,0.43979663,-7.657,0.1910559,0
ZINC000348083428,COCCSCCCn1ccncc1=O,0.3275456,-5.705,0.17163241,0
ZINC000350685057,COCCN(CCO)C(=O)c1nccc(C)n1,0.43437076,-6.399,0.3110931,0
ZINC000432054276,CCNC(=O)CNC(=O)CCc1cncs1,0.40033358,-6.534,0.22963354,0
ZINC000445926498,COC[C@@H](C)CC(=O)NCc1ncc(C)o1,0.40809473,-6.464,0.25228506,0
ZINC000635965355,C[C@H](C(=O)N1C[C@H](C)[C@@H]1C)N(C)C,0.36032566,-5.64,0.24332434,0
ZINC000648266863,COCC[C@@H](C)NC(=O)C1(OC)CC1,0.30629787,-5.516,0.14919154,0
ZINC000651272148,CC[C@H](O)CCNC(=O)N[C@H]1C[C@@H](C(N)=O)C1,0.38017574,-7.084,0.1325231,0
ZINC000686081859,C[C@H](O)c1ccc(N[C@@H]2CCC[C@H]2O)nc1,0.4380293,-7.835,0.16904956,0
ZINC000692358045,CCC(F)(F)C(=O)N1CCC[C@@H]([C@H](C)N)C1,0.540863,-7.421,0.41579446,0
ZINC000711137603,C#CCCS(=O)(=O)N[C@H]1CSC1(C)C,0.32533422,-6.176,0.11828532,0
ZINC000736204202,C[C@@H](C#N)CNC(=O)c1cccc(C(=O)O)n1,0.4508191,-8.054,0.17161717,0
ZINC000767892650,Cc1cc(C=NN2CCOCC2)c(C)o1,0.46397328,-6.594,0.34946024,0
ZINC000776252261,Cc1cc(CNCc2cccc(C)c2O)ncn1,0.7933564,-8.629,0.79037386,0
ZINC000845943378,Cc1nonc1CC(=O)NOCC(F)F,0.32999244,-6.301,0.11451749,0
ZINC000888797339,C[C@H]1CO[C@@H](C(=O)Nc2ccc(F)cn2)C1,0.42070553,-8.135,0.10354389,0
ZINC000919716435,Cc1nc(Cl)n(Cc2cscn2)n1,0.38543913,-5.607,0.2965026,0
ZINC000929061120,Cc1cocc1-c1cc(CO)ccn1,0.45081708,-7.342,0.24563473,0
ZINC001041455269,CC(=O)N1CC(O)(CNC(=O)c2ccoc2)C1,0.39361742,-7.182,0.14896145,0
ZINC001144971470,C[C@H](C(=O)N1C[C@H]2CCCC[C@H]21)C(F)(F)F,0.41951445,-7.75,0.14121018,0
ZINC001248014552,C[C@@H](C#N)c1nc(-c2cccc(F)c2)no1,0.44705018,-8.542,0.11341734,0
ZINC000003581355,CC[C@H](C)[C@H](N)C(=O)O,0.26779705,-5.339,0.09132636,0
ZINC000019736889,CC(C)(C)NCCC(N)=O,0.34787634,-4.6,0.32678476,0
ZINC000091584171,CCn1c(C)nnc1SCc1n[nH]c(=O)[nH]1,0.35611063,-6.706,0.12415026,0
ZINC000103646009,C=CCCOC(=O)Cc1csc(CC)n1,0.32738572,-6.339,0.105403215,0
ZINC000336701476,CC[C@H](C(N)=O)N1CCC(C)(OC)CC1,0.3504733,-6.363,0.14864255,0
ZINC000355917973,COC[C@H](C)NC(=O)NCC[C@H]1CCCCO1,0.4638923,-6.745,0.33360142,0
ZINC000404483330,Cc1cc(CNCCc2nccs2)sn1,0.5715972,-6.503,0.5721141,0
ZINC000515346749,CC1(CNC(=O)[C@H](N)c2cscn2)CC1,0.52548754,-6.703,0.45998245,0
ZINC000577186918,O=C(c1n[nH]c2c1CCC2)N1CCC[C@@H](F)C1,0.4684053,-8.124,0.1991764,0
ZINC000637443328,CC#CCN(C)C(=O)NC[C@@H]1COCCN1C,0.5549442,-6.829,0.5052341,0
ZINC000639373075,C=CC[C@@H](C)[C@@H](C)NCc1ncc[nH]1,0.4512656,-5.991,0.38697714,0
ZINC000639846754,COCC#CCN1C[C@H](C(N)=O)[C@H](C(N)=O)C1,0.6299636,-7.285,0.60643363,0
ZINC000663136505,CC(C)[C@H](C(=O)O)C(=O)N1CC[C@H]2C[C@H]2C1,0.40771872,-7.494,0.14445846,0
ZINC000669508385,C[C@@]1(C(=O)Nc2cccc(CN)c2)CCCN1,0.7257586,-8.148,0.7064749,0
ZINC000787244773,CSC1(C(=O)OCc2nnc(C)o2)CCC1,0.523684,-6.419,0.48593527,0
ZINC000821832278,CC(C)[C@@H](F)C(=O)O[C@H]1CCC1(C)C,0.37928405,-6.983,0.141257,0
ZINC000844359954,Cc1nonc1NC(=O)[C@H]1CC[C@H](C)CC1,0.5384881,-8.158,0.33446932,0
ZINC000860922938,C=CC[C@H](C=C)OC(=O)C1CC1,0.28561664,-5.63,0.09637216,0
ZINC000872089690,C/C=C\CN[C@@H](C)c1cccc(O)c1F,0.77109665,-7.53,0.8605344,0
ZINC000922290429,FCCn1cc(CNCC2CC=CC2)cn1,0.44745928,-7.14,0.25998378,0
ZINC000930656490,C[C@H]1CCC(=O)CN1C(=O)Nc1ccon1,0.48462552,-7.454,0.30096233,0
ZINC001143912781,C#CC(=O)NC1(c2cnccn2)CC1,0.35061523,-7.12,0.07022373,0
ZINC001210940660,N#Cc1ncccc1Nc1c[nH]c2ncccc12,0.59681296,-8.317,0.43347555,0
ZINC000051072690,CCCCNC(=O)c1cccc(Cl)n1,0.42528346,-7.026,0.22790726,0
ZINC000078329941,COC(=O)CNC(=O)C[C@H]1CCCO1,0.28648448,-5.911,0.06887768,0
ZINC000083425096,C[C@H](CO)N[C@H]1CCCOCC1,0.36125275,-5.612,0.24807179,0
ZINC000083842162,O=S(=O)(CC1CCC1)c1ccc(F)cc1,0.42043608,-7.655,0.15291235,0
ZINC000157740000,Nc1cccnc1-c1nc(C2CCC2)no1,0.57055855,-7.881,0.42679575,0
ZINC000229541005,C#C[C@H](CC)NCc1c(C)noc1C,0.48742396,-6.468,0.4090132,0
ZINC000258997942,CN(CCC1CCCC1)CC(N)=O,0.3594024,-6.319,0.17090456,0
ZINC000285264966,C[C@H]1CC[C@@H](CN(C)c2ccn(C)n2)O1,0.40124962,-6.54,0.23082432,0
ZINC000285978802,C[C@@H](NCc1ccc(Cl)nc1)c1ncc[nH]1,0.5343277,-7.379,0.40721506,0
ZINC000308400680,CCCN(CCC)Cc1ccoc1,0.48625955,-5.369,0.5209619,0
ZINC000373328943,O=C(CNC(=O)[C@H]1CCCOCC1)NCCO,0.36076602,-7.003,0.10249518,0
ZINC000430050975,Cc1ccc(S(=O)(=O)Nc2ccon2)cn1,0.41418177,-7.199,0.1879302,0
ZINC000455035465,Cc1ccccc1CNC(=O)NCC[C@H](C)F,0.69842046,-7.926,0.67540026,0
ZINC000611749580,C=C[C@@H](O)C(=O)N[C@@H](C)C(C)(C)O,0.4735387,-6.028,0.42725146,0
ZINC000623033411,C=C/C(C)=C/CC(=O)NCC[C@H]1CC1(F)F,0.46056783,-7.579,0.24031088,0
ZINC000629180899,C[C@H]1C[C@H]1CNc1c(F)cccc1F,0.52201325,-7.023,0.4198321,0
ZINC000639475274,CC(=O)CN(C)[C@H](CO)c1ccccc1,0.4664463,-6.893,0.3232742,0
ZINC000641614928,CC1(C)OCC[C@H]1N=c1cc[nH]cc1F,0.45182446,-7.092,0.273621,0
ZINC000646730369,C[C@H](NC(N)=O)C(=O)N1CCO[C@H]2C[C@H]21,0.36723876,-6.328,0.18549207,0
ZINC000788652875,C[C@@H]1OC(=O)N[C@H]1C(=O)NCc1cscn1,0.37909377,-7.04,0.13495414,0
ZINC000818230203,CCn1ncc(CN[C@H]2CC23CC3)n1,0.4226836,-6.521,0.27525842,0
ZINC000830868167,CN(OCc1ccccc1)C(=O)CCCF,0.40268204,-6.878,0.19852239,0
ZINC000832373409,CNCCCNC(=O)c1ncoc1C(C)C,0.45855263,-6.34,0.36512902,0
ZINC000834683120,Cc1nc(CC(=O)N2CCCc3n[nH]cc32)n[nH]1,0.46143043,-7.534,0.24669796,0
ZINC000855845957,O=C(/C=C\C1CC1)N1CC[C@@]2(O)C[C@H]2C1,0.392782,-7.242,0.14106879,0
ZINC001168625492,COC(=O)c1c(C)c(Cl)nnc1NC#N,0.46911106,-7.133,0.30360168,0
ZINC001240318863,Cn1cnc2ccc(-c3cnc(F)nc3)cc21,0.6699042,-8.094,0.60144633,0
ZINC001253564570,C=C[C@@H](O)CNc1cc(Cl)ccc1OC,0.4168968,-6.668,0.24851274,0
ZINC001468408577,C[C@@H](NC(=O)c1cc2occc2[nH]1)c1ncc[nH]1,0.48716903,-7.216,0.330744,0
ZINC000002066526,Cc1ccc2c(c1)[C@@](O)(C(F)(F)F)C(=O)O2,0.52498776,-8.746,0.24659616,0
ZINC000070079719,CSCCNc1c(C#N)cnc2ccccc21,0.5939529,-7.348,0.52855,0
ZINC000155968924,COc1ccc2c(c1)ncn(CC(N)=O)c2=O,0.47094586,-7.996,0.21751632,0
ZINC000162097587,CCCn1cc(OC)cn1,0.34238178,-4.92,0.2826324,0
ZINC000181721127,C[C@@H](OC(=O)c1c[nH]c(C#N)c1)c1cccnc1,0.44628385,-7.681,0.20141137,0
ZINC000272903453,CC1(C(=O)NCc2ccc(C(N)=O)o2)COC1,0.35317668,-7.228,0.06406977,0
ZINC000308287721,CCCCCSc1n[nH]c(CO)n1,0.37893456,-5.935,0.24951778,0
ZINC000375652377,CN(C)[C@H]1CCCN(CCCCF)CC1,0.50271636,-6.26,0.4609304,0
ZINC000381627799,OCC1(CNCc2cocn2)CCCCC1,0.4420903,-6.874,0.27700242,0
ZINC000527721054,Cc1cc(CNCCc2cn(C)cn2)ccn1,0.69584244,-7.235,0.7421318,0
ZINC000613676236,COC[C@@H](OC)C(=O)N1CC2(C1)CCCC2,0.3533492,-6.8,0.10890761,0
ZINC000628176802,Cc1cnc(CN2CCC[C@H](C(C)C)CC2)[nH]1,0.58297545,-7.251,0.51688915,0
ZINC000639453376,CN(Cc1ccnc(O)c1)C1CC1,0.5408541,-6.622,0.49884316,0
ZINC000649473905,O=C(O)C(=O)NC[C@@]1(CO)CCc2ccccc21,0.48129433,-8.617,0.17345469,0
ZINC000662267271,CNC(=O)CN(C)CC1=CCSC1,0.31189105,-5.462,0.16588517,0
ZINC000749470487,C[C@H](CNC(=O)C1=CCCCO1)c1ccncc1,0.62605757,-8.487,0.4737327,0
ZINC000762089836,C[C@@H](OC(=O)[C@H]1CCSC1)C1CCC1,0.3227719,-6.339,0.09626368,0
ZINC000782603802,Cc1cnc(CN2C[C@H]3C[C@@]3(CO)C2)nc1,0.4859406,-6.693,0.38268316,0
ZINC000853735921,COc1ncc(CON=CC2CC2)c(C)n1,0.49423656,-7.056,0.3613782,0
ZINC000871849485,CC(C)N1C(=O)CC[C@H]1c1nc(C2(C)CC2)no1,0.7354684,-7.917,0.7497245,0
ZINC000903703838,C[C@@H]1C[C@H]1[C@@H]1C[C@H]1NCc1cc(C(=O)O)nn1C,0.5380495,-7.637,0.38776526,0
ZINC001154906237,Cc1nnc(Cl)cc1-n1cnc(CN)c1,0.42359012,-6.68,0.26052406,0
ZINC001253392251,Cc1nnc(CCc2cnccc2C)o1,0.4846727,-7.425,0.30407074,0
ZINC001600467491,Cc1ccc(OC(=O)C(C)C)cc1C(=O)O,0.5229299,-8.257,0.2933576,0
ZINC000008733290,Cc1cc(N)n(Cc2ccccc2Cl)n1,0.49518695,-7.194,0.34891394,0
ZINC000039346716,COc1ccc(C[C@@H](N)[C@H](O)C(=O)O)cc1,0.44848326,-7.489,0.2257291,0
ZINC000085390205,COc1cc(=O)oc2ccc(C)cc12,0.45162836,-7.798,0.19983473,0
ZINC000095835640,O=C(O)C1C[C@@H]2CC(=O)C[C@H]2C1,0.42447153,-6.876,0.24189332,0
ZINC000151473900,COc1ccccc1CNC(=O)Cc1ccon1,0.5029368,-8.069,0.27329814,0
ZINC000192105688,CCOCCN1CCS(=O)(=O)C[C@H](C)C1,0.39339215,-6.207,0.24987903,0
ZINC000306386533,CSCCN[C@H]1CC[C@@H]1C,0.33339968,-4.779,0.27949846,0
ZINC000345478713,CS[C@H](C)CNC(=O)N[C@H]1C[C@@H]1C(F)F,0.4734297,-6.43,0.38524246,0
ZINC000383598229,COc1cc(NC(=O)OC2CCCC2)ccn1,0.53542393,-7.59,0.38745046,0
ZINC000491689154,C#CCN(CC#C)CCOCC1CCC1,0.4460238,-6.138,0.361311,0
ZINC000577883200,N[C@@H](C(=O)N[C@H]1CC=CCC1)C(F)(F)F,0.38813975,-7.411,0.11430322,0
ZINC000596359635,CC1(CSCc2ncnn2CCF)COC1,0.37120435,-5.904,0.23742783,0
ZINC000598671033,CSC[C@@H]1CCCN1Cc1nccnc1C,0.58425015,-6.283,0.6200503,0
ZINC000652967203,COCC(=O)N(C)[C@H](C)CCO,0.41912165,-5.072,0.4188448,0
ZINC000655447301,CN[C@@H](C)C(=O)N[C@@H]1CCN(CC2CC2)C1,0.40977365,-6.282,0.2745321,0
ZINC000680186981,CC[C@@H](C)CCCCC(=O)N1CCSCC1,0.41135123,-6.879,0.21559128,0
ZINC000726370530,CCCCC(=O)OCc1nc2cccnc2[nH]1,0.40120673,-7.033,0.17948568,0
ZINC000775860619,Cc1nonc1CNC(=O)[C@@H]1C[C@]1(C)C(C)C,0.43879044,-7.261,0.23023206,0
ZINC000850263425,CCc1nc(COC(=O)[C@H]2C[C@H]3C[C@H]3C2)no1,0.42297548,-7.924,0.12997665,0
ZINC000878304572,CN(CCn1cnnn1)C1(C(N)=O)CCCC1,0.4371699,-6.781,0.2769241,0
ZINC000879857670,C[C@@H]1CCC[C@H]1CNC(=O)C[C@@H]1C[C@H]1C1CC1,0.4657449,-8.471,0.15783133,0
ZINC000912524467,C[C@@H]1CCN(C(=O)CCF)C[C@H](C)O1,0.35940668,-6.424,0.159997,0
ZINC000913674286,CN1C[C@@H](O)C[C@@]1(C)C(=O)NC1COC1,0.33893546,-6.257,0.13680717,0
ZINC000928542501,CCCC[C@@H](C)C(=O)N1CCO[C@H](C)CC1,0.353828,-6.939,0.09540526,0
ZINC000932352181,CC(C)(C#N)NC(=O)CC1(C)COC1,0.31111556,-6.39,0.06787143,0
ZINC001122260165,CC(C)(/C=C\Cl)NC(=O)c1ccc(CN)o1,0.39721406,-6.76,0.19995841,0
ZINC001209256291,CN(CC#N)CCc1cc(F)c(F)cc1F,0.5007314,-7.616,0.3160246,0
ZINC001322947616,CCCCCNC(=O)C(=O)NC1CC(C)C1,0.44215032,-6.871,0.27743322,0
ZINC000016124759,Brc1cnc2n1CCCCC2,0.43986717,-6.47,0.31459963,0
ZINC000051821072,C[C@@H](O)CN(C)c1ccccc1S(N)(=O)=O,0.47058728,-7.288,0.2904117,0
ZINC000084986390,O=C(CC1CCCC1)N1CC(CO)C1,0.4158298,-6.636,0.24972597,0
ZINC000129599477,CCOc1cccc(COC(=O)C=C(C)C)n1,0.5815098,-7.24,0.5151294,0
ZINC000217396171,O=CN(Cc1ccco1)[C@H]1CCS(=O)(=O)C1,0.33034047,-6.632,0.080795184,0
ZINC000336671697,CC[C@@H](CCO)CNC(=O)C1(CC)CC1,0.37986723,-6.786,0.16289292,0
ZINC000617614584,C=CCCNC(=O)c1cc(O)n[nH]1,0.4656963,-6.302,0.38323057,0
ZINC000621740265,COc1ccc(CN2CC(CC3CC3)C2)cn1,0.5838623,-6.987,0.54609203,0
ZINC000669277582,C[C@@H]1CN(C(=O)c2ncc[nH]2)C[C@H](C)S1,0.37316275,-6.251,0.20523207,0
ZINC000820819460,CC#CCN(C)C(=O)[C@@H]1C[C@H]1OC,0.63706726,-6.345,0.7182305,0
ZINC000854025721,C[C@H]1CCCN(C(=O)NCCC#N)[C@@H]1CCO,0.63504237,-7.591,0.5846816,0
ZINC000868076319,CCc1ocnc1C(=O)N1CC[C@](C)(N)C1,0.4312114,-6.932,0.24942248,0
ZINC000868966151,O=C(N[C@@H]1CC[C@H]1O)c1ccc2cccnc2c1,0.5694563,-8.963,0.31212437,0
ZINC000872397586,Cc1ccccc1-n1cc(C=NN2CCC2)nn1,0.525791,-7.692,0.3577642,0
ZINC000891908036,C[C@@H](Cc1ccco1)NC(=O)N1CC[C@H]1CO,0.47213423,-7.061,0.31707567,0
ZINC000918493161,CCCCCCCOC(=O)[C@H]1CCC(=O)NC1,0.4103087,-7.149,0.18545613,0
ZINC000964578450,CC(=O)N[C@@H]1CN(CCO)CC[C@H]1C,0.43598682,-6.376,0.3166855,0
ZINC001205305910,OCc1cc(-c2ccnc(F)c2F)cs1,0.52953476,-7.025,0.43452358,0
ZINC001218283877,Cc1cc(C#N)cc(O[C@H]2CCCNC2)c1,0.6773404,-7.629,0.6645195,0
ZINC001239025541,OCCc1cccc(-c2ccc(F)nn2)c1,0.63317305,-8.592,0.47691178,0
ZINC001253471121,Cc1nnc(-c2cccc(C(F)(F)F)c2O)o1,0.405678,-8.332,0.053295054,0
ZINC001586705524,CN(C(=O)[C@@H]1CCC(F)(F)C1)c1ccnn1C,0.37162822,-7.573,0.06475337,0
ZINC001592365174,C[C@H](CC(=O)O)C(=O)OC[C@H]1CCO[C@H]1C,0.45803827,-6.728,0.3237725,0
ZINC000069761235,CC(=O)CCN1CCSC[C@@H]1C,0.46995103,-5.563,0.46848738,0
ZINC000070495527,Cc1ccnc(NCCCC(=O)O)c1[N+](=O)[O-],0.40939716,-6.786,0.221389,0
ZINC000087369719,Cc1ccc([C@@H](C)NCC(F)F)cc1F,0.71949935,-7.669,0.7438741,0
ZINC000264697645,CC1(NC(=O)COc2cccnc2)CCCC1,0.53739476,-7.844,0.3649479,0
ZINC000306271746,Cc1n[nH]cc1CN1CCOCC1,0.54630566,-6.159,0.55777705,0
ZINC000334395559,C[C@H]1NC(=O)N(c2cccc3c2OCCC3)C1=O,0.44170406,-8.148,0.14378858,0
ZINC000334998943,C[C@H]1CN(Cc2nc(C3CC3)cs2)CCN1,0.63821816,-6.96,0.65657306,0
ZINC000447786032,C(CC1CCOCC1)Cn1nnc(C2CC2)n1,0.51686573,-7.79,0.3298958,0
ZINC000489355978,CC1=C(C(=O)N(C)[C@@H]2CC2(C)C)CCC1,0.5540204,-6.914,0.49456728,0
ZINC000575202166,CCO[C@H]1C[C@@H]1NC(=O)c1ccc2nn[nH]c2c1,0.5311689,-7.94,0.3426345,0
ZINC000633255949,O=C(c1cc(O)ncn1)N1CC[C@@H]1C(F)F,0.36974293,-6.872,0.13389677,0
ZINC000641750128,COCc1cc(CNCCC(C)(C)O)no1,0.48971802,-6.187,0.44277114,0
ZINC000645159809,COC[C@@H]1CCN1Cc1ccncc1,0.48175132,-6.214,0.42418283,0
ZINC000662382367,CC[C@@H](NC)C(=O)N1CCC[C@@H](CC)C1,0.3869431,-6.521,0.20445971,0
ZINC000743370512,C[C@H]1C[C@H](C)N(Cn2ccnc2S)C1,0.65711886,-6.372,0.7551439,0
ZINC000759329705,Cn1nccc1C(=O)NOCC(F)F,0.3463624,-5.815,0.19747087,0
ZINC000775341685,C#C[C@@H](NCc1cc(C#N)cs1)[C@@H]1CCCO1,0.51713055,-7.434,0.36743116,0
ZINC000779927308,C#CCCCCCC(=O)NCC1(C)CC1,0.38773176,-7.21,0.13439155,0
ZINC000788031066,C(=NOC[C@H]1CCOC1)[C@H]1CCc2ccccc21,0.62406677,-8.666,0.4511797,0
ZINC000834552044,C#C[C@@H](C)N(C)C(=O)[C@@H]1CC(C)=NO1,0.34736803,-6.46,0.13240686,0
ZINC000834970521,COC[C@H](C)NN=Cc1ccncc1C,0.7044864,-6.752,0.8094688,0
ZINC000846191801,C[C@H](CC(N)=O)NCC[C@]1(C)C[C@]1(F)Cl,0.40728545,-6.681,0.22812204,0
ZINC000852065730,FCCN1CCn2cncc2C1,0.40960246,-5.669,0.33792228,0
ZINC000856349526,C[C@@H]1CC[C@@H](C(=O)NOCC2CCC2)C1,0.52087,-7.609,0.35664505,0
ZINC000893248855,C[C@@H](OC(=O)c1cnc(C2CC2)o1)c1nc[nH]n1,0.45736942,-6.988,0.29541722,0
ZINC000894857294,Cc1coc(CN(C)CC(C)(C)C#N)c1,0.4651951,-6.633,0.347826,0
ZINC000901237084,C=CCNN=Cc1c(C)nn(C(C)C)c1C,0.67169476,-6.596,0.7607297,0
ZINC000905541441,C[C@@H]1[C@@H](NC[C@](C)(O)C(F)F)CCN1C,0.33246517,-6.291,0.120455354,0
ZINC000927781918,CC(C)(N)C(=O)NCCO[C@@H]1CCOC1,0.44878715,-6.445,0.33486837,0
ZINC001337665715,c1coc([C@H]2CCN(c3nncs3)C2)c1,0.53146964,-7.669,0.37140423,0
ZINC001356165990,C=C/C=C/CCNC(=O)C(=O)N1CCC=C(C)C1,0.40794715,-7.716,0.12183119,0
ZINC000040421155,Cc1nc(CNCC(=O)NC(C)(C)C)cs1,0.54681957,-6.2,0.55453265,0
ZINC000123526356,NS(=O)(=O)NCC1CCSCC1,0.37229037,-5.712,0.25954,0
ZINC000308363687,C[C@H](N)CNC(=O)[C@@H](C)[C@H](C)N,0.33192474,-5.701,0.18072292,0
ZINC000308735411,CS[C@@H]1CC[C@@H](NCc2cn[nH]c2)C1,0.44939557,-6.496,0.33077145,0
ZINC000336501228,CCC1(O)CCN(C(=O)c2ccoc2C)CC1,0.58322036,-7.288,0.51352763,0
ZINC000380099441,COC(=O)C1CCN([C@@H](C)C(=O)O)CC1,0.43108976,-6.538,0.2901429,0
ZINC000399489833,CC(C)[C@@H](C(=O)NCc1ccsc1)[C@H](C)N,0.42826587,-6.802,0.25710282,0
ZINC000565209355,Cc1cccnc1C(=O)N[C@]1(C(N)=O)CCOC1,0.48487604,-7.708,0.27505204,0
ZINC000603957660,CC(C)c1cc(CNC(=O)NC2CCC2)on1,0.4745062,-7.787,0.24629727,0
ZINC000615523033,CC(=O)[C@H]1CCCCN1C(=O)c1oc(C)cc1C,0.44982538,-7.771,0.19907017,0
ZINC000783196905,CCOc1cccc(C(=O)OC2CC2)c1,0.4051518,-7.229,0.16692379,0
ZINC000784590991,C#CCOCCNC(=O)c1ccn(C)c1,0.39995047,-6.221,0.261415,0
ZINC000823107475,C[C@@H]1CC[C@H](O)CN1C(=O)/C=C\c1cn(C)cn1,0.525128,-7.075,0.420596,0
ZINC000825242456,Cc1ccoc1C(=O)N=S1(=O)CCCC1,0.4074983,-7.232,0.1712601,0
ZINC000868844103,C#CC[C@@H](NC(=O)c1nocc1C)C(=O)OC,0.45748225,-7.115,0.28243744,0
ZINC001169303185,Cc1cncc(Nn2c(N)cc(C)cc2=O)c1,0.6950857,-7.974,0.6638042,0
ZINC001250033131,CCOc1cc(C2CC2)c(F)cn1,0.38485625,-6.366,0.21644011,0
ZINC001347172576,Cn1ncc(C(=O)OC2CSC2)c1C1CC1,0.5132499,-6.388,0.46848905,0
ZINC001528730896,CSC1(C(=O)Nc2nccn2C)CC1,0.3670935,-5.897,0.23001231,0
ZINC000022057718,O=c1ccc2ccc(=O)[nH]c2[nH]1,0.4060768,-7.019,0.19058833,0
ZINC000062639510,Cc1nnc(CNc2ccc(F)c(F)c2)o1,0.5528316,-7.662,0.41444814,0
ZINC000070810386,CC(=O)N1CC(C(=O)Nc2ccccc2C)C1,0.6836826,-8.263,0.6111704,0
ZINC000096311419,CCOC(=O)c1cnc(C2CC2)nc1Cl,0.4618902,-6.82,0.3218382,0
ZINC000127197105,C[C@@H]1CN(Cc2ccnc(N)c2)CC[C@@H]1O,0.6146764,-7.271,0.5776066,0
ZINC000190270760,CCC(=O)CCN1CCN2C(=O)NC[C@H]2C1,0.37579292,-6.813,0.15201505,0
ZINC000234371571,CNCC(=O)N1CC[C@](C)(C(N)=O)C1,0.33241826,-6.033,0.1471849,0
ZINC000307233107,CC1(C)C[C@H](NC/C=C/Cl)CO1,0.4677908,-5.597,0.46067345,0
ZINC000308831847,CC[C@H]1CCC[C@H](CNCCC(=O)O)C1,0.59991044,-7.256,0.54991597,0
ZINC000329233705,C[C@H]1OCC[C@H]1/N=C(/O)[C@@](C)(O)C1CC1,0.3431114,-6.629,0.10640509,0
ZINC000341910026,CCOC(=O)CN1CCN(C)[C@@H](C)[C@H]1C,0.39547196,-6.06,0.2692815,0
ZINC000378662441,CCCC(=O)COC(=O)[C@H]1C[C@@H]1C,0.4398838,-5.967,0.36692593,0
ZINC000390469218,CCNCC(=O)N1CCC[C@@H](C)[C@@H]1CN,0.41991752,-6.042,0.31957728,0
ZINC000395985560,COC[C@@H]1CCCCN1C(=O)C=C(C)C,0.41379157,-6.388,0.2714712,0
ZINC000565852197,CC(F)(F)CNC(=O)c1cncs1,0.32489228,-5.919,0.14412835,0
ZINC000581556623,Cc1csc(NC(=O)N[C@@H](C)CC#N)c1C#N,0.626939,-7.373,0.59129345,0
ZINC000645496839,O=C(CCOC1CNC1)NCc1cc[nH]n1,0.37051916,-6.327,0.19209418,0
ZINC000655057411,C[C@H](C(=O)NCC#CCO)C(F)(F)F,0.3292133,-6.909,0.049764626,0
ZINC000674050407,CCN(Cc1ccoc1)c1nccn2nnnc12,0.42127937,-6.989,0.22382215,0
ZINC000706955682,C[C@H](NCc1cc(F)c(F)c(F)c1)C1(C)CC1,0.6422086,-8.349,0.5200733,0
ZINC000710907431,COc1cc(N[C@@H]2COC[C@@H]2C)cc(OC)c1,0.560005,-6.914,0.5064223,0
ZINC000727341475,C/C=C/C(=O)NC(C)(C)C(=O)OCC,0.33981448,-6.052,0.15986082,0
ZINC000823462311,CC1(CCNC(=O)N[C@@H]2CC23CC3)OCCO1,0.4144294,-7.372,0.17043518,0
ZINC000839774262,CO[C@@](C)(CNC(=O)[C@@H]1C[C@H]1[N+](=O)[O-])C1CC1,0.35266668,-7.157,0.070440814,0
ZINC000852056019,C[C@H]1CN(Cc2cnon2)CCC1(F)F,0.4289429,-6.967,0.24129005,0
ZINC000863459653,CO[C@@H](C)C(=N)NOCc1cc(Cl)n(C)n1,0.44463003,-6.294,0.34233186,0
ZINC000892111620,O=C(NC/C=C\Cl)NCc1nccs1,0.4138559,-6.11,0.30050033,0
ZINC000909931486,Cc1ccc(C=O)cc1C(=O)OCC(F)F,0.46107176,-7.802,0.2181254,0
ZINC000912628419,C/C=C\[C@H](O)C(=O)NOCCN1CCCC1=O,0.37651598,-6.968,0.13733312,0
ZINC001188690532,O=C(Nc1cnccc1C1CC1)c1nc[nH]n1,0.4069809,-7.251,0.16825989,0
ZINC001238149419,Nc1ccnc(F)c1CN1C[C@@H](F)[C@H](F)C1,0.5081924,-7.498,0.34307182,0
ZINC001239771233,Cc1ccc(-c2ccccc2S(C)(=O)=O)nc1,0.57985264,-8.706,0.35943702,0
ZINC000014014394,CC[C@H](Oc1ccc(C)cc1)C(N)=O,0.38902527,-7.046,0.15400381,0
ZINC000039389360,Sc1nc2cc(-c3nn[nH]n3)ccc2o1,0.6243554,-7.414,0.581913,0
ZINC000053994943,Cc1ccc2ncc3c(N)n[nH]c3c2c1,0.5944243,-8.596,0.3997382,0
ZINC000096523721,Cc1noc(C)c1CCN(C)CCN,0.56737185,-5.733,0.6437955,0
ZINC000132473481,CN(Cc1cnn(C)c1)C(=O)c1ncccc1N,0.5105109,-6.989,0.40058172,0
ZINC000191010138,CSC1(C(=O)O[C@@H](C)C2CC2)CC1,0.36519578,-5.845,0.2316592,0
ZINC000249109882,C[C@@H]1CN(CCNS(C)(=O)=O)CC[C@H]1O,0.37543473,-6.185,0.21659425,0
ZINC000272752305,CCO[C@@H]1C[C@@H](Nc2ccccn2)[C@@H]1OC,0.40634385,-6.301,0.2657627,0
ZINC000294112200,Cc1nnc2ccc(C(=O)N3C[C@H](C)[C@@H]3C)cn12,0.5494372,-8.379,0.33318275,0
ZINC000307723709,C#C[C@H](C)N[C@H]1CC[C@@H]1C1CCC1,0.50663495,-6.534,0.44020694,0
ZINC000308155301,C/C=C\C(=O)NCc1ncc(C)o1,0.47772992,-6.407,0.39615196,0
ZINC000590936351,C[C@H](C#N)CNC(=O)N1C[C@@H](C)[C@@H]1C,0.44596314,-6.87,0.28509,0
ZINC000597040752,CC[C@@H](C#N)NC(=O)c1ccc2[nH]nc(O)c2c1,0.6403119,-8.711,0.47868156,0
ZINC000631771920,Cc1nocc1C(=O)N1[C@@H](C)CC[C@@H]1C,0.60690385,-7.313,0.55784345,0
ZINC000634584290,Cn1nc(O)c2c(c1=O)CCCC2,0.43666124,-7.634,0.18723616,0
ZINC000660456910,FC1(F)C[C@@H]1OCCN(CC1CC1)C1CCC1,0.40877354,-6.251,0.27577382,0
ZINC000763950074,C#CCN(Cc1cnc(C)cn1)C1CC1,0.44356167,-6.096,0.3608002,0
ZINC000837562128,CC(C)C[C@@H](C)OC(=O)c1cc[nH]c1,0.35315868,-6.71,0.117886886,0
ZINC000869362927,C[C@@H]1OCC[C@H]1COC(=O)C1(O)CCC1,0.3592423,-6.93,0.10706611,0
ZINC000902106812,C[C@@]1(C(=O)O)CCCN1C(=O)[C@H]1C[C@@H](O)C1,0.3447495,-7.261,0.043945488,0
ZINC001236246494,NC[C@H]1CCCN1Cc1cnco1,0.40259138,-5.665,0.3244498,0
ZINC001247427384,Cc1nc(-c2cccc(OC(F)(F)F)c2)no1,0.6163909,-8.259,0.47828746,0
ZINC000003641631,O=P12OCC(CO)(CO1)CO2,0.33777893,-5.351,0.22870657,0
ZINC000064329633,CC(=O)Nc1cccc(-c2noc(C)n2)c1,0.51731455,-7.747,0.33525527,0
ZINC000083864321,CC[C@@H](C)C[C@@H](C)NCc1csc(C)n1,0.5510567,-6.85,0.49535006,0
ZINC000087641655,CCc1nsc(NCCc2cccc(C)c2)n1,0.74476624,-8.071,0.7521324,0
ZINC000095836894,NC(=O)c1cn(CC(F)(F)F)nc1N,0.31710058,-6.09,0.11091607,0
ZINC000183023030,C[C@H](O)C(=O)Nc1ccc2c(c1)N(C)CC2,0.57457274,-7.941,0.4285097,0
ZINC000226578759,Cn1nccc1CNC[C@@H](O)C(F)F,0.40011385,-5.608,0.32546794,0
ZINC000307989032,CCCCSCc1nncn1C,0.3652966,-5.763,0.2403839,0
ZINC000334145266,c1cc(CN2CCC3(CCC3)C2)on1,0.42117056,-6.877,0.23525044,0
ZINC000338518875,O=C(NCCO)c1cncc(-n2ccnn2)c1,0.37906727,-7.006,0.1384364,0
ZINC000361465721,CCN(C(=O)C[C@H]1C[C@@H]1C)c1ccc(F)cc1,0.42798114,-7.579,0.1757596,0
ZINC000369122356,O=C(C(F)F)N1CCOC[C@@]12CCOC2,0.3306605,-6.697,0.07467152,0
ZINC000405384518,COc1cc(CN[C@H]2C[C@H](N)C2(C)C)sn1,0.5164152,-6.967,0.41456473,0
ZINC000614220018,C[C@@H](NC(=O)[C@H]1C[C@@H]1C1CC1)c1ncccc1F,0.4994482,-7.978,0.2758482,0
ZINC000634003477,Cc1[nH]nc(C(=O)NCC[C@@H](O)C(F)F)c1C,0.4220045,-7.121,0.21153541,0
ZINC000640482779,CCS(=O)(=O)NCCCN1C[C@@H]2C[C@]2(O)C1,0.4018325,-5.985,0.2896784,0
ZINC000644166447,NC[C@@H]1CCCC[C@@H]1N[C@@H]1CC12CC2,0.43644643,-7.012,0.25147554,0
ZINC000786011792,CC[C@@H](OC(=O)Cc1ccon1)C(N)=O,0.33649772,-6.209,0.13696846,0
ZINC000808660186,C[C@H](OC(=O)c1cn(C)nn1)c1ccc(F)cc1,0.4280391,-8.087,0.12306128,0
ZINC000854298323,CC1=NO[C@@H](C(=O)NCCN2CCCC2)C1,0.38445485,-6.883,0.16189617,0
ZINC000907116893,CCc1nc[nH]c1C(=O)Nc1cnc(C)s1,0.5774949,-7.099,0.5218351,0
ZINC000907496623,COC(=O)N1CCC[C@H](Cc2nc(C)no2)C1,0.4156118,-7.191,0.1915947,0
ZINC000925552097,CN(CCCF)C(=O)c1c2c(nn1C)CCC2,0.43959242,-7.22,0.23608318,0
ZINC001118422005,FCCC1(c2nnc(-c3ccccn3)o2)CC1,0.53818214,-7.916,0.35902232,0
ZINC001181529123,CN(C(=O)C1(O)CC1)[C@@H]1CCc2ccccc21,0.54626065,-8.384,0.32637042,0
ZINC001236448717,COc1ccc(-c2ccc(F)cn2)c2cn[nH]c21,0.5290587,-7.427,0.39178747,0
ZINC000019869454,COCCn1nc(C)c(N)c1C,0.4268948,-5.508,0.38891485,0
ZINC000020030419,CC(C)c1nccn1C[C@@H](O)CN,0.5235768,-5.715,0.55891275,0
ZINC000022076177,C[C@H](O)CNCCNCc1cccn1C,0.41935977,-5.898,0.3334431,0
ZINC000035204791,Cc1ccc(O)c(C(=O)N[C@@H](C)CO)c1,0.6548148,-7.756,0.60669506,0
ZINC000096509836,CC(C)(C)[C@@H]1CC[C@@H](C(F)(F)F)CN1,0.44955492,-7.078,0.2705807,0
ZINC000127135404,C[C@H](O)CNC(=O)[C@H](C)Sc1ccccn1,0.41238403,-6.801,0.2257463,0
ZINC000129103012,CC(C)(CCO)NC(=O)c1[nH]nc2ccccc21,0.49824622,-7.719,0.30039358,0
ZINC000170967365,COC(C)(C)C(=O)NCc1cccs1,0.38638657,-6.448,0.21094657,0
ZINC000270216100,Cc1ocnc1CN1C(=O)N[C@H](C(C)C)C1=O,0.36583444,-7.223,0.08966342,0
ZINC000309783749,C[C@@H]1C[C@@H]1CNCC1(N2CCOCC2)CC1,0.5063458,-6.554,0.4375549,0
ZINC000330441577,CCN(CC(C)(C)O)C(=O)c1cnc(C)[nH]1,0.3449317,-6.354,0.13860072,0
ZINC000569063797,CC(=O)c1sccc1OC[C@@H]1CCCCO1,0.38237098,-6.886,0.15745631,0
ZINC000762424632,CCC[C@H](O)CNC(=O)c1ccc(C=O)[nH]1,0.48308802,-6.678,0.37859192,0
ZINC000796775851,C[C@H](OC(=O)c1ccc(C#N)o1)C1CC1,0.38766003,-7.029,0.15306675,0
ZINC000828433976,C#C[C@H](C)N(C)CC[S@](C)=O,0.33084628,-5.163,0.23451863,0
ZINC000850068432,C=CCCOC(=O)[C@@H]1CCC1(C)C,0.36823997,-6.23,0.19766375,0
ZINC000863491259,N=C(CCC(F)(F)F)NOCCCO,0.28471565,-5.617,0.09593888,0
ZINC000893039188,O=C(CCF)OCCN1CCc2ccccc21,0.50816274,-6.577,0.43876287,0
ZINC000898602128,O=C(c1ncc[nH]1)N1CC(N2CCCC2)C1,0.58297694,-6.411,0.60422087,0
ZINC000899888484,C#CCNC(=O)CCOCCc1cnn[nH]1,0.45234227,-6.337,0.35313872,0
ZINC000904883006,Cc1nonc1Cc1nc(-c2ccn(C)n2)no1,0.4779211,-7.922,0.23902687,0
ZINC000928989675,CCc1cc(OC(=O)[C@H]2C[C@H]2C)ccc1Cl,0.5903777,-8.126,0.44058478,0
ZINC001220526966,N#C[C@H](NC(=O)C1(N)CC1)C(N)=O,0.3468351,-5.974,0.18187717,0
ZINC001222435760,Cn1cc(CO[C@@H]2CCOC[C@@H]2F)cn1,0.44270834,-7.024,0.26263228,0
ZINC000002383307,COc1cc(Cl)cc(C=O)c1OC,0.44778913,-6.121,0.36657536,0
ZINC000070650850,CSCC(=O)N[C@@H](C#N)C(C)C,0.37842545,-5.646,0.27855456,0
ZINC000083612277,CS/C=C/C(=O)NC1C[C@H](C)C[C@H](C)C1,0.5409144,-7.112,0.44802085,0
ZINC000170336146,CC[C@H](C)NC(=O)C(=O)N1CCC[C@H](C)C1,0.5444182,-7.48,0.41670322,0
ZINC000195270469,O=C(N1C[C@H]2CNC[C@H]2C1)C(F)(F)C(F)F,0.383323,-7.161,0.13075241,0
ZINC000282443168,C[C@H]1CN(C(=O)c2ccon2)CC(=O)N1C,0.44600627,-7.079,0.26344723,0
ZINC000296638795,C=C(C)CNC(=O)Nc1nc(CC)no1,0.40471756,-6.591,0.23239191,0
ZINC000343523788,N#CCNC(=O)CNC(=O)C1=CCCCCC1,0.39569548,-7.906,0.077808745,0
ZINC000358440499,CC(=O)c1ccc(NC(=O)c2nc[nH]n2)cc1C,0.66409194,-8.305,0.5679966,0
ZINC000393648803,C[C@H]1CN(Cc2ccco2)CC[C@H]1C(=O)O,0.44551212,-6.963,0.27452803,0
ZINC000408150814,CN1CN(Cc2nc(C3CC3)no2)CC1=O,0.4288679,-7.084,0.22897783,0
ZINC000630100723,CN(CCCC(=O)O)C(=O)COCC(F)F,0.2677236,-5.449,0.07974491,0
ZINC000686560592,Cn1c2ccncc2nc1NCC1=CCCOC1,0.5684533,-7.505,0.46171552,0
ZINC000820508191,CON(C)C(=O)[C@@H]1CCc2cc(F)ccc21,0.4737763,-7.864,0.23684627,0
ZINC000837700434,C[C@H]1C(=O)CC[C@H]1CC(=O)OCc1cc[nH]n1,0.44415432,-7.824,0.18232629,0
ZINC000838988785,C[C@@H](O)CNC1[C@@H](C)CC[C@@H]1C,0.5855647,-6.228,0.62837213,0
ZINC000869137965,CC/C=C(/F)C(=O)NC1(CC(=O)OC)CC1,0.41389713,-6.546,0.25525415,0
ZINC000885571175,CCC(=O)COC(=O)[C@@H]1C[C@H](C)CO1,0.3122703,-5.959,0.11496687,0
ZINC001187353678,Cc1cc(NC(=O)[C@@H]2CCC=N2)cc(=O)o1,0.40188655,-7.371,0.14569286,0
ZINC001215448459,CSc1ccc(F)cc1Nc1cnnn1C,0.43622318,-7.004,0.25186503,0
ZINC001250320151,COCOc1cccc(CCn2ccnc2)c1,0.47370908,-7.529,0.27154064,0
ZINC001252587018,C=CCC[C@@H](O)CNc1ncn(C)n1,0.36363918,-6.218,0.18979755,0
ZINC001256700016,CCCC[C@H](NC=O)c1nnc([C@H]2C[C@H]2C)o1,0.55028534,-7.364,0.4403852,0
ZINC001263424911,C[C@@H](OC(=O)CC1(C)COC1)c1ccco1,0.3311006,-6.364,0.11016302,0
ZINC000012359800,CCCc1noc(C2CCNCC2)n1,0.5106402,-6.838,0.4165362,0
ZINC000230350857,Cn1cc(CN2CCC[C@@H](O)C2)nn1,0.45678264,-6.695,0.32471597,0
ZINC000261573121,CCN(CC)C(=O)c1cnc(C(=O)O)cn1,0.4086991,-6.486,0.2511951,0
ZINC000261593621,NC[C@H](NC(=O)C1CC(F)(F)C1)C1CC1,0.36853305,-6.737,0.1455351,0
ZINC000307712919,C=CCN(C)[C@@H]1CCC(=O)NC1=O,0.40928146,-6.052,0.2974686,0
ZINC000335711352,CCc1nc(C(=O)N2CCCO[C@H](C)C2)co1,0.44970113,-7.176,0.260682,0
ZINC000336553587,CCCN1CCSC[C@H]1C,0.42785585,-4.976,0.44612688,0
ZINC000379392860,CC(C)(CNCC1CC1)C(F)(F)F,0.37152836,-5.791,0.24981746,0
ZINC000654873138,C[C@@H](C(=O)NCCCO)C1CCC1,0.41294956,-6.454,0.26294166,0
ZINC000755634726,CCc1nn(C)c(CC)c1C=NOC,0.45653254,-5.809,0.4163317,0
ZINC000792526131,COC(=O)NC(C)(C)C(=O)N1CC(C)(F)C1,0.33199698,-6.636,0.08366073,0
ZINC000825456911,O=C(c1ccc(F)s1)N1CCCNC(=O)C1,0.51243657,-7.263,0.37591046,0
ZINC000835759587,CCNC(=O)[C@H](C)OC(=O)c1cnccc1C,0.5860563,-7.097,0.5390023,0
ZINC000849031676,Cc1cccc(NC(=N)NCC[C@H](C)F)c1,0.63595504,-7.261,0.6207973,0
ZINC000894184697,C[C@@]1(C(=O)N[C@]23C[C@H]2COC3)CCCO1,0.38112324,-7.088,0.13398418,0
ZINC000904207287,CCCCN(O)C(=O)c1cccc(C#N)c1,0.50246364,-7.625,0.31852043,0
ZINC000909876277,CCC[C@H](O)C(=O)OC[C@@H]1CCC[C@@H](O)C1,0.40543863,-6.898,0.20190369,0
ZINC000924459747,CC[C@H](COC)N1C(=O)[C@H]2C[C@@H](O)CN2C1=O,0.35996172,-6.795,0.12252621,0
ZINC001236581146,Cc1ncc(-c2cncc(O)c2)cn1,0.41176328,-7.009,0.20289235,0
ZINC000020155004,CN(C)C(=O)Cc1cccc(N)c1,0.41420314,-6.639,0.24619174,0
ZINC000086085156,N#CNC(=O)CNC(=O)c1ccco1,0.32299212,-6.511,0.078818284,0
ZINC000131412242,COc1ccc(NC(=O)N2CCCCC2)cn1,0.3917578,-7.411,0.12147023,0
ZINC000208642036,C[C@@H](O)CNC(=O)/C=C\c1cccnc1,0.41233927,-7.004,0.20455313,0
ZINC000308292474,CCOCCNC(=O)N1CC(F)C1,0.36461475,-5.406,0.27614796,0
ZINC000359363413,C[C@@H]1[C@@H](C(=O)NCCc2cscn2)C1(F)F,0.39491764,-7.429,0.12585823,0
ZINC000379787779,C[C@](O)(CNC[C@@H](O)C(F)F)C(F)(F)F,0.33269554,-6.027,0.1483579,0
ZINC000380183532,Cc1n[nH]cc1CNC[C@@H](C)S(C)(=O)=O,0.52237916,-5.839,0.54364896,0
ZINC000386631684,C[C@H](CO)CSC[C@@H]1CCCN1C,0.40673757,-5.503,0.34950504,0
ZINC000432496047,CCCCSCc1ncnn1C(C)C,0.36251825,-5.941,0.21637478,0
ZINC000497209720,O=C(NC[C@H](O)Cn1ccnn1)OCCCF,0.32438058,-6.117,0.12253008,0
ZINC000614602530,C[C@@H]1C[C@H]1NC(=O)c1cn(C)nc1-c1ccco1,0.45949796,-7.57,0.23912725,0
ZINC000615186174,CC[C@H](O)CNC(=O)c1cn(CC)cn1,0.41083485,-6.194,0.285783,0
ZINC000632157298,COc1cnc(-c2noc(CCCF)n2)cn1,0.4075129,-6.615,0.23543413,0
ZINC000639334263,CO[C@H](CN[C@H]1C[C@H](O)C1)C1CC1,0.3110343,-5.859,0.122914694,0
ZINC000640125800,COc1cc(CN2Cc3ccccc3CO2)on1,0.6428158,-8.184,0.5384301,0
ZINC000661122583,NC(=O)c1csc(CNC(=O)NCCF)n1,0.48483616,-6.249,0.42665493,0
ZINC000718534975,Cc1coc(C(=O)NC2CCC=CCC2)c1,0.5727825,-8.172,0.40094805,0
ZINC000817248464,CCC(=O)COC(=O)[C@]1(C)CC1(F)F,0.33717665,-6.254,0.133635,0
ZINC000827306449,CCOC(=O)C[C@@H]1CN(C(=O)O)CCO1,0.34130284,-6.478,0.11852094,0
ZINC000835078983,CC(C)COC(=O)c1cc(Cl)n(C)n1,0.36960328,-6.476,0.17478946,0
ZINC000883237364,C1=C[C@H](CNCc2cc3cnccc3o2)CC1,0.7869776,-7.973,0.8459376,0
ZINC000884516536,Cc1cnc(NCC[C@H](C)F)o1,0.38647613,-5.688,0.2901358,0
ZINC000901381934,COC/C(C)=C\CSc1ccccn1,0.3849768,-6.475,0.20534699,0
ZINC000901706987,CCCCOc1cncnc1,0.41073602,-5.552,0.35233143,0
ZINC001240242256,CCOC(=O)c1c(F)cccc1-c1cn[nH]c1,0.47564662,-7.503,0.27808174,0
ZINC001241059455,Cn1cnc2cnc(-c3ccc(O)cc3)cc21,0.6749255,-8.374,0.5822835,0
ZINC001252357843,CC(C)(O)CN1C[C@H]2CC[C@@H]1CO2,0.3046218,-6.192,0.07559247,0
ZINC000061679496,C[C@H](C(N)=O)N1Cc2ccccc2C1,0.56769687,-7.616,0.4486772,0
ZINC000089913906,C[C@@H](NC(=O)[C@@H]1CNC(=O)N1)c1nncn1C,0.4249858,-7.049,0.22492644,0
ZINC000120814740,Cc1ncc(S(=O)(=O)Nc2cnoc2C)[nH]1,0.3863012,-6.89,0.16482584,0
ZINC000167005356,CC[C@@H](CO)NC[C@@H](C)OC,0.29833776,-4.663,0.22210369,0
ZINC000182776534,C=CC1CCN(CCCn2ccnc2)CC1,0.5872503,-7.315,0.5187036,0
ZINC000222640456,CC[C@H]1CCC[C@H]1NC[C@@H](O)C(F)(F)F,0.4564752,-6.585,0.33554286,0
ZINC000331784077,C[C@@H](O)[C@@H](CO)NC(=O)[C@@]1(C)C[C@@H]1F,0.41975233,-6.341,0.28816518,0
ZINC000334821062,O=C(NCC1CCCC1)c1csc2cncn21,0.6025018,-7.826,0.49579033,0
ZINC000335117742,Cc1cc(=N[C@@H]2CC[C@H](F)C2)c(C#N)c[nH]1,0.4482697,-7.515,0.222603,0
ZINC000336522030,Cc1noc([C@@H]2CCC(=O)[C@@H](C)C2)n1,0.46554288,-7.748,0.23259628,0
ZINC000677549536,CN(C)CCCCNC(=O)c1cnco1,0.38157925,-5.855,0.2630737,0
ZINC000721913078,CO[C@H]1C[C@@H](CN2CCC[C@@H]([C@H](C)O)C2)C1,0.56146675,-7.18,0.4816637,0
ZINC000772848591,C/C=C/C(=O)N1C[C@@H](N(C)C)[C@@H](SC)C1,0.36814657,-5.886,0.23324195,0
ZINC000807963027,CCCNN=C1C[C@H](OCC)[C@H]1SC,0.4490018,-5.556,0.42771655,0
ZINC000850069269,Cc1nc(COC(=O)[C@@H]2CCC2(C)C)no1,0.43980283,-7.242,0.23421282,0
ZINC000851615360,CS/C=C/C(=O)N[C@@H]1CCO[C@@H]1C(=O)O,0.3387702,-6.145,0.14812364,0
ZINC000853049636,CN(CC1=CCSC1)C(=S)NC1(C)CC1,0.4005592,-5.916,0.29432952,0
ZINC000871992191,C[C@H](O)CN1CC(CNC(=O)C(F)(F)F)C1,0.41996405,-6.3,0.292847,0
ZINC000888368934,C[C@@H]1CN(C(=O)Nc2cc(C#N)ccc2F)[C@@H]1C,0.52745533,-8.357,0.29192585,0
ZINC001046183780,C[C@@]1(NC(=O)[C@H]2CCOC2)CCN(CCO)C1,0.4189349,-6.846,0.23404469,0
ZINC001321017282,S=C(NC[C@H]1CCOC1)Nc1ccsc1,0.49108624,-5.927,0.4725118,0
ZINC001343703609,CC[C@@H](C)CC(=O)OC[C@@H]1CC(C)=NO1,0.39459008,-6.602,0.2111867,0
ZINC001519537907,O=C(OCC1CSC1)[C@@H]1C[C@@H]2O[C@H]1[C@H]1C[C@H]12,0.41010898,-7.199,0.17986238,0
ZINC000278958854,CCSCCSc1cncc(Cl)n1,0.40917534,-5.06,0.40038958,0
ZINC000308219819,Cc1nc(C#N)cc(NCCC[S@@](C)=O)n1,0.5070728,-6.422,0.45271808,0
ZINC000339484866,CCCc1csc(CNCC[C@@H](C)F)n1,0.46003586,-6.398,0.36203727,0
ZINC000361026223,CC(C)(C)OC(=O)CN=c1ncnc2[nH][nH]cc1-2,0.43716747,-6.919,0.2625724,0
ZINC000398251812,CCCn1cc(CN[C@]2(C)CC=CCC2)cn1,0.5855189,-7.388,0.50768447,0
ZINC000408107901,C=C[C@@H]1CCCCN1c1nc(C)cc(C#N)n1,0.5444276,-7.66,0.3980084,0
ZINC000419539618,CC#CCSCc1ccn(CC(F)(F)F)n1,0.3595586,-7.088,0.09126659,0
ZINC000541010138,NC(=O)c1cccc(C(=O)NC2CCCC2)n1,0.4278815,-8.344,0.09603062,0
ZINC000566283440,Cc1cccc(CCNC(=O)[C@H]2CCC(=O)C2)n1,0.58758956,-8.35,0.41177404,0
ZINC000581369158,CNCCCN(C)C(=O)c1ncoc1C,0.42745304,-5.472,0.39376336,0
ZINC000749234414,Cc1cc(NC(=O)N[C@@H]2CCSC2)sn1,0.52798975,-6.878,0.44674563,0
ZINC000851446041,Cc1ncc(COC(=O)CSC(F)F)o1,0.29571402,-5.925,0.08570512,0
ZINC000852586603,C[C@@H]1CCN(C[C@@H]2CCC(=O)O2)C[C@H](C)O1,0.44919312,-7.065,0.27121553,0
ZINC000908461961,O=C(NCCc1nc[nH]n1)c1c[nH]cc1C1CC1,0.47683534,-7.569,0.27357498,0
ZINC001136154751,CNC(=O)CNC(=O)C1(C(N)=O)CC1,0.27797836,-5.758,0.06793415,0
ZINC001238866352,FC(F)n1cc(-c2cccc3c2COC3)cn1,0.49608168,-8.075,0.259095,0
ZINC001336769887,O=C(CCN[C@H]1C=CCC1)Nc1ccccc1,0.571363,-7.548,0.46300885,0
ZINC000014985168,CCCc1nn(C)c(C(=O)O)c1Br,0.402085,-6.073,0.28102988,0
ZINC000019844630,CN(C)CCNc1ccc(C(=O)O)cn1,0.48003495,-6.293,0.41256976,0
ZINC000065339964,O=Cc1cc(-c2cccc(O)c2)cs1,0.53936887,-7.421,0.4128347,0
ZINC000092459408,COC[C@@H](C)NC(=O)NCc1ncoc1C,0.42777923,-6.377,0.30032304,0
ZINC000113744256,Cc1noc(C(=O)Nc2ccccc2)n1,0.5503488,-7.327,0.44435748,0
ZINC000123064196,COCCn1ccc(NCc2ncc[nH]2)n1,0.3078609,-5.947,0.1074798,0
ZINC000130346087,CONC(=O)c1ccnc(CN)c1,0.3739087,-6.025,0.23020534,0
ZINC000232521521,CC(C)(N)CC(=O)NS(C)(=O)=O,0.3238816,-5.674,0.1675972,0
ZINC000301364651,N#Cc1cccnc1N[C@@H](CCO)C1CC1,0.39186066,-6.513,0.2150327,0
ZINC000379380277,C=C(Br)CNC(=O)NC[C@H]1C[C@@H]1C,0.4244394,-6.478,0.2832069,0
ZINC000491192958,C#C[C@@H](CC)NC(=O)Nc1ccc(F)cn1,0.5767223,-7.231,0.50658154,0
ZINC000632201864,CNC(=O)N1CCOC[C@H]1CC(C)=O,0.5087796,-5.887,0.5117193,0
ZINC000641971451,Cc1ccsc1C(=O)NCC[C@H]1CCCO1,0.43145064,-7.334,0.2081033,0
ZINC000675289798,O=C(NCC(F)(F)F)[C@@H]1CC12CCC2,0.3319906,-6.952,0.050795805,0
ZINC000751517878,Oc1cccc(/C=N/Cc2ncccc2F)c1O,0.58847046,-8.534,0.39438975,0
ZINC000764108686,C=CC(=O)NCCNC(=O)c1cc(OC)no1,0.32613492,-6.661,0.069449455,0
ZINC000768819739,Cn1ncnc1COC(=O)[C@@H]1CCCOC1,0.33416855,-6.248,0.12830001,0
ZINC000848434942,Cc1coc(SCc2cnsn2)n1,0.37994233,-5.639,0.28228712,0
ZINC000852319346,N#CC[C@H]1CCCN(Cc2ccc(F)cn2)C1,0.6269527,-7.338,0.59495926,0
ZINC000865862929,C=C(CC)CNc1ccc(F)nn1,0.47221246,-6.727,0.35195422,0
ZINC000877462127,OC[C@]12C[C@H]1CN(Cc1nc(Cl)cs1)C2,0.5147655,-6.472,0.46275845,0
ZINC000922644979,CC(C)(/C=C\Cl)NCc1cc2n(n1)CCC2,0.5101217,-6.881,0.41103876,0
ZINC001031630227,CC#CCN1CC(CNC(=O)c2cncnc2)C1,0.516411,-7.453,0.36403048,0
ZINC001119351684,CC(=O)[C@H](C)CCOC(=O)c1ncccn1,0.37991467,-6.843,0.15706098,0
ZINC001194139618,CCCOC(=O)N[C@H]1CC[C@H](OC)CC1,0.3418944,-6.102,0.15878278,0
ZINC001198634312,C=CS(=O)(=O)NCCC(=O)c1ccccc1,0.46528116,-6.951,0.31493628,0
ZINC001204544838,O[C@H]1CN(Cc2nccs2)CC[C@@H]1F,0.4853603,-6.168,0.4361142,0
ZINC001227552717,CCCCOC[C@@H](C)Oc1cccc(O)c1,0.6574324,-7.041,0.68621373,0
ZINC001240521866,Cc1n[nH]cc1-c1cccnc1CC#N,0.41413444,-6.936,0.2151787,0
ZINC001324285835,Cc1nc(CNC(C)(C)c2noc(C)n2)no1,0.46564138,-7.333,0.27593598,0
ZINC000000239359,OC1CCN(Cc2cccs2)CC1,0.48108575,-6.09,0.4357558,0
ZINC000050915948,COc1ccccc1CN(C)C(=O)CC(=O)O,0.6080273,-6.505,0.64407086,0
ZINC000088449127,Cc1cncc(C(=O)NC[C@@H](C)C#N)c1,0.4962925,-7.478,0.32157844,0
ZINC000125493503,C[C@H](NC(=O)[C@@H](N)c1ccccc1)c1ncon1,0.5244365,-8.495,0.27159888,0
ZINC000163483824,C[C@@H](O)c1cn(CCc2ccccc2)nn1,0.44239616,-8.12,0.14807051,0
ZINC000172950377,C#CCCCNC(=O)c1ccnc(C)n1,0.43008637,-7.308,0.20810384,0
ZINC000186012761,CC(C)[C@@H]1C[C@H]1C(=O)Nc1ccccc1O,0.5744364,-7.926,0.42979917,0
ZINC000195542016,C[C@@H](/C(=N/O)c1ccccc1)N1CC[C@@H](O)O1,0.65492487,-8.06,0.57530844,0
ZINC000248877075,CN(C[C@H]1CCC=CO1)[C@H]1CCS(=O)(=O)C1,0.5166067,-7.015,0.4099539,0
ZINC000252718854,C[C@@H]1CCC[C@H](C)[C@H]1NCC(F)F,0.428396,-6.53,0.28563848,0
ZINC000258878988,O=C(O)C(=O)NCCc1csc2ccccc12,0.5199461,-7.839,0.33090344,0
ZINC000307212395,CC1(C(=O)N2CC[C@H](N)C2)CCC1,0.3895553,-6.543,0.2073471,0
ZINC000336171933,Cc1nscc1C(=O)N(C)[C@H]1CCNC1=O,0.3690054,-6.716,0.14865404,0
ZINC000379337506,COCC(=O)O[C@@H]1CC[C@@H](C)C1,0.40623355,-5.821,0.31544638,0
ZINC000453319680,CC[C@@]1(C)C[C@@H]1c1nc(C2(C)CC2)no1,0.52046126,-8.305,0.28347728,0
ZINC000530481191,Fc1cccnc1CNc1nccn2nnnc12,0.42085645,-7.702,0.14885879,0
ZINC000617684101,CCc1csc(CC(=O)NC/C=C\CO)n1,0.344499,-6.424,0.13046621,0
ZINC000618307962,CC1(NC(=O)C2CCC2)CCCCC1,0.4034199,-7.635,0.12128414,0
ZINC000638449945,CCn1nncc1CNC(=O)[C@@H]1C[C@H]2C[C@H]2N1,0.36209667,-6.922,0.11355205,0
ZINC000641632184,O=C(CNC(=O)Nc1ccccc1)C1CCCC1,0.5857507,-8.538,0.3885864,0
ZINC000759442965,Cn1ncnc1COC(=O)/C=C/c1cccnc1,0.4450808,-7.75,0.19185477,0
ZINC000831470778,CCON(CC)C(=O)c1c(O)cc(F)cc1F,0.4466992,-7.149,0.25754246,0
ZINC000834687151,C[C@H](N)CNC(=O)[C@H](C)NC1CC1,0.38542372,-5.518,0.30572477,0
ZINC000852175508,C[C@H](NCCOC(F)F)c1csnn1,0.46682948,-5.914,0.4258129,0
ZINC000884542074,Cc1cnc(NCc2ccc(CO)cc2)o1,0.5139967,-7.616,0.34230208,0
ZINC000886176948,Cc1coc(CN[C@H](C)[C@H](O)C(F)(F)F)c1,0.5112804,-6.994,0.40158617,0
ZINC000902264059,Cc1cnn(C[C@H]2C[C@@H]3[C@H](C2)C3(F)F)c1,0.5894236,-7.706,0.48235917,0
ZINC001241717146,O=C1Cc2ncc(C3=CCCCC3)cc2N1,0.50992876,-8.488,0.24358816,0
ZINC000003597288,C[C@@H](O)c1ccc(C(=O)O)cc1,0.3865986,-6.884,0.16603877,0
ZINC000083054413,CC[C@@H](Nc1ccc2c(c1)OCO2)C1CC1,0.49791235,-7.441,0.32863384,0
ZINC000170241938,CCCN(CCC)C(=O)c1cc(C)sn1,0.39398608,-6.09,0.26321924,0
ZINC000179791899,CON(C)C(=O)c1csc(S(C)(=O)=O)c1,0.4262632,-6.258,0.30969158,0
ZINC000299891116,Cc1nnc(CN2CC[C@H](C)[C@H](O)C2)o1,0.57092583,-7.058,0.51308477,0
ZINC000333339422,CC(=O)N1CCC[C@H]1C(=O)NCCN1CCC1,0.36583894,-6.556,0.15901561,0
ZINC000381804373,CC(C)(C)c1ccnc(NCCC(N)=O)n1,0.5624349,-7.256,0.47568035,0
ZINC000390590164,C[C@@H]1C[C@@H](NCc2nnnn2C2CC2)[C@H]1C,0.47674218,-7.267,0.30478725,0
ZINC000416276955,CCc1ccc(O)c(C(=O)N[C@H]2C[C@@](C)(O)C2)c1,0.6123081,-8.728,0.42144117,0
ZINC000646911848,CN1C[C@H]2CCN(C(=O)CNC(N)=O)[C@H]2C1,0.36734456,-6.558,0.16179016,0
ZINC000653128472,CCCC(C)(C)C(=O)N[C@H](C)CCN,0.31692263,-6.206,0.09850384,0
ZINC000745144343,CC#CCOC(=O)[C@@](C)(O)Cc1ccccc1,0.54449195,-7.522,0.41248286,0
ZINC000762730799,C#CCOCCOC(=O)[C@@H]1CCS(=O)(=O)C1,0.42793068,-6.841,0.2523843,0
ZINC000821426471,CCN(C(=O)[C@H]1CC(=O)N1)c1ccc(C)cc1,0.46636233,-7.839,0.2247589,0
ZINC000887680795,CC(C)(F)C(=O)N1CCO[C@](C)(C#N)C1,0.6384488,-6.898,0.6634757,0
ZINC000931768445,C[C@@H]1C[C@H]1NC(=O)[C@]1(C)C=CCC1,0.35849264,-6.838,0.11514569,0
ZINC000982308945,CC(=O)N1CC[C@@H](CNC(=O)c2cncnc2)C1,0.4024235,-7.499,0.13344929,0
ZINC001159662126,CC/C=C/Nc1ncc2ccccc2n1,0.53144246,-7.706,0.3675038,0
ZINC001242068888,CNc1ccc(-c2ncccc2C(N)=S)cn1,0.55286855,-7.054,0.47773072,0
ZINC001242758829,C/C=C(\C)c1cnc2c(ccn2C)c1,0.49266106,-7.82,0.27882957,0
ZINC001246441806,C[C@@H](Cc1ccccc1F)N[C@@H]1CC12CNC2,0.7822847,-8.15,0.8182399,0
ZINC001508700553,CCC(=O)NC[C@H](C)N(C)C(=O)c1ccoc1,0.6360357,-6.764,0.6726265,0
ZINC001602810650,C[C@H](C(=O)O)C(=O)OCc1sccc1Cl,0.4318775,-6.422,0.303763,0
ZINC000054378166,COCCCCNc1nccnc1C#N,0.35578468,-5.429,0.25626522,0
ZINC000141249159,Cn1ncc(C(=O)NCc2ccoc2)c1C1CC1,0.43044996,-7.679,0.17025381,0
ZINC000307144878,O=C(NCCF)N[C@@H]1CCSC1,0.45515853,-5.38,0.45820996,0
ZINC000361225511,COc1ccnc(S[C@@H](C)[C@@H](C)O)n1,0.4689515,-5.961,0.42513013,0
ZINC000414881308,COc1cc(CNC[C@H](N)C2CC2)ccc1C,0.49184576,-6.723,0.39126188,0
ZINC000491675702,C#CCN1CCC[C@@H]1COC(=O)C[C@@H]1C[C@H]1C,0.60856664,-7.185,0.57444453,0
ZINC000621383486,CC1CC(CNCc2ccc(C(N)=O)cc2)C1,0.7665175,-8.302,0.7712043,0
ZINC000635689404,NC(=O)C(=O)N1CCO[C@H](c2cccs2)C1,0.49291372,-7.009,0.36364403,0
ZINC000679701479,COC[C@H](CNC(=O)N[C@H](C)C1CCC1)OC,0.36761662,-6.182,0.20141919,0
ZINC000680594273,CCc1cc(C(=O)N2CC[C@H](CO)C2)c(C)nn1,0.4113106,-7.783,0.12152836,0
ZINC000720509246,FCCCNCc1cccc2ncccc12,0.61522293,-7.384,0.5669414,0
ZINC000767266271,O=C(O[C@@H]1CCCNC1=O)[C@@H]1CC=CCC1,0.38534003,-7.491,0.100440174,0
ZINC000792184858,C[C@H](O)COC(=O)c1coc(C2CCC2)n1,0.41157004,-7.212,0.1814051,0
ZINC000817338413,CCn1ccnc1C=NN[C@@H]1CCC[C@H]1O,0.43849748,-6.551,0.30346543,0
ZINC000821622588,Cc1ccc(CC(=O)OCC(C)(C)C)cn1,0.3944207,-7.171,0.15169632,0
ZINC000834687397,CC1=NO[C@H](C(=O)Nc2nc(C)ccc2O)C1,0.5137206,-7.588,0.34466603,0
ZINC000881274582,Cc1cc(Cn2cc([C@H](C)O)nn2)c(C)s1,0.42676377,-7.173,0.21555707,0
ZINC000881480689,C[C@H]1CCN1C(=O)/C=C/c1ccsc1,0.3768918,-6.767,0.15897413,0
ZINC000909996995,COc1ccc([N+](=O)[O-])cc1C(=O)N1CC=CC1,0.65892947,-7.388,0.6531042,0
ZINC001175840030,O=C(O)c1cncc(Nc2ccc(Cl)nc2)c1,0.48983976,-7.608,0.295281,0
ZINC001201373343,Cn1nccc1NCc1ccc2[nH]ccc2c1,0.67008996,-8.262,0.58434856,0
ZINC001225454449,CCc1ncccc1OC[C@@H]1COCCO1,0.49892032,-6.871,0.38988942,0
ZINC001593043490,CCOc1ccccc1C(=O)OCC(=O)O,0.62295026,-6.782,0.6448342,0
ZINC000002386562,Nc1ccc(F)c(F)c1C(=O)C(F)(F)F,0.39674643,-7.523,0.119708374,0
ZINC000059500749,CCOC[C@H](O)COc1ccccc1C(N)=O,0.5139895,-6.888,0.4179728,0
ZINC000150723484,CC[C@H](C)OC(=O)c1ccc2nccnc2c1,0.5300348,-7.845,0.35026446,0
ZINC000276274403,CN(CCCCO)c1nccnc1C#N,0.42798254,-6.081,0.3314988,0
ZINC000281692132,COC(=O)[C@H](C)N(C)C(=O)[C@H]1CSC(=O)N1,0.45185864,-5.972,0.39012718,0
ZINC000336004955,CC1(C)C[C@H]1NC(=O)NCC1(O)CCC1,0.3787618,-7.158,0.12202894,0
ZINC000342175872,C=CC[C@@H](CO)CNC(=O)c1cc[nH]c1C,0.5550365,-6.892,0.49886718,0
ZINC000344320666,CC[C@@]1(C)CCN(C(=O)COc2cccnc2)C1,0.50721705,-7.588,0.33178315,0
ZINC000349804669,Cc1nc(=N)[nH]c(C)c1C(=O)N1CCCCC1,0.39917082,-7.723,0.10371829,0
ZINC000388079591,CCON=C1CCO[C@H](C)C1,0.34580058,-5.646,0.21392769,0
ZINC000571636941,CSC[C@H](O)CN[C@H]1[C@@H]2COC[C@@H]21,0.3744472,-5.301,0.3065412,0
ZINC000594894332,CO[C@H](Cn1ccnc1C#N)C1CCC1,0.4799979,-6.526,0.38827306,0
ZINC000607728747,CCOCCCN1CC[C@@H](C)C1,0.37691614,-5.65,0.27514893,0
ZINC000812407871,C[C@@H]1C[C@@H](C(=O)NOC/C=C/Cl)CCC1=O,0.45856076,-7.626,0.23144883,0
ZINC000857522370,C[C@H](O)C(=O)NOC1CCC1,0.27896187,-5.522,0.09441763,0
ZINC000870427851,C[C@@H]1C[C@H](C(=O)O[C@]2(C)CNC(=O)C2)[C@@H](C)O1,0.3901437,-7.79,0.0788709,0
ZINC000906261502,C[C@@H]1CCCN(Cc2cn(C3CC3)nn2)CC1,0.43579283,-7.215,0.22907637,0
ZINC000924491919,CCCCCCOC(=O)/C=C/c1cn(C)cn1,0.5120764,-6.672,0.43663895,0
ZINC000928948917,C[C@@H]1C[C@H](C)[C@@H](C(=O)N2CCOCN2)O1,0.41167015,-7.059,0.19750972,0
ZINC000931348001,CCc1nc(O)c(C(=O)Nc2cnoc2)cc1C,0.5157913,-7.933,0.31290066,0
ZINC000931754024,C[C@H](O)[C@H](O)CN1CC[C@H]([C@@H]2CCCO2)C1,0.43154803,-6.716,0.2725453,0
ZINC001249913605,CCOC(=O)C(=O)Cc1cccc(C(=O)O)c1,0.51860327,-7.702,0.34248638,0
ZINC001254110601,CN(C)c1ccncc1-c1nnc(C2CC2)o1,0.50660557,-7.114,0.37985027,0
ZINC000032779207,C[C@@H]1CN(c2cc(Cl)nc(N)n2)CCO1,0.4638941,-6.626,0.3459766,0
ZINC000041052034,Cc1ccccc1Cc1nc(CN)no1,0.47895208,-7.528,0.2820305,0
ZINC000060393554,O=S(=O)(Nc1cnoc1)c1cn[nH]c1,0.3375396,-6.09,0.15140393,0
ZINC000079384940,C[C@@H](CCc1ccccc1)SCCC(N)=O,0.5461372,-7.048,0.46502042,0
ZINC000082320438,Cc1cn[nH]c1C(=O)Nc1ccccc1,0.5916634,-7.652,0.49241003,0
ZINC000087921894,N#CCNC(=O)c1cccc(Cl)c1F,0.44073084,-7.399,0.21972892,0
ZINC000125994904,CCCCN[C@@H](C)c1ncc(C)s1,0.4818533,-5.817,0.46565813,0
ZINC000280567984,CSCCONC(=O)Nc1c(C)noc1C,0.3947143,-6.298,0.24303749,0
ZINC000283831024,N#Cc1ccc(SCCCCO)nc1,0.31675398,-6.293,0.08912502,0
ZINC000307947670,CCCCCN(C(C)C)C1CC1,0.35632914,-5.715,0.22761038,0
ZINC000336771844,CNC(=O)CN[C@@H](COC)[C@@H]1CCCO1,0.42373455,-5.701,0.36258984,0
ZINC000379352394,C[C@@H](C#N)OCCN1CCC[C@H]1C,0.47338933,-5.715,0.45949596,0
ZINC000393943180,CO[C@H](CNC[C@@H]1CCC(=O)N1)C1CC1,0.31562054,-6.002,0.11713297,0
ZINC000563093007,NCCCCC(=O)NCCc1ccccc1O,0.6876211,-7.558,0.6922661,0
ZINC000603220016,CC(C)OC(=O)c1cn(Cc2cnc[nH]2)nn1,0.43481827,-6.756,0.27486482,0
ZINC000656753899,C[C@@H]1C[C@H]1c1noc([C@H]2CCC2(C)C)n1,0.52775955,-8.644,0.26269105,0
ZINC000661093088,Cc1nc(CN(C)Cc2cnc[nH]2)c(C)o1,0.55519015,-6.055,0.5861886,0
ZINC000739394909,CCN(CC(=O)N1CCOC[C@H]1C)C(=O)O,0.27797157,-6.077,0.03475654,0
ZINC000768040273,C#C[C@H](CC)OC(=O)c1ncoc1CC,0.3817632,-6.894,0.15542066,0
ZINC000794626543,CCOC(=O)CCOC(=O)CCC1CCCC1,0.3194954,-6.343,0.089357376,0
ZINC000822090042,C[C@]1(COC(=O)CCc2cccs2)C[C@H]1F,0.3770162,-7.125,0.122001804,0
ZINC000853014391,C#CCOCCSc1nnnn1C1CC1,0.33411205,-6.3,0.12278201,0
ZINC000912632582,C=C[C@@H](O)C(=O)N[C@@H]1CCCC12OCCO2,0.36723572,-6.848,0.1314253,0
ZINC001148416877,CC/C=C/NC(=O)c1ccccc1CC,0.43589005,-7.343,0.21596166,0
ZINC001152464652,Cc1cc(CCC(=O)NOC2CCCC2)n[nH]1,0.39703712,-8.112,0.059050106,0
ZINC001174780729,C=CNc1cnc(F)c(F)c1,0.28127703,-5.725,0.077899314,0
ZINC001212372688,Cc1oc(Nc2ccc(CO)nc2)c(C#N)c1C,0.5696053,-7.556,0.4586953,0
ZINC001225817702,CCOC(=O)c1cnc(O)cc1OC1CCC1,0.40132263,-6.699,0.21443889,0
ZINC001266124861,C[C@H](CCNC(=O)/C=C/c1ccco1)NCC#N,0.49442014,-7.313,0.33502334,0
ZINC001323057655,Cc1coc(C(=O)NOCC(F)F)c1C,0.41060284,-6.879,0.21410882,0
ZINC001518890117,COc1cc(F)c(C(=O)NC[C@H](C)O)c(F)c1,0.46143004,-7.375,0.26322728,0
ZINC000000173186,CC(=O)Nc1ccccc1Br,0.39828572,-6.514,0.22765619,0
ZINC000002555570,CC[C@@H](C)NC(=O)C1CCNCC1,0.43314183,-6.334,0.31541628,0
ZINC000013212918,O=NNc1cccnc1,0.28076124,-4.878,0.16493419,0
ZINC000025820561,O=[N+]([O-])c1ccccc1Oc1cccc[n+]1[O-],0.5642874,-7.951,0.40709573,0
ZINC000097060215,COC(=O)CCCC(=O)/N=c1/[nH]cc(C)[nH]1,0.41424832,-6.679,0.24212274,0
ZINC000136270237,CC[C@H]1CC[C@@H](C)N1CC(=O)O,0.34080186,-6.185,0.14798969,0
ZINC000151643217,COC(=O)C[C@@H](C)C(=O)OC1CCC1,0.33039302,-6.584,0.0858895,0
ZINC000292896193,O[C@@H]1CCCN(Cc2nccs2)CC1,0.44986513,-6.382,0.3435534,0
ZINC000304368033,COC(=O)C[C@H](C)NS(=O)(=O)c1c[nH]cn1,0.3376133,-6.284,0.13138112,0
ZINC000334521572,Cc1c[nH]nc1CN[C@]1(C)CCCC[C@@H]1C,0.51193094,-7.552,0.3448636,0
ZINC000351757937,O=C1NC(=O)N2CCN(CCCCF)C[C@@H]12,0.45270833,-7.345,0.24906923,0
ZINC000607630078,C[C@H](C(=O)NCCc1cnn(C)c1)c1ccco1,0.50631833,-7.981,0.28914544,0
ZINC000611708697,CO[C@@H](C(=O)N[C@H](C)c1nc[nH]n1)C1CCC1,0.4204428,-6.673,0.25501722,0
ZINC000620139287,O=C([C@@H]1CCSC1)N1CC[C@@H]2COC[C@H]2C1,0.43687445,-7.325,0.21978305,0
ZINC000624656637,C/C=C\CNc1nccnc1OC(C)C,0.41409653,-6.257,0.28569445,0
ZINC000660639236,C[C@@H]1CN(Cc2coc(S(N)(=O)=O)c2)[C@H]1C,0.45080858,-7.574,0.22149849,0
ZINC000755219161,C#Cc1ccc(C(=O)NC[C@@]2(O)CCOC2)cn1,0.56135213,-7.999,0.39629102,0
ZINC000787379339,NC(=O)CCn1ccc(NC(=O)C(F)F)n1,0.31876796,-6.781,0.04238063,0
ZINC000790991120,C/C=C(\C)C(=O)N(C)Cc1ccn(CC)c1,0.4515383,-6.753,0.30829757,0
ZINC000847833173,O=C(OCc1ccns1)c1cc2n(n1)CCC2,0.38420096,-7.729,0.07344061,0
ZINC000882519385,Cc1ncnc(N[C@@H]2CCS[C@H]2C)c1C,0.42931816,-6.826,0.25669217,0
ZINC000884622530,O=[N+]([O-])c1ccc(N[C@H]2C[C@@H](O)[C@@H](O)C2)cc1,0.47203386,-7.67,0.2535634,0
ZINC000913783828,C[C@@H]1C[C@@H](CO)CCN1C(=O)Cc1cnc[nH]1,0.502194,-7.124,0.3700716,0
ZINC001138399757,Cc1c(CN2CCOC(=O)C2)[nH]c2ccccc12,0.6589686,-8.565,0.5308174,0
ZINC001141145253,CC(C)c1coc(NC(=O)[C@H]2CCC(=O)C2)n1,0.49033448,-8.089,0.24625486,0
ZINC001168455245,C[C@@H](Cc1cccc(F)c1)NCC1(O)CC1,0.53094375,-7.655,0.37181807,0
ZINC001174787534,C=C(C)Nc1cnccc1C1CC1,0.46274397,-6.436,0.3634512,0
ZINC001207409678,CCOC(=O)CN1CC(C#N)C1,0.43099043,-5.381,0.41023123,0
ZINC001226425136,C[C@H]1CCC[C@@H](Oc2cc[nH]n2)C1,0.48521316,-7.156,0.33310735,0
ZINC001240834357,C=C(C)c1ccnc(N2CCCC2)c1,0.50826985,-7.891,0.3023678,0
ZINC001241106952,Oc1ncccc1-c1cnc2c(n1)CCCC2,0.6231947,-8.411,0.47596282,0
ZINC001243469508,Nc1ncccc1-c1ncnc2cc[nH]c21,0.537393,-7.294,0.42212397,0
ZINC001249961535,CCOC(=O)CCc1ccc(N)nc1F,0.44677383,-7.12,0.26070517,0
ZINC001251885112,C#CCOC[C@H](O)CNC1(C)COC1,0.35313404,-5.958,0.19601814,0
ZINC001265491320,C[C@@H](F)CCN[C@@H]1C[C@@H](NC(=O)[C@H]2C[C@@H]2C)C1,0.49221438,-7.081,0.35477337,0
ZINC001341534814,CC[C@@H](N)C(=O)NCC[C@H]1CCC(F)(F)C1,0.43325132,-7.824,0.16072844,0
ZINC000001466468,O=C(NCc1ccc2c(c1)OCO2)[C@H]1CCCO1,0.4592094,-8.611,0.13033025,0
ZINC000035681782,CCNc1nnc([C@H](C#N)NC(C)=O)s1,0.34794647,-6.385,0.1413499,0
ZINC000059925790,CCCCNC(=S)Nc1nccs1,0.35686293,-5.098,0.29281288,0
ZINC000122432508,C=CC[C@H](C)NC(=O)C[C@@H]1CCNC1,0.5745875,-6.744,0.5529826,0
ZINC000256049589,CN1CC2(CCC2)C[C@@H]1C(=O)O,0.35421938,-6.392,0.15304825,0
ZINC000298157608,O=C(NCC1CC1)[C@@H]1Cc2ccccc2C(=O)O1,0.63618535,-8.333,0.50980526,0
ZINC000334661729,C=CC(C)(C)C(=O)Nc1cncnc1,0.42871606,-6.332,0.30685717,0
ZINC000334891698,c1cn2c(n1)[C@@H](NC[C@H]1CC13CC3)CC2,0.5845469,-7.077,0.53809154,0
ZINC000354021488,COC[C@@H]1CCN1C(=O)CCc1ccoc1,0.4413626,-6.746,0.28886816,0
ZINC000381367950,C[C@H]1CC[C@H](C)C1NCCOCC(F)(F)F,0.36191317,-6.727,0.13346136,0
ZINC000438095393,CC[C@@H]1C[C@H]1NC(=O)Cc1cn2ccsc2n1,0.40157077,-7.192,0.16367671,0
ZINC000491153744,C#CCN(C)CCCNc1cncc(C(N)=O)n1,0.43606466,-6.801,0.2726555,0
ZINC000556850273,O=C(C1CCCC1)N1CCC(c2nnco2)CC1,0.47645319,-8.431,0.18320194,0
ZINC000629490428,C/C=C\CN1C(=O)[C@H](C)N(C2CC2)C1=O,0.4113154,-6.992,0.20377254,0
ZINC000662471827,COc1ccc(NC(=O)C2(O)CNC2)c(C)c1,0.49723965,-7.512,0.31991994,0
ZINC000663062530,Cc1nccnc1C(=O)N[C@@H]1CC[C@H](C(=O)O)C1,0.42898977,-7.269,0.20998614,0
ZINC000784024650,Cc1ccccc1CNC(=O)[C@@H](F)C(C)C,0.43484765,-8.071,0.13821177,0
ZINC000784243049,CCCOC(=O)[C@H](C)N1CCSC[C@@H]1CO,0.37686703,-6.261,0.21153028,0
ZINC000825566935,CN(C)C[C@H]1CCCN1C(=O)Cc1ncc[nH]1,0.37434223,-6.302,0.20226641,0
ZINC000853439873,COc1cccc(C=NOCC2CCC2)c1,0.50791633,-7.978,0.29262277,0
ZINC000853560224,C[C@@H]1C[C@@H](C)N1c1cnc(F)cn1,0.41954583,-6.192,0.30324656,0
ZINC000854153529,Cc1cc(-c2noc([C@H]3C[C@H](N)C3)n2)c(C)o1,0.59872615,-8.205,0.44890916,0
ZINC000859648166,Cc1cnccc1COC(=O)[C@H]1CO[C@@H](C)C1,0.44899303,-7.526,0.22289228,0
ZINC000881850947,C=C(Br)CNc1ncncc1C,0.4326145,-6.067,0.34212983,0
ZINC000882154615,C=CC[C@H](C)Sc1ncnn1C,0.39398834,-5.477,0.32695296,0
ZINC000889611557,O=C(N[C@@H]1C[C@@H]2CCC[C@H]12)c1ncc[nH]1,0.47922084,-7.432,0.29254335,0
ZINC000894778157,Cc1ncoc1CN(C)C[C@H](O)C1CC1,0.5704556,-6.05,0.6169479,0
ZINC000899364238,CC1=NN(C2CCNCC2)C(=O)[C@@H]1F,0.47404146,-6.862,0.3415423,0
ZINC000900438867,Cc1noc([C@H](C)NC(=O)c2cnc(C)n2C)n1,0.44810185,-6.967,0.27924222,0
ZINC000900798022,C[C@@H]1C[C@@H](C)N(C(=O)Cc2cnc[nH]2)C1,0.37970906,-6.548,0.18732278,0
ZINC000902522888,C[C@@H](NC/C=C/Cl)[C@@H]1CCCN1,0.41480425,-5.908,0.3233794,0
ZINC000916104458,C[C@@H](CC(=O)N1CC[C@@H](CF)C1)NC(N)=O,0.3494661,-6.449,0.1377065,0
ZINC000968760238,CC1(C(=O)N2CC[C@@H](NCCO)C2)CC1,0.41939187,-6.221,0.2999267,0
ZINC001015636864,N#CCN1CC[C@@H](NC(=O)C(N)=O)C1,0.43106413,-5.897,0.35673237,0
ZINC001152183029,N#C[C@H]1C[C@H]1C(=O)N[C@H](CO)C1CC1,0.32687756,-6.529,0.08464366,0
ZINC001176129442,C[C@@H](O)c1ccc(Nc2ccc(O)nc2)cc1,0.5420164,-8.263,0.33054245,0
ZINC001226327114,C#C[C@@H](CC(C)C)Oc1nccc(O)n1,0.5201364,-7.457,0.37099427,0
ZINC001239785440,c1ncn(-c2cncc(C3=CCCC3)n2)n1,0.5367357,-7.626,0.38630635,0
ZINC001241156750,C/C=C(\NC=N)c1ccnc(N)c1,0.655675,-6.453,0.7438627,0
ZINC001253584213,C=C[C@H](O)CN1C[C@H]2[C@H](CF)[C@H]2C1,0.45495832,-6.031,0.39013356,0
ZINC000085346226,OCc1nnc(S)n1-c1ccccc1,0.48720378,-7.224,0.3299811,0
ZINC000086235419,CC(C)(O)CCNC[C@H]1CCCOC1,0.4070184,-6.515,0.24485081,0
ZINC000096369454,C/C=C/C(=O)N1CC[C@@H](S(C)(=O)=O)C1,0.4144397,-6.579,0.2528982,0
ZINC000136006701,C[C@H]1C[C@H]1CNC(=O)NC1CCCC1,0.43627048,-7.011,0.25123096,0
ZINC000336648930,FC(F)(F)CNCc1ccsc1Cl,0.5515755,-5.926,0.5924394,0
ZINC000350276521,Cc1nccc(CN2CCC(O)CC2)n1,0.5193653,-7.061,0.41063613,0
ZINC000389930241,Cc1cccnc1CNCCc1cnccn1,0.44225448,-7.125,0.25123295,0
ZINC000399209657,C[C@@H]1CC[C@H](O)CN1C(=O)c1cncc(O)c1,0.509869,-7.972,0.29711458,0
ZINC000402345910,C[C@@H]1C[C@H](Nc2ccc([N+](=O)[O-])nc2)CO1,0.41253778,-7.157,0.18904005,0
ZINC000528565710,CCn1cnc(S(=O)(=O)NCC2COC2)c1,0.3601126,-6.233,0.18125227,0
ZINC000564048413,O=C(NCc1cnc(C2CC2)o1)NCC1CC1,0.47637007,-7.011,0.33066463,0
ZINC000628229785,CSc1ccncc1NCc1cnc(C)o1,0.55530965,-6.172,0.57426167,0
ZINC000648290488,CC[C@@H]1CCC[C@@H]1C(=O)NCc1cocn1,0.42598182,-7.428,0.18749754,0
ZINC000661250988,CN(Cc1cnc[nH]1)C(=O)NCCC(C)(F)F,0.36751074,-6.31,0.18790215,0
ZINC000684255503,CC1(F)CN(C(=O)NCCOC2CCCC2)C1,0.396632,-7.313,0.14131391,0
ZINC000715995168,Cc1ccc(CN[C@@H](C)c2ccns2)s1,0.6014051,-6.783,0.60205114,0
ZINC000813730664,CC(C(=O)N[C@@H]1CCCC1(F)F)=C1CCCC1,0.47391462,-8.723,0.14781612,0
ZINC000828723740,COC(=O)[C@@H](C)NC(=O)CN(C)C(=O)O,0.32685316,-5.71,0.16974095,0
ZINC000844472374,FC(F)C(F)(F)CN1CC[C@@]2(CC2(F)F)C1,0.396733,-7.202,0.1530539,0
ZINC000855561711,CC[C@@H](CO)C(=O)Nc1ccn(CC)n1,0.39613587,-6.728,0.20114943,0
ZINC000876668023,O=C(N[C@@H]1CCSC1)[C@H](F)[C@@H]1CCNC1,0.40873015,-6.538,0.24585055,0
ZINC000924986491,COc1cc([C@@H](C)N[C@@H]2CCCOC2)on1,0.47537586,-6.516,0.38015682,0
ZINC000925248718,COc1cc([C@@H](C)NC[C@@]2(C)CCCO2)on1,0.5546877,-7.14,0.47239348,0
ZINC000930253758,N#C[C@@]1(F)CCN(CC[N+](=O)[O-])C1,0.30372643,-5.79,0.11561194,0
ZINC001071786604,C=CCCC(=O)N1C[C@@H](C)[C@@H](NC(C)=O)C1,0.46297246,-7.095,0.29539227,0
ZINC001258212195,COCC1CN([C@H](C)CCSC)C1,0.35013068,-4.984,0.29132867,0
ZINC001258716850,C=CCC[C@H](C)NCc1ncc(F)cn1,0.52022564,-6.831,0.43625188,0
ZINC001344284500,O=C(CSC1CC1)OC1CSC1,0.4685439,-5.073,0.5166418,0
ZINC000015442313,CCOC(=O)[C@@](C)(F)C(=O)c1ccccc1,0.44057968,-7.257,0.23419225,0
ZINC000041362600,COCCNC(=O)CN1CCCC[C@@H]1C,0.40777212,-6.109,0.28855288,0
ZINC000078826344,CC(=O)N[C@H](Cc1ccccc1)C1CC1,0.53172284,-7.567,0.38251,0
ZINC000229289107,Cc1ccc(Cl)c(N[C@@H](C)C(=O)O)c1,0.42962214,-7.249,0.21331806,0
ZINC000281236361,C[C@H]1OCC[C@H]1NC(=O)CCc1cnccn1,0.3984457,-7.544,0.12089125,0
ZINC000285082501,CC(=O)c1nccn1CCSC(C)C,0.36806184,-5.625,0.26020843,0
ZINC000306577238,C[C@H]1CCN(C(=O)CO)CC1(F)F,0.31154338,-6.469,0.060505778,0
ZINC000335827297,CC(=O)N1CCN(C(=O)C2(C)COC2)CC1,0.44339877,-6.9,0.27689138,0
ZINC000390493580,CCO[C@H]1C[C@H](Nc2cnc[nH]2)C12CCC2,0.47000828,-6.801,0.3398947,0
ZINC000495635617,CCOCCOC(=O)[C@H]1NC(=O)O[C@H]1C,0.36702457,-6.1,0.20877129,0
ZINC000612379083,COC[C@H](OC)C(=O)NC1CC=CC1,0.3134046,-6.023,0.110560164,0
ZINC000628237001,C[C@@H](NCc1cn(C)nn1)C1CC(F)(F)C1,0.5159826,-7.259,0.38335073,0
ZINC000664922470,O=C(NCCc1cn[nH]c1)N[C@@]12C[C@@H]1CCC2,0.5365233,-7.328,0.41686648,0
ZINC000717822398,C#CC[C@H](CO)N[C@@H]1C[C@@H](C)O[C@@H]1C,0.5045399,-6.532,0.43626478,0
ZINC000828300698,O=C(N[C@@H](CO)C1CC1)[C@H](O)C1CCC1,0.38840374,-6.972,0.16046587,0
ZINC000865784124,c1cc(CNC[C@@H]2C[C@H]2C2CCOCC2)c[nH]1,0.6922308,-7.546,0.702645,0
ZINC000906009148,Cc1cc(C#N)cc(N(C(=O)CO)C2CC2)n1,0.4339992,-7.351,0.21138442,0
ZINC000951595228,CCN1CCN(C(=O)c2nc(C)c[nH]2)CC1,0.5827537,-6.36,0.6090808,0
ZINC001136654243,CN(C(=O)c1ccc(CO)nc1)c1cccnc1,0.46091542,-7.619,0.23684092,0
ZINC001143193724,C[C@H]1CCCCN(C(=O)CCC#N)C1,0.40167037,-6.966,0.1873696,0
ZINC001231307642,Oc1nc(O[C@@H]2CCc3cc(F)ccc32)n[nH]1,0.55750793,-8.483,0.33835793,0
ZINC000040909586,Cc1cc(C(=O)NC(C)(C)C(=O)O)on1,0.3425293,-6.616,0.10660354,0
ZINC000080887277,COCC(=O)N[C@@H]1CC[C@@H](SC)C1,0.3877286,-5.534,0.30862713,0
ZINC000171349989,CCCC(=O)N1CSC[C@H]1C(N)=O,0.33132234,-5.667,0.18306437,0
ZINC000292615502,Cc1ccoc1CN(C)C(=O)CCC1CC1,0.41829604,-7.024,0.21427369,0
ZINC000334716689,CC(=O)N1CCCc2c(F)c(F)c(F)cc21,0.49047655,-8.258,0.2289665,0
ZINC000338759521,C[C@H](F)CCN=c1[nH]c2ccc(F)cc2n1C,0.6161968,-7.752,0.53061223,0
ZINC000728799258,C#Cc1ccc(C(=O)Oc2ccc(C)cc2)nc1,0.50293595,-9.142,0.16174419,0
ZINC000762095555,Cc1cc(C(=O)OC2(C#N)CCC2)nn1C,0.42031562,-7.65,0.15319356,0
ZINC000811044849,CON(C(=O)c1ncn(C)n1)C1CCCC1,0.4568438,-6.78,0.31600025,0
ZINC000844780633,C=C[C@@H](C)ONC(=O)c1cnns1,0.3384303,-6.028,0.15961398,0
ZINC000869794072,CO[C@H](C)COC(=O)c1cscc1Cl,0.34985948,-5.986,0.1866206,0
ZINC000873529345,CC1(C(=O)OCc2cnn[nH]2)CC(F)(F)C1,0.4108547,-7.067,0.19506271,0
ZINC000878414717,COC(=O)C[C@@H](NCc1nocc1C)C1CC1,0.5003567,-6.644,0.41633427,0
ZINC000883356705,CC[C@H](NC[C@@H]1CCN1CC)c1ccncc1,0.51842695,-6.918,0.4236441,0
ZINC001167630371,CC(=O)CNc1ccc(C(F)(F)F)nc1C,0.42983398,-7.164,0.2225745,0
ZINC000056268434,CC1CCC(CNC(=O)c2csnn2)CC1,0.39720663,-7.349,0.13870955,0
ZINC000119077584,CONC(=O)N[C@H]1CCC[C@@H](N(C)C)C1,0.45096308,-6.315,0.35269386,0
ZINC000158973684,CCCCNC[C@]1(OC)CCOC1,0.5080231,-5.48,0.5525336,0
ZINC000295605763,C[C@@H](CF)NC(=O)c1cncc(Cl)c1,0.5514068,-6.587,0.5233859,0
ZINC000307739909,C[C@H](CO)CN1CCCC12CCC2,0.32645372,-6.208,0.117176116,0
ZINC000354595488,COc1nc(C)cc(N(C)C[C@H]2CCCO2)n1,0.39316308,-7.019,0.16500743,0
ZINC000615369289,Cc1nccnc1CCNC(=O)CCCF,0.4067984,-6.866,0.20792405,0
ZINC000617226956,COC[C@H](CCNC(=O)C1CCC1)OC,0.32843885,-6.183,0.12370761,0
ZINC000618401633,CC[C@@H](O)CNC(=O)C1CC2(CCC2)C1,0.40395963,-7.217,0.16580977,0
ZINC000629357594,CCOC1CC(n2ccc(C(F)(F)F)n2)C1,0.38594964,-7.261,0.12555921,0
ZINC000639839651,CO[C@H]1CN(Cc2cc(C)ccn2)CCO1,0.4745597,-7.205,0.30690965,0
ZINC000644961652,C=C[C@@H]1OCC[C@H]1NC(=O)N[C@@H]1CCOC1,0.51601774,-6.752,0.43612945,0
ZINC000646042209,CO[C@@H]1COC[C@H]1NCc1ccno1,0.38168257,-5.598,0.28999686,0
ZINC000667872301,CCn1cc(CN[C@H]2CO[C@H](C3CC3)C2)cn1,0.54780173,-6.861,0.48775876,0
ZINC000685849958,C[C@@H]1C[C@H]1CN1CC(C)(C)[C@H]1C1CC1,0.4182685,-6.818,0.23563552,0
ZINC000763019522,C[C@@H]1CC(=O)CC[C@@H]1C(=O)OCCC(N)=O,0.35229865,-7.192,0.06607313,0
ZINC000815577481,Cc1cc(F)ccc1[C@H](C)NCc1cc[nH]n1,0.64833736,-7.868,0.58221996,0
ZINC000816705878,CCOC(=O)NCC(=O)N1Cc2c[nH]nc2C1,0.33664882,-6.769,0.07904851,0
ZINC000843583213,O=C(NC[C@H]1CCC=CO1)C1(C(F)F)CC1,0.39858514,-7.629,0.112330675,0
ZINC000934451547,Cn1cnc(/C=C/C(=O)NC[C@]2(C)CCCO2)c1,0.6323342,-7.573,0.58118814,0
ZINC001252080662,CCCC[C@@H](O)CNc1c(F)cnc(F)c1F,0.527313,-7.474,0.38344315,0
ZINC001595273454,O=C(O)c1nc(-c2cn(CCF)nn2)cs1,0.43538466,-6.781,0.27338773,0
ZINC000036892008,C[C@H](NCCC(=O)O)c1ccccc1O,0.45835757,-7.062,0.28968138,0
ZINC000087393139,Cc1nc(CN(C)[C@H](C)C(=O)O)sc1C,0.47454587,-6.139,0.41770667,0
ZINC000095296184,CNC(=O)CCNc1nccnc1-c1nnn[nH]1,0.41805592,-6.789,0.23822936,0
ZINC000097496399,C=CCOC(=O)[C@H]1CCC[C@@H](C(F)(F)F)C1,0.40378767,-7.504,0.13563175,0
ZINC000308392832,CC[C@H](C)NCCCn1cncn1,0.5616906,-5.774,0.628279,0
ZINC000323675385,CC[C@@H](NCc1c(Cl)c(C)nn1C)C1CC1,0.61243415,-6.804,0.62171555,0
ZINC000334286332,N#Cc1cccc(C#N)c1N[C@@H]1CC[C@@H](F)C1,0.6518366,-8.173,0.55744296,0
ZINC000335634560,CNC(=O)CN(C)C(=O)[C@@]1(C)C[C@H]1F,0.28954554,-5.925,0.0734859,0
ZINC000339696035,COCC(C)(C)C(=O)N[C@H](C)CC[S@@](C)=O,0.32468483,-5.781,0.1580643,0
ZINC000379312328,CC[C@]1(C)CCN(CCCF)C1,0.34176528,-5.813,0.18857232,0
ZINC000388405370,C[C@H]1CC[C@@H]1NCCCCCO,0.36553293,-5.711,0.24625811,0
ZINC000389314976,CCCN1CC[C@@H](N=c2cc[nH]c(C#N)c2)C1,0.62413,-7.071,0.6171259,0
ZINC000414860480,C[C@@H](NCc1ccccn1)[C@@H]1CCCNC1,0.5971798,-7.46,0.5232984,0
ZINC000424746902,CCC(=O)CNC(=O)[C@@H]1CCCC[C@@H]1C,0.4315652,-7.231,0.21903837,0
ZINC000458915345,CCC[C@H](O)CNC(=O)NCC1=CCCCC1,0.60707283,-7.615,0.5267814,0
ZINC000594036961,N#CCCCCC(=O)N1CC[C@H](F)C1,0.31660315,-6.528,0.06439492,0
ZINC000640328414,COCc1ccnc(NC(=O)NCC#CCO)c1,0.42493534,-7.462,0.1818898,0
ZINC000662395994,O=C(N1CCCNCC1)C1(n2cnnn2)CC1,0.41821593,-7.317,0.18365389,0
ZINC000664838775,C[C@H](NC(=O)NC/C=C\CO)c1ccsc1,0.41196376,-6.837,0.22117111,0
ZINC000751796188,Cc1ccc(COC(=O)[C@@H]2CC2(C)C)nc1,0.44537327,-7.711,0.19648871,0
ZINC000763474266,Cn1ccc(C(=O)OCCOc2ccccc2)c1,0.502967,-7.527,0.3297059,0
ZINC000780291550,C#CCCCCCC(=O)NS(C)(=O)=O,0.3393895,-6.653,0.09653729,0
ZINC000797857683,CC(C)c1cnc(COC(=O)c2ccc[nH]2)o1,0.5579803,-7.476,0.44398436,0
ZINC000823487112,O=C(NC[C@@H]1CCC=CO1)N[C@H]1CC12CC2,0.4238499,-6.956,0.23234493,0
ZINC000862292476,COCCOC1CN(C[C@]2(C)CCCS2)C1,0.40757048,-5.74,0.32651573,0
ZINC000876597683,Cn1cc(NC(=O)/C=C/[C@H]2CCCNC2)cn1,0.55055076,-7.925,0.3825878,0
ZINC000882945178,COc1cc(NC(=O)[C@H]2CC23CC3)n(C)n1,0.37534425,-6.895,0.14260131,0
ZINC000901915206,Cc1ncc(CN[C@@](C)(CCF)C(=O)O)o1,0.3767155,-6.165,0.22121058,0
ZINC001156877426,COC(=O)C1(Nc2cc(C)ccn2)CCCC1,0.42241815,-7.346,0.18896319,0
ZINC001225980362,C=CC[C@@H](C)Oc1nc(O)cc(C(F)(F)F)n1,0.40984955,-7.279,0.17103143,0
ZINC001240928091,Cc1nc2cncc(-c3cccc(O)c3)c2o1,0.5469524,-8.361,0.3301319,0
ZINC001472097861,CCc1occc1C(=O)NC(C)(C)c1ncon1,0.5029763,-7.587,0.3234865,0
ZINC000003882635,CC(=O)OC[C@H]1C[C@H]2CC[C@@H]1C2,0.3550572,-6.393,0.15460393,0
ZINC000004168424,CCCCCC(=O)Nc1ccccc1C(=O)O,0.43825072,-7.354,0.21949437,0
ZINC000041234682,CC(=O)c1cccc(NC(=O)NCCN)c1,0.6042861,-7.217,0.5626383,0
ZINC000104127510,CC(C)OC(=O)CNC(=O)c1ccccc1O,0.4792563,-7.751,0.25944942,0
ZINC000187577916,C=C[C@H](C)OC(=O)c1ccc2nncn2c1,0.46979517,-7.271,0.29060996,0
ZINC000191672749,C[C@](O)(CNCc1cc[nH]n1)C1CCCCC1,0.65272,-6.776,0.7044291,0
ZINC000269907100,O=C(NCCc1ccon1)[C@@H]1CC=CCC1,0.44184852,-7.881,0.17183283,0
ZINC000300906523,CC(C)(C)CCC(=O)NC[C@@H](O)C(N)=O,0.34530225,-6.614,0.11230445,0
ZINC000334174387,COCCC(=O)N1CCO[C@@H](C)C1,0.30539116,-5.398,0.1596631,0
ZINC000334504235,Cc1n[nH]cc1CNC(=O)N[C@H]1CCC[C@H]1F,0.45014232,-7.851,0.19138098,0
ZINC000344032875,CN(Cc1nc(O)n[nH]1)C[C@@H]1CC=CCC1,0.561208,-7.283,0.470443,0
ZINC000398537798,CNC(=O)[C@H]1CCN(c2nccnc2Cl)C1,0.47476438,-6.792,0.35025176,0
ZINC000634192818,Cc1ccccc1COCC(=O)NC1(C)COC1,0.64485276,-7.825,0.57978773,0
ZINC000637953134,Cc1cc(CN2CCCOCC2)sn1,0.49424702,-6.338,0.43604425,0
ZINC000708144705,COC(=O)CN1CCNC(=O)CC1(C)C,0.35617626,-6.505,0.1451768,0
ZINC000780341869,CON(Cc1ccccc1)[C@H](C)c1nc(C)no1,0.5480764,-7.769,0.39390445,0
ZINC000790184443,CC[C@H](C)NN=C(C)c1ccc(F)c(F)c1,0.5943409,-8.025,0.4589358,0
ZINC000799113588,Cc1nn(C(C)C)cc1C=NNCC(F)(F)F,0.46061274,-7.52,0.24653369,0
ZINC000841652326,Cc1ccc(O)c(C=NN(C)C[C@H](C)O)n1,0.46924612,-7.117,0.30553266,0
ZINC000859680657,C[C@@H]1C[C@@H]1COC(=O)c1cc(C2CC2)no1,0.5094595,-7.038,0.39340478,0
ZINC000901993315,Cn1ccc(NC[C@H]2C[C@@H]3[C@H](C2)C3(F)F)n1,0.5106705,-7.32,0.36648607,0
ZINC001019974714,CCCN[C@H]1C[C@H](NC(=O)c2ccc(C)o2)C1,0.42690545,-7.07,0.22654589,0
ZINC001162345841,Fc1cc(Cl)nnc1N[C@@H]1CCOC[C@@H]1F,0.49161217,-7.437,0.31656963,0
ZINC001167341655,Cc1cncc(NC2CC(=O)C2)c1,0.47289807,-6.964,0.32867315,0
ZINC001225217478,Cc1ccccc1O[C@@H]1CCO[C@H](C)C1,0.48157987,-7.654,0.27413663,0
ZINC001593745478,C[C@]1(C(=O)N2CC[C@H]2C(=O)O)C=CCC1,0.33600348,-6.823,0.07215619,0
ZINC000026722973,N=C(S)[C@H](c1ccccc1)c1ccccn1,0.5409361,-7.928,0.36323008,0
ZINC000026895132,CC(=O)c1ccnc(C)n1,0.33243194,-5.324,0.22092165,0
ZINC000084324098,COC(=O)[C@H]1O[C@]1(C)c1ccc(C)s1,0.3848819,-6.726,0.17906433,0
ZINC000096527044,NCC1([C@H](O)c2cccs2)CC1,0.5815464,-5.845,0.66023016,0
ZINC000163825776,CC[C@@H](CC#N)NC(=O)[C@H](C)OC,0.34349766,-5.927,0.18015224,0
ZINC000169824981,COC(=O)[C@@H](NC(=O)c1nccs1)C(C)C,0.39307848,-6.088,0.26162928,0
ZINC000371208953,OCCN1CC(Cc2ccccc2F)C1,0.7007126,-6.924,0.7841116,0
ZINC000641086114,COCC[C@H](C)n1cc(-c2ccccc2F)nn1,0.5434875,-7.818,0.37972012,0
ZINC000683523679,CCOCC[C@H](O)CN1CC[C@H](C)[C@H](F)C1,0.5036836,-6.596,0.4279149,0
ZINC000684564903,CCC[C@H](C)NS(=O)(=O)c1cnnn1C,0.3289492,-6.854,0.054959465,0
ZINC000770535197,O=C(Cc1ccsc1)NN1CCCC1=O,0.33665892,-6.824,0.073350556,0
ZINC000776357112,Cc1ccc(C(=O)O[C@H](C#N)C2CCCCC2)o1,0.47338575,-8.344,0.18617037,0
ZINC000778044399,COCC(=O)O[C@@H]([C@H]1CCOC1)C(F)(F)F,0.35975558,-6.207,0.18324806,0
ZINC000861471610,CSCCONC(=O)C12CC(C1)C2,0.35516334,-5.991,0.19660726,0
ZINC000867539041,CC1(C)[C@H](O)C[C@H]1NC(=O)[C@H](O)c1cnc[nH]1,0.53019685,-7.625,0.37345737,0
ZINC000881942142,C#CC1(F)CN(C(=O)CN(CC)C2CC2)C1,0.4302635,-6.517,0.29068932,0
ZINC000885776522,O=C(CO)NCCc1cccc2c1OCCO2,0.4808112,-7.37,0.3021394,0
ZINC000931830895,CCON(CC)C(=O)Nc1sccc1C#N,0.4098095,-6.209,0.28219244,0
ZINC001140278613,Oc1cnccc1CN1CCC[C@@H](CF)C1,0.44681662,-7.577,0.21327892,0
ZINC001159869558,[O-][n+]1cc(Cl)ccc1NCCCS,0.521547,-5.981,0.5272379,0
ZINC001193714708,CCCCOC(=O)N[C@H]1CCC(=O)N(C)C1,0.39162013,-6.929,0.17130764,0
ZINC001566079445,C=C(CO)C(=O)N1CC[C@H]1c1cccc(F)c1,0.4560878,-7.774,0.21116355,0
ZINC000013942773,CNC(=O)c1cc2ccc(O)cc2oc1=O,0.49724376,-7.92,0.27751124,0
ZINC000019737148,COc1ccc2[nH]c(CCCN)nc2c1,0.5461627,-6.843,0.48638326,0
ZINC000127237845,COc1ccc(C(=O)N[C@@H]2CCNC2)c(F)c1,0.57902014,-7.605,0.4722511,0
ZINC000132301745,C[C@@H](CC#N)OC(=O)CNC(=O)c1ccccc1,0.5338256,-7.794,0.36307582,0
ZINC000271904401,O=C(NCc1ccc(Cl)cn1)N1CCC1,0.39979896,-7.16,0.16349372,0
ZINC000279464169,C=CCCCNC(=O)Nc1ccncc1F,0.5546774,-7.426,0.44263977,0
ZINC000281030766,C#CCN(CC#N)C(=O)C[C@H]1COC(=O)C1,0.34749633,-7.042,0.07215457,0
ZINC000308082280,CCSCCSCc1cscn1,0.2980383,-4.83,0.20414868,0
ZINC000334195176,CNC(=O)C(=O)N1CCC[C@H](C(C)C)C1,0.3542248,-7.201,0.068953,0
ZINC000546809975,C=CCNC(=O)CN1CCC[C@@]1(C)CO,0.40050858,-6.551,0.22821283,0
ZINC000578979834,COCCC(=O)Nc1cccc2c1CCN2,0.57176906,-6.963,0.5246316,0
ZINC000603288970,COC(=O)c1cc(NCc2nccn2C)ncn1,0.38457537,-6.691,0.1820958,0
ZINC000666391463,O=C(CCCF)NCc1cc[nH]n1,0.39066762,-6.01,0.2649627,0
ZINC000669950923,Cc1nc(C(=O)Nc2ccc3nccn3c2)co1,0.5885328,-7.957,0.45449993,0
ZINC000755255661,Cn1nccc1NC(=O)C=C1CCC1,0.38199827,-7.044,0.14029187,0
ZINC000769979353,O=C(O[C@@H]1CCNC1=O)c1cccc2c[nH]nc21,0.49500692,-8.267,0.23700511,0
ZINC000774717998,CC[C@@H](C)OCC(=O)OC[C@@H]1CCNC1=O,0.41161168,-6.301,0.2761978,0
ZINC000819106993,CS(=O)(=O)N[C@@]1(CC(=O)O)CCCOC1,0.358496,-6.662,0.13344984,0
ZINC000844932723,CCCN(CC(=O)O)C(=O)[C@]1(F)CCNC1,0.38345265,-6.115,0.23975441,0
ZINC000863119786,OC[C@@H]1CCCN1N=Cc1ccnc(O)c1,0.5203375,-7.469,0.37014508,0
ZINC000872316699,FCCCCN[C@]12CCC[C@H]1OCC2,0.33788067,-6.351,0.12494519,0
ZINC000892861100,CCC[C@@H](CC)OC(=O)c1ncccn1,0.3580918,-6.475,0.15209019,0
ZINC000895421895,CC1=CC[C@H](NCC2CSC2)CC1,0.62927675,-6.606,0.6756638,0
ZINC001157560949,C#CCN(CC#C)c1ncc(OC)cc1C,0.61555403,-6.803,0.6279997,0
ZINC001175494963,Cc1cc(C[C@@H](C)Nc2cncs2)on1,0.6067961,-6.764,0.61470556,0
ZINC000080793840,O=C(C[C@@H]1C=CCC1)N1CCC12CCC2,0.44267273,-7.422,0.22118446,0
ZINC000083798018,CCOC(=O)CCNC(=O)C1(C#N)CCC1,0.32568994,-6.808,0.053285416,0
ZINC000083915674,Cc1ccc(OC(C)C)cc1NC(=O)C(=O)O,0.42608383,-7.343,0.19653647,0
ZINC000140562826,O=C(CC[C@H]1CCCO1)NC[C@@H]1CCCCO1,0.41327515,-7.754,0.1284349,0
ZINC000192283596,c1nc(CNCC2(c3ccccc3)CC2)co1,0.6113822,-7.915,0.50412893,0
ZINC000238969746,CCOCC(=O)N1CC(Oc2cccnc2)C1,0.41262913,-6.369,0.27114376,0
ZINC000334481750,CN(C)C(=O)CNS(=O)(=O)C1CCCCC1,0.5160351,-6.589,0.4531098,0
ZINC000428182057,CC(F)(F)CC(=O)NCCC1CCCC1,0.34488794,-7.149,0.055863596,0
ZINC000542013664,Cc1cc(CNCc2cnn(CC(C)C)c2)no1,0.6928015,-7.373,0.72176105,0
ZINC000628762887,CC(C)C(=O)Nc1cnn(CCF)c1,0.40834522,-6.521,0.24685541,0
ZINC000660215965,COC[C@@H](NCc1cc(OC)no1)C1CC1,0.41051352,-5.877,0.31810272,0
ZINC000661703506,C[C@@]12COC[C@@H]1CN(CC(=O)N1CCC1)C2,0.3660249,-6.786,0.1354725,0
ZINC000669754379,CCC(=O)N[C@H](C)C(=O)NC1(C(F)F)CC1,0.31927726,-6.578,0.06449396,0
ZINC000717807763,C[C@H](O)CCCNC(=O)COC1CC1,0.3827134,-5.944,0.2560677,0
ZINC000755118331,O=C(NS(=O)(=O)CC1CCC1)C1=COCC1,0.43852884,-7.06,0.25061038,0
ZINC000785688600,CC[C@@H](C)OCC(=O)OCc1cncc(C)c1,0.4497544,-7.045,0.2744066,0
ZINC000819595368,CCn1nc(C)c(CNC(=O)c2cnc(C)[nH]2)n1,0.46716666,-7.2,0.2927845,0
ZINC000823695262,O=C(Nc1ccc2ncnn2c1)N[C@@H]1C=CCC1,0.6369514,-8.024,0.5434472,0
ZINC000837499774,CCOCCC(=O)O[C@@H](C)C(=O)c1ccco1,0.59941673,-6.076,0.67161417,0
ZINC000857265944,CC[C@H](C)CONC(=O)c1ccc(C(N)=O)[nH]1,0.61042136,-7.189,0.57770264,0
ZINC000876543206,CC(C)NC(=O)[C@H](F)[C@H]1CCNC1,0.46299437,-6.278,0.38037336,0
ZINC000902983163,Cn1ccnc1C(=O)NCC1CCC=CCC1,0.4869316,-7.557,0.29482228,0
ZINC001175043968,Cc1cc(F)nc(Nc2ccc(O)cc2)c1,0.5483176,-8.024,0.3678717,0
ZINC001175231125,CC(=O)c1ccc(Nc2ncccc2O)cc1F,0.48213342,-8.388,0.19892438,0
ZINC001223608191,c1ccc2c(CO[C@@H]3CCOC3)noc2c1,0.48787335,-7.792,0.27225655,0
ZINC001228181466,c1cc2c(cccc2OC[C@H]2CCCO2)[nH]1,0.52623844,-7.569,0.3714381,0
ZINC001344887466,CCn1cc(COC(=O)C2=CC[C@H](C)CC2)nn1,0.48236215,-8.142,0.22495234,0
ZINC000070682504,CC1(C)CCC[C@H](NCC(F)(F)F)C1,0.44004434,-7.277,0.23105249,0
ZINC000072207080,CC1(C)C(=O)CC[C@@H]1C(=O)O,0.3281573,-5.936,0.14882869,0
ZINC000086110380,Cc1noc(C)c1[C@@H](C)NCC(F)F,0.41573247,-6.196,0.29527682,0
ZINC000159346038,O=[N+]([O-])c1ncccc1N1C[C@H]2CNC[C@@H]2C1,0.5317742,-7.698,0.36899275,0
ZINC000170793480,COc1ccc(CNC(=O)N[C@@H]2C[C@@H]2C)cc1,0.48427236,-8.006,0.24287522,0
ZINC000175572140,O=C(OCCOc1ccccc1)[C@H]1C[C@@H]1C1CC1,0.43685648,-7.875,0.16256784,0
ZINC000273935393,Clc1ccc(-c2nc(CCC3CC3)no2)o1,0.5714658,-7.643,0.453336,0
ZINC000307948438,CCCCOCc1nc(C)no1,0.3547117,-5.699,0.22606978,0
ZINC000308519535,CCSCCNCC1(C(=O)OC)CC1,0.38711527,-5.743,0.2856839,0
ZINC000309765759,CC[C@@H](O)c1cn(Cc2snnc2C)nn1,0.4441908,-7.142,0.2533013,0
ZINC000335009349,O[C@H]1C[C@@H](CSc2ccc(F)cc2F)C1,0.38433203,-7.248,0.12370641,0
ZINC000335420038,O=C(NCCF)N[C@@H]1CCC[C@@H](F)C1,0.48527294,-6.764,0.37397927,0
ZINC000358315166,C=CCOCC(=O)N[C@@H]1CCc2n[nH]cc2C1,0.5848788,-7.025,0.5441551,0
ZINC000388798964,COC/C=C\C(=O)OCCC1CC1,0.3429724,-5.53,0.22038502,0
ZINC000617063058,CC1(C)C[C@@H](NC(=O)Cc2cscn2)CO1,0.40144977,-6.7,0.21458678,0
ZINC000621866914,CC1(CNC(=O)c2c[nH]c3nccc-3c2)COC1,0.5650407,-8.047,0.39860755,0
ZINC000813813163,C#CCN1CCC[C@H]1C(=O)N[C@@H](C)C(F)(F)F,0.35461953,-7.056,0.0848095,0
ZINC000816032724,C=C[C@@H](C)OC(=O)c1csc(C(C)=O)c1,0.40993348,-6.741,0.22712977,0
ZINC000838841559,CC[C@@H]1CN(Cc2cnn(CC)n2)CCS1,0.44639012,-6.178,0.35787815,0
ZINC000844621154,C=C(C)CON=C1CO[C@H](C)C1,0.41239673,-6.294,0.27848065,0
ZINC000881940936,C#CC1(F)CN(C(=O)C2=C(CC)OCCC2)C1,0.4511644,-7.645,0.21482198,0
ZINC001160733194,FC(F)(F)[C@@H]1CNCC[C@H]1Nc1ccncn1,0.5083814,-7.392,0.35446632,0
ZINC001240614141,COc1cc(-c2ccc(S)nc2)ccc1O,0.63395625,-7.77,0.56392074,0
ZINC001242842209,Nc1c(F)cc(-c2cncc3nncn32)cc1F,0.51439834,-8.175,0.28498232,0
ZINC001319277098,Cc1nnc(-c2ccccc2C(=O)NCC#N)o1,0.4876577,-8.517,0.19645622,0
ZINC001558986538,CCc1ncncc1C(=O)N[C@@H](C)c1ncc[nH]1,0.5247838,-7.289,0.39766613,0
ZINC000045600781,Cc1ccccc1CCNC(=O)C1CCC1,0.64143085,-8.638,0.4884874,0
ZINC000076939224,C=CCNC(=O)NC[C@H](O)C1CCOCC1,0.3338986,-6.843,0.06590737,0
ZINC000129976854,CC[C@]1(C)C[C@@H]1C(=O)NC[C@@H]1CCCNC1,0.531874,-8.031,0.33457065,0
ZINC000167158060,C[S@](=O)c1ccc(Cl)c(Cl)c1,0.38290393,-6.231,0.22660777,0
ZINC000227116682,Oc1ccc(CNC[C@]2(O)CCOC2)cc1F,0.46892673,-7.64,0.25052738,0
ZINC000261558652,Cc1cnc(CN2C[C@@H](C)[C@H](N)C2)cn1,0.53056115,-6.571,0.4837559,0
ZINC000281883631,CN(CCCO)Cc1cnn2ccccc12,0.64425796,-7.072,0.6568936,0
ZINC000282425973,CCONC(=O)N(C)Cc1ccc(C)o1,0.39308497,-6.745,0.19333853,0
ZINC000288474306,CN(Cc1nncn1C)C(=O)[C@@H]1CCCS1,0.35234022,-6.405,0.14797425,0
ZINC000307281219,C=C[C@H](C)NC(=O)CC1OCCO1,0.3036892,-6.112,0.08206215,0
ZINC000596260140,CCC1CN(c2cc(C)sc2[N+](=O)[O-])C1,0.5369584,-6.707,0.48228937,0
ZINC000618150314,CO[C@H](C)CNC(=O)c1cc(C)[nH]c1C,0.51438487,-6.859,0.42177087,0
ZINC000839001059,CC[C@@H](C)CC(=O)O[C@]1(C)CNC(=O)C1,0.37569103,-6.577,0.17634848,0
ZINC000851479487,O=C(OCC1CC2(CCC2)C1)c1cocn1,0.40769175,-7.596,0.13380082,0
ZINC000870205772,Cc1conc1C(=O)O[C@@H](C)CC#N,0.63712126,-6.325,0.72041667,0
ZINC000877204754,Cc1cc(NC(=O)C=C2CCNCC2)cs1,0.49853525,-7.649,0.3082435,0
ZINC000891696078,C[C@@H]1COCCN1Cc1nccn1C1CC1,0.41582277,-6.365,0.27788597,0
ZINC000899727374,N#CCn1cc(CN2Cc3ccccc3C2)nn1,0.6572182,-7.98,0.5881684,0
ZINC000904257452,Cc1nc(N)ccc1-c1noc(CC(C)C)n1,0.54341453,-7.886,0.37250608,0
ZINC000922108255,CCN(C(=O)COC)[C@@H](CO)c1ccccc1,0.47499815,-6.758,0.3542496,0
ZINC001046085845,CC(=O)N[C@]1(C)CCN(Cc2ccccn2)C1,0.6286854,-7.154,0.6175208,0
ZINC001174824986,Cc1cc(Nc2ccc(Cl)cc2C#N)n(C)n1,0.5746111,-8.204,0.40124345,0
ZINC001335317788,C#CCC1(NC(=O)[C@]2(F)CCOC2)CCC1,0.36527792,-7.414,0.068704076,0
ZINC000034361007,NC[C@@H]1CCCc2ccc(C(=O)O)cc21,0.6213674,-8.698,0.44250575,0
ZINC000206687883,C=CCSCCOC(C)(C)C,0.4286196,-5.256,0.41853014,0
ZINC000291983469,CC(=O)OC(C)(C)C(=O)NOC/C=C/Cl,0.34242138,-5.991,0.1713666,0
ZINC000330499488,CS[C@H](C)C(=O)NCCc1nc(C)oc1C,0.38260096,-6.474,0.20074458,0
ZINC000344128677,O=C(NCCOc1ccccc1)[C@@H]1CC[C@H](O)C1,0.55761945,-8.232,0.36467358,0
ZINC000590166918,N#CC1(CC(=O)NC[C@H]2CCCOC2)CC1,0.40879074,-7.708,0.12433396,0
ZINC000663640683,CC(=O)c1ccnc(N[C@H]2CC=CCC2)c1,0.5324543,-8.487,0.28831315,0
ZINC000768369216,CCC(=O)CNC(=O)CCN1CCOCC1,0.31387693,-6.613,0.050157703,0
ZINC000797002059,CC[C@@H]1OCC[C@H]1C(=O)O[C@@H](C)C(N)=O,0.5413272,-6.405,0.52234024,0
ZINC000829464593,CCCN(CC(=O)O)C(=O)[C@@H]1CC12CCC2,0.35597587,-6.682,0.1263784,0
ZINC000861211965,O=Cc1ccc(F)c(C(=O)N2CCCCO2)c1,0.43011647,-7.862,0.15056798,0
ZINC000878611923,C=CC[C@@H](C)N1CCC2(CC(OCC)C2)C1,0.48603162,-6.851,0.36643735,0
ZINC000905184663,C/C=C/C[S@@](=O)Cc1nc2ccccc2[nH]1,0.5185126,-7.071,0.4079074,0
ZINC000908463057,O=C(Cn1ncc2cccnc21)NC1CC(=O)C1,0.45287812,-8.012,0.18006231,0
ZINC000931915042,C=CCN1CC[C@]2(CC(F)(F)C2(F)F)C1,0.48784617,-7.55,0.29736173,0
ZINC000932470404,O=C(COC(F)(F)F)N1CCC2(CC2)CC1,0.4954611,-7.383,0.32980806,0
ZINC000958528351,CC[C@@H](N)C1(O)CCC(C)CC1,0.61015916,-6.313,0.66825473,0
ZINC001120253988,C#CC[C@H]1CCCN(c2nnnn2[C@@H]2C[C@H]2C)C1,0.53664196,-8.414,0.30419776,0
ZINC001242017875,C[C@@H](N)c1cccc(-c2ncc[nH]2)c1,0.5543619,-7.579,0.42610842,0
ZINC001252061300,OC[C@@H](O)CN1CCC(S)CC1,0.5124358,-5.439,0.5655372,0
ZINC001252560549,C=C[C@@](C)(O)CN1CCC[C@H](C#N)CC1,0.37634626,-7.184,0.11454097,0
ZINC000020036637,CC[C@@H](C)NCc1ccc(Cl)s1,0.53735554,-6.023,0.55418664,0
ZINC000020252510,O=C(CCc1ccco1)N1CCC(=O)CC1,0.3920722,-7.534,0.10930559,0
ZINC000022073421,CCCNC[C@H]1CCCN1CCC,0.49488762,-5.302,0.5450188,0
ZINC000077996270,CC(C)OCCCNC(=O)C1CC=CC1,0.4019165,-6.775,0.20771413,0
ZINC000306784749,CN(C)C(=O)c1cc(C#N)cs1,0.3707213,-5.679,0.2598626,0
ZINC000309938959,CC[C@@H](NCCC(F)(F)F)C1CCOCC1,0.41168672,-6.728,0.23195428,0
ZINC000335155678,CSCc1nc(-c2ccc(C)s2)no1,0.4730353,-6.34,0.39381787,0
ZINC000340440206,C=CC[C@@H](C)NC(=O)CCc1ccn(C)n1,0.60134214,-7.148,0.56398,0
ZINC000424975820,O=C(C[C@@H]1CCCO1)N[C@@H]1C[C@H]1C1CCC1,0.5256641,-7.651,0.3617754,0
ZINC000453581179,CC1(C)C[C@H](CNCc2cscn2)CCO1,0.6587418,-7.142,0.67830724,0
ZINC000531113355,CC[C@@H](COC)NC(=O)C1(C(N)=O)CCC1,0.35732412,-6.337,0.1649164,0
ZINC000617251464,CCC(=O)Nc1ccc(Cl)cc1SC,0.4055237,-6.328,0.26133105,0
ZINC000657430887,C=CCOCCN[C@H]1CO[C@H](CC)C1,0.38634548,-5.473,0.312229,0
ZINC000685040833,CNC(=O)CSc1cc2c(nn1)CCC2,0.43771088,-7.377,0.21603385,0
ZINC000770645506,Cc1cnc([C@@H](C)SC2=N[C@@H](C)CS2)o1,0.53225094,-6.362,0.5088315,0
ZINC000812789660,O=C(CC[C@@H]1CCCO1)NOC1CCC1,0.41433007,-7.195,0.18863983,0
ZINC000837145734,COC[C@@H]1CCCCN1C(=O)C=NOC,0.43644637,-6.16,0.3400518,0
ZINC000849836250,CCC(CC)OC(=O)c1ccnn1C(F)F,0.337628,-6.374,0.12205355,0
ZINC000857143813,C[C@@H]1CN(C(=O)c2ccc(C(N)=O)[nH]2)C(C)(C)C1,0.5514403,-7.78,0.3994244,0
ZINC000857980165,CC[C@H](C)OCC(=O)N[C@@H]1CCn2cncc21,0.54771006,-7.119,0.4607547,0
ZINC000881481153,C[C@H]1CCN1C(=O)CCc1cnccn1,0.413747,-6.673,0.24175346,0
ZINC000884565014,Cc1cnc(N[C@H]2C[C@H](C(N)=O)C2)o1,0.36316964,-6.468,0.16287671,0
ZINC000902461255,NC[C@@H]1CCC[C@H]1N[C@@H]1C[C@@H]2CC[C@H]1N2,0.4416667,-7.139,0.2486131,0
ZINC001242000724,C=Cc1ccccc1-c1ncc(F)cc1C(N)=O,0.51211494,-8.277,0.26985493,0
ZINC001473368420,C=C/C=C/CCN[C@H](CC)c1noc(C)n1,0.55746,-6.806,0.5126089,0
ZINC001604637368,C[C@H]1[C@H](C(=O)O)CCN1CCC(=O)C1CC1,0.66100067,-7.049,0.6924505,0
ZINC000069168480,Cc1csc([C@@H](C)NCc2ccc(C)o2)n1,0.62029374,-7.368,0.57864964,0
ZINC000112194012,O=C(/C=C/C1CCOCC1)NCC1CC1,0.3716837,-7.455,0.07713087,0
ZINC000150939745,COCCCn1c(=O)[nH]nc1SCCCF,0.2848689,-5.552,0.103000045,0
ZINC000306381195,N[C@H]1CCN(C(=O)C[C@H]2CCCN2)C1,0.43979916,-6.48,0.31342527,0
ZINC000330478777,CCCNC(=O)CN1CC[C@@H](S(N)(=O)=O)C1,0.40194932,-6.415,0.24520573,0
ZINC000335283584,CC(C)(NC(=O)[C@@H]1C[C@@H]1N)c1nccs1,0.46439475,-6.335,0.3772215,0
ZINC000398505937,C/C(=C\CN1C[C@@H](C)c2ccccc21)C(=O)O,0.5806569,-8.342,0.3988727,0
ZINC000596283805,COC(=O)C1(Cn2cc(C)cnc2=O)CC1,0.51444304,-6.867,0.42105442,0
ZINC000691927613,C[C@@H](CC#N)N(C)CC1CC(C)C1,0.40979478,-6.307,0.2719749,0
ZINC000694381162,COC[C@H](CCNc1nccs1)OC,0.32022664,-4.809,0.25028497,0
ZINC000828026194,C#Cc1cnc(NC2CC(F)(F)C2)nc1,0.45488414,-7.211,0.26731038,0
ZINC000860663267,C#C[C@@H](CC)OC(=O)c1ccc(C(F)F)o1,0.3845478,-7.414,0.106875986,0
ZINC000882251394,C#C[C@@H](CC)Nc1cc(C)nc2nc(C)nn21,0.44717717,-7.624,0.20910686,0
ZINC001170131783,C[C@@H]1CC[C@@H](N2C[C@@H](C)C[C@H]2CF)C1,0.46530813,-7.095,0.30001903,0
ZINC001224342062,C#CC[C@@H](C)OCCC=C,0.30188388,-5.485,0.14367072,0
ZINC001240125238,Cc1n[nH]c(C)c1-c1cnc(C#N)nc1,0.4197588,-6.824,0.2379639,0
ZINC001243872342,CCCc1ccnc(-c2cnc(N)nc2)n1,0.49006358,-7.594,0.29717982,0
ZINC000072208987,CNc1noc2ccc(OC)cc12,0.5348497,-6.468,0.5029594,0
ZINC000072446746,Cc1ccccc1NC(=O)c1ncccn1,0.5855412,-7.817,0.46312857,0
ZINC000188887061,Cc1oc2ncnc(N[C@@H]3CCOC3)c2c1C,0.5042112,-7.459,0.33923995,0
ZINC000270098192,CC1=CCN(C(=O)CN2CCCC2=O)CC1,0.38456437,-7.775,0.06937821,0
ZINC000339528658,CO[C@H](CNCc1ccc(Cl)o1)C1CC1,0.5426363,-6.44,0.52129483,0
ZINC000399526413,N#Cc1cnccc1SCC1CCCC1,0.5609662,-7.818,0.41434377,0
ZINC000571154314,CCC1(NC(=O)[C@@H](C)Oc2ccccn2)CCC1,0.59636396,-7.619,0.5051522,0
ZINC000639586482,CC(=O)CN1CC[C@H](NC(=O)NC2CC2)C1,0.3517713,-6.473,0.13977778,0
ZINC000664161087,Cc1cnc(N[C@]23C[C@H]2CCC3)nc1,0.6013676,-7.284,0.5498915,0
ZINC000667119380,CC1(C)COCCN1C(=O)[C@H](O)C1CC1,0.34414035,-6.771,0.09368062,0
ZINC000735810682,NC(=O)NCCNC(=O)c1ccc2nccn2c1,0.44550332,-7.675,0.20048901,0
ZINC000739082349,C[C@@H]1C[C@@H]1NC(=O)[C@H]1CCC[C@@H]1NC(=O)O,0.3578957,-7.261,0.06998695,0
ZINC000743274770,C1=C(c2nc(-c3ncccn3)no2)CCO1,0.54892045,-7.166,0.45826608,0
ZINC000817731335,C[C@@]1(C(=O)OC[C@@]2(C)CNC(=O)C2)CC1(F)F,0.44477385,-7.227,0.24561937,0
ZINC000830486584,CCC(F)(F)C(=O)NCCCF,0.2683347,-5.759,0.04872696,0
ZINC000848617222,CCNCc1noc(-c2cn(C(C)C)nc2C)n1,0.46417946,-7.544,0.25110388,0
ZINC000855451724,Cc1nn[nH]c1C(=O)N[C@H](C)c1cscn1,0.39971784,-6.548,0.22695835,0
ZINC000871685771,Cc1ccc(SCC[S@@](C)=O)c(C#N)c1,0.47489247,-6.966,0.33241597,0
ZINC000882116373,Cc1nc2nc(C)cc(N3CC(C)(O)C3)n2n1,0.5807494,-7.571,0.4792114,0
ZINC000886872775,COC[C@@H]1COCCN1C(=O)c1cocn1,0.37107354,-6.092,0.2176237,0
ZINC000907380444,CC(C)OC1CN(C(=O)OCC2CC2)C1,0.37255183,-5.93,0.237394,0
ZINC000922769069,C=CCONC(=O)NCC1CCC=CCC1,0.45571554,-7.47,0.24203086,0
ZINC000924530825,CCCCN[C@H](C)c1cccc2c1OCO2,0.6295606,-7.391,0.5946152,0
ZINC001155661142,C=C(C)CNc1nc(C)ccc1C(N)=O,0.43222103,-7.061,0.23801123,0
ZINC001212720151,COc1ccc(Cl)c(Nc2conc2C)n1,0.4517097,-7.221,0.25998244,0
ZINC001217883906,C[C@@H](OCCCCO)c1ncccc1F,0.3744753,-7.107,0.11883991,0
ZINC000070623503,CCOCCOC(=O)c1ccncc1N,0.39034382,-6.281,0.23614736,0
ZINC000071027828,CCC(=O)Nc1ccn(-c2ccncc2)n1,0.39013666,-7.208,0.13936335,0
ZINC000226796893,CC[C@H](C)N[C@@H]1CCc2cccnc21,0.550316,-7.35,0.44190127,0
ZINC000332934342,O=C(NCC1CC1)N[C@H]1CC[S@@](=O)C1,0.42665288,-6.191,0.31742895,0
ZINC000335542970,Cc1csc(CN[C@H]2CCNCC[C@H]2C)n1,0.60651124,-7.477,0.5400157,0
ZINC000399176513,CC1(C(=O)NCCc2cccnc2)CNC1,0.48346353,-7.7,0.27308565,0
ZINC000601730511,N#CCC(=O)Nc1cc(F)ccc1NC1CC1,0.52802485,-7.325,0.40034372,0
ZINC000613537721,CO[C@@H](C(=O)Nc1nncn1C)C1CCC1,0.42722815,-6.79,0.25629476,0
ZINC000627220983,C/C=C\CNC(=O)N1C[C@H](CN)C[C@@H]1C,0.40576336,-7.248,0.16615994,0
ZINC000629031734,C/C=C/CNC(=O)c1c(Cl)cnn1CC,0.43181816,-6.568,0.28846687,0
ZINC000652780607,C=CCCOCC(=O)N1C[C@H](O)C[C@H]1COC,0.43555802,-6.277,0.32612842,0
ZINC000660893676,CCCC1(CNC(=O)N[C@H](CC)C2CC2)CC1,0.46727422,-6.983,0.3155575,0
ZINC000785864501,CC#CCNC(=O)Nc1cccc(OC)c1F,0.5144746,-7.359,0.3699671,0
ZINC000823853262,O=C(Nc1cnsn1)[C@H]1CCC(F)(F)C1,0.44975638,-7.299,0.248004,0
ZINC000852799863,CC(C)(C)NC(=O)C1=NO[C@H](CN)C1,0.37877554,-6.271,0.21427123,0
ZINC000853307852,CC[C@H]1COCC1=NNc1nccnc1Cl,0.6616375,-6.824,0.7171036,0
ZINC000863670934,F[C@H](c1nc(-c2ccoc2)no1)[C@H]1CCNC1,0.59224105,-7.839,0.4741132,0
ZINC000868575463,Cc1ccnc(CNC(=O)[C@@H]2C[C@@H]2[C@H]2C[C@@H]2C)c1,0.5274823,-7.34,0.3977095,0
ZINC000900895321,COc1ccccc1[C@H](O)C(=O)N1CCC[C@@H]1C,0.60963464,-7.618,0.5315442,0
ZINC001123509014,CC(C)OCCNCCNC(=O)c1ccoc1,0.44679537,-6.422,0.33331397,0
ZINC001174754456,Cc1cncc(Nc2cncc(C(N)=O)c2)c1,0.5363427,-7.387,0.4103749,0
ZINC000035388187,C[C@H](NCc1nnnn1-c1ccccc1)C(=O)O,0.49282354,-7.62,0.29994404,0
ZINC000065575437,CC[C@@H]1CN(C(=O)C=C(C)C)CCO1,0.34252787,-6.735,0.09422914,0
ZINC000069166677,Cc1ccc(=O)n(C[C@@H](O)c2cccc(F)c2)n1,0.51937973,-8.774,0.23257624,0
ZINC000074071818,CCOCCCC(=O)NC[C@@H]1CCC(=O)N1,0.35301426,-6.749,0.11354624,0
ZINC000328718793,CC1(O)CN(C(=O)c2csc(C3CC3)n2)C1,0.45502478,-6.964,0.2932678,0
ZINC000343634521,CC1(C)C[C@H]1NC(=O)NCCCn1ccnn1,0.41401738,-7.114,0.19644144,0
ZINC000346473940,C=CCCCN1CCN2C(=O)CC[C@H]2C1,0.6132357,-7.045,0.59824824,0
ZINC000351173595,COC(=O)[C@@H]1C[C@@H]1c1nc(C2(C)CC2)no1,0.48942667,-6.928,0.36515749,0
ZINC000354583324,COC[C@H](C(N)=O)N(C)C(=O)[C@@H]1CCCO1,0.4836631,-5.829,0.46799564,0
ZINC000390406858,Cc1ccncc1[C@@H](C)NCc1cc[nH]c1,0.63382953,-7.309,0.6115966,0
ZINC000579687074,CSCC(=O)Nc1ccc(-c2cnc[nH]2)cc1,0.53170997,-7.688,0.36990505,0
ZINC000622564710,Cn1nnc(CNC(=O)[C@H]2CC2(F)F)n1,0.34438378,-6.5,0.12233677,0
ZINC000632908416,C[C@@H]1C[C@H](C(=O)NCC#CCO)[C@@H](C)O1,0.43888852,-7.52,0.20349996,0
ZINC000775984115,COC(=O)NCCCCCS(C)(=O)=O,0.33850834,-5.81,0.18243252,0
ZINC000865697311,F[C@@H]1CCCC[C@@H]1NCc1cc2n(n1)CCC2,0.49295625,-8.248,0.23491824,0
ZINC000915362178,Cl/C=C\CN(C[C@@H]1CCOC1)C1CC1,0.4657677,-5.687,0.44730923,0
ZINC000980263163,CC(C)NC[C@H]1C[C@@H](C)N(C(=O)C(F)F)C1,0.48666838,-6.431,0.41136312,0
ZINC001241602857,Fc1cncc(-c2cnn(C3CNC3)c2)c1,0.4443652,-7.463,0.22027463,0
ZINC000003865871,O=S1(=O)CC[C@@H](CNCc2ccccc2)C1,0.61550784,-7.812,0.5230096,0
ZINC000006747520,CCCNS(=O)(=O)c1cc(F)ccc1OC,0.42917994,-7.075,0.2305316,0
ZINC000082667364,C[C@@H](N[C@H]1CCCNC(=O)C1)C(N)=O,0.41721702,-6.529,0.2635979,0
ZINC000189384531,CN(C)CCNC(=O)Nc1ccsc1Cl,0.55965745,-6.104,0.58994377,0
ZINC000219451400,CC[C@H]1CCCN1C[C@@H](O)c1ccccc1F,0.68926567,-7.721,0.67857784,0
ZINC000226226625,Cc1nn(C)cc1NC(=O)c1cn[nH]c1C,0.49449298,-7.175,0.34951454,0
ZINC000300358124,CO[C@@H]1C[C@@H](N[C@H](C)c2cncs2)C1(C)C,0.38305277,-6.386,0.21078831,0
ZINC000306164711,COC[C@H](N)C(=O)Nc1ncc(C)[nH]1,0.34533957,-5.592,0.21862842,0
ZINC000576718918,CN1CCC[C@H](CSc2ncco2)C1=O,0.34690735,-6.92,0.08367132,0
ZINC000656773086,CCc1cc(NCc2cnn3c2CCC3)no1,0.6284753,-7.975,0.5317511,0
ZINC000861826588,CCc1[nH]nc(Cl)c1C(=O)N1CC(C#N)C1,0.43306485,-6.755,0.2714954,0
ZINC000863732247,C[C@@H](C(=O)O)N(C)c1ccnc(CO)c1,0.36397734,-6.334,0.17840773,0
ZINC000895212689,O=C(/C=C\c1ccncn1)NC1CCC=CCC1,0.5548758,-8.205,0.36204562,0
ZINC000908847064,Cc1cn2c(n1)C[C@H](C(=O)Nn1ccnn1)CC2,0.5141637,-7.767,0.3269343,0
ZINC000931338638,COC[C@]1(C)CN(C[C@@H](O)CO)CCO1,0.3712479,-5.516,0.27785167,0
ZINC001160245998,CC(C)c1ccc(Nc2nccnc2CN)nc1,0.5526161,-7.953,0.38376802,0
ZINC001233233257,Cc1ccc(CN2CC[C@@H](CO)C2)cc1O,0.58002746,-7.618,0.47289497,0
ZINC000003176796,O=C1CC[C@@H](c2ccccc2)CN1,0.44612664,-7.732,0.19579785,0
ZINC000062662009,Cc1nnc(COc2cc(C)ccc2Cl)o1,0.47875303,-7.732,0.26042777,0
ZINC000335463224,Cc1cc(C#N)c(=O)n(CC2CCCC2)c1,0.46704766,-8.424,0.16529816,0
ZINC000336008215,Cn1nncc1CSc1ccc(Cl)cc1,0.49612844,-7.358,0.333729,0
ZINC000446376226,Cn1nccc1CNC(=O)[C@H]1C[C@H](F)CN1,0.36843807,-7.055,0.112286754,0
ZINC000644019821,CC1(C)CN[C@H]1C(=O)Nc1cc(F)cc(F)c1,0.5705123,-7.755,0.43980336,0
ZINC000659339795,Cc1ccncc1CCNC(=O)CCN,0.41543344,-6.989,0.21224187,0
ZINC000736525743,CC(C)c1nc(C(=O)OCC(=O)O)cs1,0.35609257,-6.71,0.12369862,0
ZINC000809993385,CCCc1ccc(NC(=O)c2ncn(C)n2)cc1,0.5453017,-7.708,0.3947497,0
ZINC000849024886,C=CCNC(=N)NC[C@@H](CO)[C@@H]1CCOC1,0.33525458,-6.116,0.14417446,0
ZINC000864685283,CON(C)C(=O)Cc1nnc(-c2ccccc2)o1,0.4514968,-8.111,0.16703373,0
ZINC000873441752,CC1(C(=O)OCC(=O)C(F)F)CC(F)(F)C1,0.3213172,-6.637,0.062401064,0
ZINC000900983563,CCC[C@H](NC(=O)CCF)c1nn[nH]n1,0.31178913,-6.079,0.10153812,0
ZINC001202358292,O=C(Nc1ccc(F)cc1)N[C@@H]1CC1(F)F,0.5073449,-7.608,0.32995707,0
ZINC001233854863,C[C@@H](Oc1cncnc1N)c1ccccc1C#N,0.45838478,-7.922,0.20032719,0
ZINC001242712561,N#Cc1ccccc1-c1cc2c(cn1)NC(=O)C2,0.59847087,-8.825,0.38394648,0
ZINC001243426399,Oc1cc(-c2cc3ccccc3nn2)ccn1,0.6144752,-9.118,0.3851885,0
ZINC001250513930,c1cnn(-c2ccccc2-c2ccccn2)c1,0.506982,-8.225,0.2650932,0
ZINC001340779206,N#Cc1ccc(CCNC(=O)[C@H]2C[C@@H]2F)cc1,0.49627298,-8.539,0.21123518,0
ZINC000011638246,CCC(=O)N(CC)Cc1ccccc1,0.41228607,-6.948,0.21026967,0
ZINC000051666663,CC(C)NCc1n[nH]c2ccccc12,0.69083697,-7.258,0.72982526,0
ZINC000051721533,CCc1ccc(CNc2ccc3c(c2)OCO3)o1,0.70291084,-8.244,0.6512351,0
ZINC000053387868,CCNCCN[C@@H]1CCCC[C@H]1C,0.48060003,-6.131,0.43053114,0
ZINC000082613082,CNCC(=O)Nc1ccc2c(c1)N(C)C(=O)CO2,0.6521969,-7.2,0.6593126,0
ZINC000171892103,CN(CC1CCC1)C(=O)CCc1cccs1,0.40613708,-6.734,0.22033718,0
ZINC000172450535,CCNS(=O)(=O)NCc1ccoc1,0.29989773,-5.646,0.12299828,0
ZINC000252426895,CC[C@H](C)NC(=O)[C@H]1C[C@H]1C(=O)O,0.31208548,-5.985,0.11189772,0
ZINC000272681480,CC#CCNC(=O)C(F)(F)c1ccc(C)cc1,0.51209503,-8.395,0.2575479,0
ZINC000290959281,CCN(C)CCNC(=O)c1ncn(C)n1,0.42196387,-5.858,0.34276012,0
ZINC000308594172,CC[C@H](O)CN[C@H]1C(=O)NCC[C@H]1C,0.41417563,-6.059,0.30643576,0
ZINC000308922342,C[C@H](Cc1cccs1)N[C@H](CO)C1CC1,0.54676276,-6.26,0.5481823,0
ZINC000308972410,C[C@@H]1CC[C@H](Nc2ccnc(C#N)n2)C1,0.6052838,-7.671,0.5174155,0
ZINC000328284525,CC(F)(F)CC(=O)N1CC[C@H](O)C1(C)C,0.35558355,-7.146,0.07736251,0
ZINC000334452098,C[C@@H]1[C@@H](C)CN1C(=O)Cc1ccco1,0.35023722,-6.67,0.11625821,0
ZINC000334469554,O=C(N[C@@H]1CC[C@H](F)C1)N1CC(O)(C2CC2)C1,0.4890656,-7.215,0.33460486,0
ZINC000336756489,CC(C)c1nccc(NCc2nc[nH]n2)n1,0.64264613,-7.045,0.65650773,0
ZINC000338178551,C[C@@H](NC(=O)c1cnccn1)c1ccncc1F,0.5873599,-7.347,0.5155939,0
ZINC000380313722,CO[C@H](CN)C(=O)N1CCC[C@@H](N)C1,0.42611173,-5.893,0.34733793,0
ZINC000492617001,C[C@@H]1CCC[C@H]1CNC(=O)/C=C/c1cnccn1,0.5713277,-8.15,0.40035325,0
ZINC000635260467,CNC(=O)[C@@H]1CCCCN1C(=O)C(N)=O,0.39621845,-6.459,0.22927904,0
ZINC000666444593,C[C@H](NC1CC2(CCC2)C1)[C@H]1CC1(F)F,0.52535367,-7.405,0.38673526,0
ZINC000684764730,C=C(C)CS(=O)(=O)N[C@]1(CC)CCOC1,0.4018655,-6.256,0.26156983,0
ZINC000702484717,C#CCCCCC(=O)NCCC1CC(O)C1,0.5424302,-7.332,0.42815173,0
ZINC000712569766,Cc1ccc(CNC[C@@H]2CCN2C)c(F)c1,0.5709257,-7.598,0.45694458,0
ZINC000772112946,Cn1cccc1CNC(=O)C1(F)CCCC1,0.44847742,-7.595,0.21469748,0
ZINC000824213173,O=C(NC1(C2CCC2)CC1)c1cc(Cl)no1,0.59045464,-7.566,0.49895635,0
ZINC000839125393,CC[C@@H](NC(=O)Nc1cnsn1)C(=O)NC,0.3436502,-6.131,0.15924594,0
ZINC000863609684,CS/C=C\C(=O)N[C@@H](C)c1ccns1,0.4155989,-5.915,0.32422578,0
ZINC000878951746,C[C@H](O)[C@H]1CCCN1CCc1nnnn1C,0.4115887,-6.912,0.21263093,0
ZINC000886856841,COC[C@H]1COCCN1C(=O)[C@@H]1COC(=O)N1,0.41105306,-6.413,0.26344734,0
ZINC000914278364,O=C(NC[C@H]1C=CCC1)c1cccc2[nH]ncc21,0.6458319,-9.089,0.45031816,0
ZINC001054306168,CCN[C@@H]1CN(C(C)=O)C[C@@H]1C,0.6482032,-5.74,0.8031873,0
ZINC001154995510,N#CC1(CNc2ncc(F)c3cc[nH]c32)CCC1,0.5047275,-8.038,0.28006822,0
ZINC001232798093,CCCn1cnc(CN2CC[C@H]2C)c1,0.5223089,-6.307,0.49485514,0
ZINC000049468576,O=C(O)Cc1cnc(-c2ccccc2F)[nH]c1=O,0.5711789,-8.386,0.3755233,0
ZINC000080063036,O=C(/C=C/C1CC1)NCc1cc(F)ccc1F,0.53885746,-8.235,0.32719588,0
ZINC000092175677,Cc1nc(C)c(C(=O)NCc2ncc[nH]2)o1,0.42715693,-6.722,0.2632231,0
ZINC000184270117,CCCN(C)S(=O)(=O)c1c(C)cccc1F,0.50104415,-7.524,0.32620877,0
ZINC000217870726,CC(C)[C@H]1C[C@@H](O)[C@@H](C)N1,0.3032979,-5.6,0.13451605,0
ZINC000281086592,C=CCN1CC[C@@H](Sc2cccs2)C1=O,0.5245738,-6.579,0.4710638,0
ZINC000308003492,CC(C)NC(=O)C[C@@H](C)C1CC1,0.49986348,-6.423,0.43833312,0
ZINC000333703632,C[C@@H]1OCC[C@@]1(C)NC(=O)c1ccsn1,0.39723212,-6.585,0.21818772,0
ZINC000334421077,CSc1cc(CN2C(=O)CNC2=O)ccn1,0.40734485,-6.891,0.20640746,0
ZINC000346254891,C[C@@H](CN(C)C)NC(=O)[C@@H]1CCCS1,0.44200778,-6.144,0.35273188,0
ZINC000380186891,Cn1cc(NC[C@H](C#N)CCC#N)cn1,0.3931009,-6.37,0.23235618,0
ZINC000380433935,COC(=O)CCN1C[C@@H](C)CC1(C)C,0.516165,-6.09,0.5052446,0
ZINC000529219782,CO[C@@]1(C)CCCN(C(=O)c2cccnn2)C1,0.44860786,-7.425,0.23262955,0
ZINC000617642598,CC[C@H](C)CCNC(=O)C[C@H](C)[C@@H]1CCCO1,0.47548577,-7.655,0.2619608,0
ZINC000628132746,CCCN1CC[C@H](NC(=O)c2cocc2C)C1,0.51458955,-7.863,0.3177975,0
ZINC000631027159,CC(C)(O)CSc1ncc(CCO)cn1,0.38343906,-6.3,0.22049436,0
ZINC000748527731,O=C(/C=C/c1cccnc1)Nc1cccnc1O,0.619505,-8.866,0.42135072,0
ZINC000834106415,O=C(O)N1CCC[C@@H](Nc2ccccc2F)C1,0.5274894,-7.899,0.3396083,0
ZINC000848411733,C[C@H](O)CN(C)N=C1CCCn2ccnc21,0.42325968,-6.431,0.28575623,0
ZINC000850818045,CC1(C)CC[C@@H]1C(=O)O[C@@H]1CCSC1,0.34566873,-6.692,0.104921326,0
ZINC000889048450,CCC(=O)N[C@@]1(C)CCNC1=O,0.3511093,-6.312,0.15520445,0
ZINC001118871718,Cc1ccnn1CC(=O)Nc1n[nH]c(C(C)C)n1,0.4384625,-7.79,0.17458606,0
ZINC001141164256,N#Cc1cc(F)ccc1CN1CC2(CCC2)C1,0.59958327,-8.24,0.4469684,0
ZINC001175273288,CC(=O)c1ccc(F)c(-n2ncc(C)c2N)c1,0.5519361,-8.366,0.33948433,0
ZINC001181578633,Cc1c(NC(=O)[C@H]2CCO2)cnn1C,0.4545877,-6.523,0.3382496,0
ZINC001194180997,CCCCCCOC(=O)N1CCO[C@H]2C[C@H]21,0.43153882,-6.807,0.26306644,0
ZINC001210737398,N#Cc1ccccc1-n1c(N)c(F)ccc1=N,0.4821513,-8.462,0.19126655,0
ZINC001324673650,Cn1ccc(COc2cnc(F)cc2Cl)n1,0.40886799,-6.837,0.21503869,0
ZINC000077415394,C=CCNC(=O)NC1CC(c2ccccc2)C1,0.6776549,-8.154,0.6105621,0
ZINC000078050819,CCCN(CCC)S(=O)(=O)Cc1ccon1,0.3248734,-5.987,0.13702148,0
ZINC000181682668,Cc1n[nH]c(C)c1[C@H](C)C(=O)NC1CC1,0.48775747,-6.724,0.38305938,0
ZINC000236131514,O=C(C(F)F)N1CCCN2CCC[C@@H]2C1,0.49306267,-7.039,0.3608202,0
ZINC000268666105,C=CCNc1ccc2c(c1)S(=O)(=O)CC2,0.4347507,-7.864,0.15954006,0
ZINC000334576592,O=C([C@H]1CCc2cccnc21)N1CC(F)C1,0.46544936,-7.591,0.24873318,0
ZINC000335677644,C[C@H]1CC[C@H](NC(=O)CN2CC(=O)NC2=O)C1,0.6632868,-7.357,0.6649586,0
ZINC000348057735,CC[C@@H](NC(=O)c1cnc(C)[nH]1)C(F)(F)F,0.37546375,-7.054,0.12630795,0
ZINC000408191435,N#CCCCS(=O)(=O)N1CCCOC1,0.30664745,-6.303,0.06806525,0
ZINC000596891521,COC(=O)C1(NC(=O)[C@@H](O)C2CC2)CCCC1,0.48624775,-7.467,0.3028243,0
ZINC000633552429,Cc1ccc(CNC(=O)[C@@H]2CCCNC2=O)nc1,0.49111792,-8.393,0.21620207,0
ZINC000663944670,O[C@@H]1CCCN(c2nccc3[nH]ccc32)CC1,0.5704116,-7.91,0.4234897,0
ZINC000678090105,O=C(NC1(CO)CC1)[C@@H]1CC12CCC2,0.5009081,-6.927,0.38800502,0
ZINC000703296012,C=CC[C@H](CC)NC(=O)c1nccnc1Cl,0.46422213,-6.717,0.33716577,0
ZINC000752957702,Cn1cncc1CNC(=O)c1ccc(C=O)[nH]1,0.44211197,-7.28,0.2348364,0
ZINC000801600444,O=C(NN1CCOCC1)[C@H]1C[C@@H]1C(F)F,0.360449,-6.754,0.12775394,0
ZINC000821807775,CC[C@](C)(O)C(=O)N[C@@H]1COC[C@H]1O,0.34326938,-6.522,0.11784209,0
ZINC000860263732,C=CCCC[C@@H](C)OC(=O)c1cccnn1,0.45035616,-7.392,0.23952353,0
ZINC000884578564,Cc1cnc(N2CCC(CO)(CO)CC2)o1,0.40217438,-7.1,0.174437,0
ZINC000892841670,C[C@@H]1CCC[C@H]1NC(=O)NCc1cn(C)cn1,0.40010598,-7.483,0.13052191,0
ZINC000894614306,Cc1nc(O)cc(NCCCc2ccco2)n1,0.6198978,-7.692,0.5441812,0
ZINC000923738148,O=C(N[C@@H]1COC(=O)C1)N1C[C@@H]2CCC[C@@H]21,0.5091374,-7.7,0.32394332,0
ZINC000933504503,C[C@H](NC(=O)c1coc(C=O)c1)[C@H]1CCOC1,0.46231323,-7.568,0.24491197,0
ZINC001201997070,FC[C@@H]1C[C@H](F)CN1CC(F)(F)F,0.29754916,-6.117,0.069379464,0
ZINC001225782672,NN1CCC(Oc2ccnc(Cl)c2)CC1,0.74164677,-7.313,0.82475686,0
ZINC001236288550,Cc1cccc(CN2C[C@H]3CNC[C@H]32)c1O,0.56188166,-8.199,0.37654734,0
ZINC001242458456,Cc1cnc(-c2ccn(C)n2)c(/C=N/O)c1,0.49343204,-7.486,0.31508043,0
ZINC001337860303,C=C(C)[C@H]1OCC[C@@H]1CNc1cc(N)ncn1,0.47990337,-7.335,0.30397975,0
ZINC001522034038,Cn1ccnc1CCNC(=O)[C@]12C[C@H]1CCCC2,0.51591545,-8.145,0.29110652,0
ZINC000068972850,C[C@@H](NC(=O)CN(C)CC#N)c1ccccc1,0.46708325,-7.389,0.2729703,0
ZINC000175404789,COC(=O)NCCC(=O)N1CCNC(C)(C)C1,0.37978145,-6.36,0.20701118,0
ZINC000192997073,Cc1csc(C2(NC[C@@H](C)O)CCCC2)n1,0.4901761,-6.652,0.3953358,0
ZINC000199551987,Cc1cc(C)c(C#N)c(N(C)N)n1,0.58416104,-6.979,0.5475156,0
ZINC000229053264,C=CC[C@H](C)Nc1c(F)c(F)nc(F)c1F,0.45213568,-7.488,0.23306818,0
ZINC000331031625,CC[C@H](C)C(=O)N=c1cc[nH]cc1C(C)=O,0.4029988,-6.988,0.18771397,0
ZINC000335561141,C[C@]1(C(=O)NCC(F)F)C[C@@H]1F,0.28716528,-5.983,0.06274098,0
ZINC000345810259,CC[C@@H](CO)N(C)C(=O)c1cncn1C,0.43332046,-6.289,0.32044846,0
ZINC000492650337,CCOC(=O)NCC(=O)NC1(C2CC2)CC1,0.3270832,-6.483,0.0898333,0
ZINC000516732850,CC(C)(NC(=O)NC[C@@H]1C[C@H]1C1CC1)C1CC1,0.4480648,-7.457,0.22822699,0
ZINC000563404193,C=CCCCC(=O)NCCCc1nncn1C,0.4120169,-6.9,0.21472672,0
ZINC000575006171,C=CCOCCN1CC[C@@H](CO)[C@@H](O)C1,0.47233853,-6.434,0.3826651,0
ZINC000590313322,CS[C@H](C)CNC(=O)CC1(C#N)CC1,0.35348153,-6.4,0.15075491,0
ZINC000597362965,CC[C@@H](NC(=O)C[C@H]1CC(=O)N1)C(=O)OC,0.33443445,-6.414,0.1115689,0
ZINC000598134003,C[C@H](C#N)N(C(=O)CCc1ncccn1)C1CC1,0.40284416,-7.166,0.16890219,0
ZINC000631343434,C=CC[C@@H](C)NC(=O)c1conc1C,0.5400323,-6.781,0.48068523,0
ZINC000643273592,O[C@H]1C[C@@H](CNc2cccc3c2OCO3)C1,0.5989602,-7.282,0.5453306,0
ZINC000691296824,c1cnc(CN[C@@H]2CO[C@H](C3CC3)C2)cn1,0.48919386,-7.167,0.33984914,0
ZINC000715899825,C[C@H](N=c1nn[nH]n1C)c1ccns1,0.36631128,-6.967,0.11722249,0
ZINC000717709787,C#CC[C@@H](CO)NC(=O)Cc1cccc(C)c1,0.5503691,-7.788,0.39647073,0
ZINC000792933681,CCONC(=O)c1cc2[nH]ccc2s1,0.3450961,-6.041,0.17146683,0
ZINC000819761417,C/C=C(/CC)C(=O)N(C)Cc1nnc(O)o1,0.35436642,-6.887,0.10187786,0
ZINC000821838200,CC1(C)CC[C@H]1OC(=O)C=C1CCC1,0.516189,-7.25,0.38469517,0
ZINC000828257895,C[C@@H](CC(=O)O)C(=O)N1CCC[C@H](C)C1,0.32282037,-6.709,0.05789336,0
ZINC000848408531,C[C@@H]1CCC(=NNCC(N)=O)CS1,0.44728118,-5.889,0.38968855,0
ZINC000862817769,NC(=O)[C@H]1C[C@H](NC(=O)C(F)=C2CCC2)C1,0.40823507,-8.063,0.086326405,0
ZINC001224939373,C[C@@H](OCCCC1OCCO1)c1nccs1,0.47785872,-6.319,0.4055558,0
ZINC001226852273,CC(=O)Cc1ccc(O[C@H](C)CS)cc1,0.36121,-7.022,0.10139934,0
ZINC001249938868,COCCc1ccc2n[nH]cc2c1,0.51860374,-6.652,0.45164838,0
ZINC001335861522,CC[C@H](F)C(=O)N(C)c1nncs1,0.3623442,-5.869,0.22351535,0
ZINC001607602079,Cc1cc(C(=O)O)nc(N[C@H](C)CC#N)n1,0.44985455,-6.764,0.30381864,0
ZINC000036901391,Cc1n[nH]cc1CNc1cc(Cl)ccc1C,0.5905445,-7.714,0.4837479,0
ZINC000037760386,Cc1ccc(NC(=O)c2ncccc2O)nc1,0.5954738,-8.067,0.45681348,0
ZINC000044809349,COC[C@@H](C)NC(=O)[C@@H](C)C#N,0.3159288,-5.374,0.18303229,0
ZINC000068954385,COC(=O)CCCCNC(=O)c1cc(C)n[nH]1,0.40486848,-6.759,0.21522515,0
ZINC000399170196,COc1cc(CNC[C@H]2CCC[C@@H]2C)sn1,0.59104383,-7.283,0.529545,0
ZINC000408457614,COC(=O)[C@@H](C)NS(=O)(=O)C1(C)CC1,0.53934646,-5.864,0.5746606,0
ZINC000445862322,CNC(=O)c1cccc(N2C(=O)N[C@H](C)C2=O)c1,0.45049736,-8.38,0.1370879,0
ZINC000624666700,O[C@H]1C[C@@H](CN=c2[nH]cc(Cl)s2)C1,0.56296545,-6.335,0.5724811,0
ZINC000641729764,CCOc1ccn(C[C@H]2CCO[C@@H](C)C2)n1,0.44353488,-7.2,0.24597208,0
ZINC000808776687,O=C1CC[C@@H](N2CCC[C@@H](C3CC3)C2)C(=O)N1,0.5196164,-7.523,0.36310267,0
ZINC000836184454,C=CCNC(=O)NC[C@]1(C)CC1(Cl)Cl,0.50145316,-6.548,0.42848676,0
ZINC000902052224,COc1ccccc1NC1CC(C)(C(=O)O)C1,0.4857928,-7.446,0.30410632,0
ZINC000932935554,NC(=O)C12CCC(CC1)N2Cc1ccsc1,0.59543216,-7.176,0.54936194,0
ZINC000934462580,CC[C@H]1CCN(C(=O)C[C@H]2CCCC2(F)F)C1,0.43551272,-8.547,0.09004288,0
ZINC001138370896,COc1ccc(F)cc1CN1C[C@@H](F)[C@H](F)C1,0.6501994,-7.723,0.60098314,0
ZINC001241415159,N#Cc1ccc(-c2ncc(F)cc2C#N)cn1,0.41866136,-7.583,0.1568821,0
ZINC000087663651,CC(C)CNc1ncc(C(=O)O)s1,0.43628377,-6.222,0.33328402,0
ZINC000300048541,CC[C@H](O)CN1C[C@@H](C)[C@H](N)C1,0.39927027,-5.732,0.31090546,0
ZINC000330756913,C[C@@H](CS(C)(=O)=O)NC(=O)c1ccon1,0.29506537,-6.063,0.07007333,0
ZINC000334090882,COCCCNC(=O)N1CC[C@@H](OC)C[C@@H]1C,0.48449218,-6.513,0.39852732,0
ZINC000388796672,CCC[C@H]1C(=O)NCCN1CCO,0.391817,-6.068,0.2612097,0
ZINC000529600061,C[C@H]1CC[C@@H](CNCc2ccc(F)cn2)O1,0.47658253,-7.342,0.29667374,0
ZINC000628497968,O=C(COc1ccccc1O)N1C[C@@H]2C[C@@H]2C1,0.46479705,-7.753,0.23059902,0
ZINC000660433185,COCCN(CCc1cnn[nH]1)[C@H]1CCOC1,0.40220967,-5.899,0.29936635,0
ZINC000753726718,Cc1cc2c(cc1N[C@@H](C)[C@@H]1CCCO1)OCO2,0.5837524,-7.728,0.4688378,0
ZINC000834330315,C[C@@]1(C(=O)NCCC[C@H]2C=CCC2)CCCO1,0.5047544,-7.779,0.307048,0
ZINC000862704955,C/C(=C/c1cccnc1)C(=O)NN1CCOC1=O,0.4988032,-7.56,0.318027,0
ZINC000902750621,Cc1nc(C(=O)NC[C@@H]2C[C@@H]2[C@H]2C[C@H]2C)no1,0.38273087,-7.672,0.0764544,0
ZINC000932793058,CO[C@@H]1C[C@H]1C(=O)N[C@@H](C)CS(C)(=O)=O,0.3107884,-5.97,0.11088773,0
ZINC001142502242,Oc1cc(F)c(F)cc1CN1CCC1,0.6694998,-6.703,0.74525774,0
ZINC001144329083,Cc1nocc1NC(=O)Cc1ccnc(F)c1,0.40446946,-7.22,0.16650778,0
ZINC001193925089,C[C@H]1CCCCN(C(=O)c2cc(CO)ccn2)C1,0.5238315,-8.287,0.29202473,0
ZINC001218498155,C=C(N)C(=O)Nc1nc2ccccc2s1,0.60493296,-6.874,0.599579,0
ZINC001222895158,FC1(F)CCC(OCc2ncon2)CC1,0.38542527,-6.947,0.15716483,0
ZINC001225684125,C#C[C@@H](C)Oc1cc(C#N)ccc1OC,0.43963134,-7.171,0.24125445,0
ZINC001350389193,Cc1[nH]nc(CNC(=O)C[C@@H]2C=CCCC2)c1C,0.43918967,-8.451,0.10730702,0
ZINC000068603905,Cc1ccoc1CC[C@H](C)CC#N,0.5350006,-7.17,0.43027633,0
ZINC000082382638,Cc1nn(C)c(C)c1CNCCCCC#N,0.54434013,-6.573,0.51084286,0
ZINC000168313293,CCN(CC)C[C@H]1CCCN1C,0.3794272,-5.305,0.31599033,0
ZINC000306258222,C#CCNC(=O)Cc1nc[nH]c1C,0.49311423,-6.514,0.41550288,0
ZINC000335284707,CC(C)(N)CNC(=O)N1CCC[C@@H]2CCC[C@H]21,0.49888012,-7.715,0.30206507,0
ZINC000335468187,C=CC(C)(C)C(=O)N1CC[C@H]1CC,0.33137035,-6.035,0.14490113,0
ZINC000430898233,C=CCCOCCNC(=O)N[C@@H]1C[C@H]1C1CC1,0.5042202,-6.686,0.41962114,0
ZINC000520704160,O=c1onc(-c2ccncc2)n1Cc1ccno1,0.5417305,-7.677,0.3908984,0
ZINC000557002433,Cc1occc1C(=O)N1CCC[C@H]1c1ncon1,0.49932688,-7.825,0.29151416,0
ZINC000601079984,C[C@H]1OCC[C@@H]1Cn1ccnc1C#N,0.39619187,-6.832,0.19044822,0
ZINC000628484745,C=CC[C@@H]1CCN(C(=O)c2cc(C3CC3)on2)C1,0.48593208,-7.914,0.25572762,0
ZINC000632712033,CNS(=O)(=O)N[C@@H]1C[C@H]1C(F)(F)F,0.309118,-5.837,0.12140593,0
ZINC000639318817,C[C@H]1C[C@@H](NCCC(C)(C)F)CS1,0.42752925,-6.053,0.33351186,0
ZINC000822095425,C[C@@H]1C[C@H](O)CN(C(=O)c2coc(C=O)c2)C1,0.38880217,-7.322,0.12486812,0
ZINC000890103927,CCC(F)(F)C(=O)NCc1cn(C)cn1,0.41547042,-6.49,0.2641926,0
ZINC000893355706,CC1(C(=O)OCCNc2cnccn2)CCCC1,0.41374886,-7.015,0.2062018,0
ZINC001190766859,C=CCC1(S(=O)(=O)Nc2cccs2)CC1,0.35775542,-6.48,0.15090404,0
ZINC000005830453,OC[C@@H]1O[C@H]2NC(=S)O[C@@H]2[C@@H]1O,0.3347782,-5.365,0.22130692,0
ZINC000022156029,Cc1nn(CCC#N)c(C)c1CC(=O)O,0.37411788,-6.615,0.16928163,0
ZINC000038021758,CCCN(C/C=C/Cl)CC(=O)O,0.2947877,-5.145,0.16496123,0
ZINC000051997570,O[C@@H]1CCCC[C@H]1NCc1cc[nH]n1,0.38706324,-6.566,0.20001939,0
ZINC000054500588,Cc1noc(C)c1C(=O)N[C@@H](C(=O)O)C1CC1,0.43915805,-6.926,0.2657878,0
ZINC000061996207,C[C@@H](O)CNCCN(C)C1CC1,0.31142247,-5.213,0.1908437,0
ZINC000129681388,Cc1oncc1CN[C@H](C)c1ccccc1,0.5269523,-8.117,0.31588054,0
ZINC000130483750,C[C@@H](C#N)CNC(=O)c1cccc2nccnc21,0.44407225,-8.207,0.14234594,0
ZINC000227843790,C[C@H](CCO)CN[C@@H]1CCO[C@@H]1C,0.3792094,-5.432,0.3023556,0
ZINC000292770401,CO[C@@H](C)COc1cc(F)c(Cl)cc1C=O,0.4232429,-6.904,0.23654854,0
ZINC000334140746,COCCN1C(=O)CC(C)CC1=O,0.36954412,-6.159,0.20762849,0
ZINC000336116073,CC[C@@]1(O)CCN(C(=O)C2(C)CC2)C1,0.36372942,-6.927,0.11626657,0
ZINC000621941001,Cc1nc(C)c(C(=O)NCCc2nnnn2C)[nH]1,0.44710195,-7.621,0.20926973,0
ZINC000677085882,Cc1nnccc1C(=O)Nc1c[nH]ccc1=O,0.4822399,-7.702,0.27045384,0
ZINC000827972183,Cc1oc(C=O)cc1C(=O)NCC#CCN(C)C,0.4587231,-7.435,0.25162727,0
ZINC000835077640,COCCOC(=O)/C=C/[C@H]1CCOC1,0.30428183,-5.883,0.10704359,0
ZINC000846544553,C=C[C@H](C)ONC(=O)C1(C(N)=O)CCC1,0.5320254,-6.863,0.45629928,0
ZINC000884870866,CCC(=O)COC(=O)c1cccn2nccc12,0.55311495,-7.376,0.44474283,0
ZINC000885083050,C[C@@H]1CCC(=O)CN1C(=O)Cc1cncnc1,0.49336168,-7.524,0.3109905,0
ZINC000924200608,Cc1cnc(COC(=O)C2(C)CC=CC2)s1,0.52469486,-7.256,0.40092075,0
ZINC000933692714,Cc1cccc2oc(C(=O)NCCC3CC3)cc21,0.5152219,-8.301,0.27351445,0
ZINC001218359052,CCCCc1ccc(O[C@H]2C[C@H](O)C2)cc1,0.40480778,-7.679,0.11945897,0
ZINC001332437802,C=C1CCN(Cc2cc(C(=O)OCC)n[nH]2)CC1,0.5063784,-7.604,0.32845843,0
ZINC001605423986,Cc1ncoc1CN1CCC[C@@H](C(=O)O)C1,0.36292705,-7.041,0.10282539,0
ZINC000020389830,Cc1cccc2cc(C(=O)O)c(=O)oc12,0.5398569,-8.555,0.29590756,0
ZINC000050284621,COC[C@H](C)NCCc1scnc1C,0.472604,-5.631,0.4666732,0
ZINC000070416523,CC(C)C[C@H](CN)NS(=O)(=O)c1c[nH]cn1,0.44596887,-6.282,0.34623155,0
ZINC000082486102,N#CCNS(=O)(=O)c1csc(C(=O)O)c1,0.33621013,-6.341,0.12267563,0
ZINC000164768910,C[C@H](C[S@](C)=O)Nc1ncc([N+](=O)[O-])cn1,0.36577842,-6.242,0.19154008,0
ZINC000230043108,CCNC(=O)N[C@@]1(C)CCO[C@@H]1C,0.31528354,-6.224,0.093385644,0
ZINC000249845510,CNCCNC(=O)[C@H]1[C@@H]2CCC[C@@H]21,0.42128798,-6.251,0.30056384,0
ZINC000302704167,CC(C)C[C@@H](NC(=O)[C@@H](N)CC1CC1)C(=O)O,0.4117055,-7.01,0.2026739,0
ZINC000328256789,COC(=O)/C(C)=C/CN[C@H]1CCOC1(C)C,0.5603777,-7.055,0.4925018,0
ZINC000347004431,CN(C/C=C\c1ccc(F)cc1)C1CCNCC1,0.5062583,-8.492,0.23590145,0
ZINC000393984976,CCC1(CN[C@H](C)CC(=O)O)COC1,0.33240175,-5.892,0.16181096,0
ZINC000527367923,N#CC1(NC(=O)CSCC2CC2)CCC1,0.33010712,-6.245,0.12056661,0
ZINC000653252441,C[C@@H](CO)C1CCN(C(=O)CN)CC1,0.40470022,-6.58,0.23350118,0
ZINC000711453200,C#CCN(C)Cc1cnc(C(=O)OCC)s1,0.49201813,-5.982,0.46863985,0
ZINC000723714214,COCCNC(=O)CCn1cncn1,0.4199078,-5.492,0.37673768,0
ZINC000727470321,CSCCON=Cc1ccccc1C,0.47114673,-7.001,0.32135728,0
ZINC000742399687,Cc1ccc(NCCNC(=O)C2CCCC2)nc1,0.5559332,-8.149,0.3699621,0
ZINC000865635867,N#C[C@@H](NC(=O)[C@@H]1C[C@H]1C1CCOCC1)C1CC1,0.4045733,-7.445,0.14332181,0
ZINC000878099038,CCCN(Cc1nocc1C)CC(F)(F)F,0.45992938,-6.164,0.3861537,0
ZINC000885103252,CSCC(=O)N1CC(=O)CC[C@H]1C,0.31510997,-5.798,0.13733003,0
ZINC000893005596,C[C@@H](CCO)NCc1nnc(C2CC2)s1,0.49626628,-6.393,0.43432626,0
ZINC000902968478,C[C@@H]1COC[C@H]1NC(=O)OC1COC1,0.3138307,-6.09,0.10443874,0
ZINC000910429833,C[C@H](Nc1cccnn1)[C@H](C)C(=O)O,0.35715854,-6.621,0.13506295,0
ZINC001204871148,CCC(=O)CO[C@@H]1CCC[C@@H](C)[C@@H]1C,0.40125054,-6.607,0.22386065,0
ZINC001206570885,Cc1nc2cc(-c3cnn(CCO)c3)ccc2o1,0.5793777,-8.063,0.4253444,0
ZINC001222877732,N#CC1CCC(OCc2ncc[nH]2)CC1,0.4558246,-7.123,0.2783221,0
ZINC001243047560,Clc1ccncc1-c1cncc2nnoc21,0.600762,-7.687,0.5067948,0
ZINC001595520127,CC/C=C\CCOC(=O)[C@@H]1CC[C@H](C(=O)O)O1,0.50310814,-7.205,0.3634615,0
ZINC000000397759,CCC(=O)Nc1cc(F)ccc1F,0.3602517,-6.906,0.11156078,0
ZINC000034101628,CS(=O)(=O)C[C@H](N)c1ccccc1,0.4729067,-7.119,0.312576,0
ZINC000063100494,N#Cc1cc(NCCC(F)(F)F)ccn1,0.383159,-6.726,0.17565139,0
ZINC000130419322,C=C[C@@H](C)NC(=O)N1CCCC1,0.35104454,-6.002,0.18730468,0
ZINC000187845761,CSC[C@H](O)CN1Cc2ccccc2C1,0.50709313,-6.717,0.42208928,0
ZINC000190268187,Cn1ccnc1COc1ccc(C#N)c(Cl)c1,0.63287807,-8.143,0.5230068,0
ZINC000231946103,COC(=O)CCCCCNc1nccc(C#N)n1,0.48440844,-6.814,0.3670686,0
ZINC000281973496,O=C(NC[C@@H]1CCCC(F)(F)C1)c1ccc[nH]1,0.44286722,-8.207,0.13995887,0
ZINC000306157071,C[C@@H](N)C(=O)N[C@@H]1CCC[C@@H](N)C1,0.39915982,-6.692,0.21088229,0
ZINC000307537310,CO[C@@H](C)C(=O)N1CC(=O)N(C)C1,0.34569484,-5.503,0.22858489,0
ZINC000309078957,Cc1nccc(N[C@H]2CCC(F)(F)C2)n1,0.48876792,-7.192,0.33640638,0
ZINC000393619817,C[C@H](c1cccc(Cl)c1)[S@@](=O)CC(=O)O,0.58875674,-7.356,0.51742524,0
ZINC000621421329,CC1CC(CNC(=O)NCc2nccn2C)C1,0.5532885,-7.601,0.42169496,0
ZINC000630735571,CCC[C@@H](C)N(C)C(=O)c1cc(CO)c(C)o1,0.5009531,-6.789,0.40244114,0
ZINC000649764494,COC[C@H]1C[C@@H](O)CN1Cc1n[nH]c(C)n1,0.36585557,-6.094,0.20707941,0
ZINC000681102292,C[C@@H](NC(=O)[C@H]1C[C@@H]1C)c1nnc2n1CCC2,0.44786623,-8.201,0.15048523,0
ZINC000732272201,O=C(NCc1nccs1)[C@@H](O)c1cccnc1,0.38830703,-7.088,0.14821456,0
ZINC000749719117,OCC1(CNC(=S)NC[C@H]2CCOC2)CC1,0.53452766,-6.365,0.5130296,0
ZINC000780123149,O=C(O[C@@H]1C=CCCC1)[C@@H]1[C@H]2CCCO[C@H]21,0.50992125,-7.723,0.32310492,0
ZINC000785631470,O=C(OCCC1CCCC1)c1ccc(F)nc1,0.45733076,-8.324,0.15644616,0
ZINC000827997654,C[C@@H]1CN(C(=O)[C@H]2CCOC2)Cc2c[nH]nc21,0.45331746,-7.422,0.24227075,0
ZINC000830365053,Cc1ccc(NC(=O)[C@H]2CCCN2C(=O)O)cn1,0.6217127,-7.83,0.53342956,0
ZINC000834320107,C#CCN(C)C(=O)c1cc(C(=O)OC)oc1C,0.42983425,-6.741,0.26655138,0
ZINC000855436198,C[C@@H](CC(F)(F)F)C(=O)N[C@@H]1C=CCC1,0.41481924,-7.488,0.15914771,0
ZINC000858782913,Cc1cc(CNC(=O)[C@@H]2COC(=O)N2)on1,0.42087045,-6.841,0.23839858,0
ZINC000877001890,COC(=O)C1=CC[C@H](NC(=O)[C@H]2CCN2)C1,0.42896953,-6.915,0.2467489,0
ZINC000900754527,C/C=C/[C@H](O)C(=O)NCCCNc1ccccn1,0.5188859,-7.527,0.36123976,0
ZINC000913556978,CN1CCN(C(=O)CCNC(N)=O)C[C@@H]1CO,0.42021894,-6.598,0.26237103,0
ZINC000928552589,CC/C(C)=C\C(=O)NC[C@H]1CCN1C,0.46949247,-6.593,0.36049718,0
ZINC000931423461,Cc1nnsc1[C@@H](C)N1CC[C@@H]1C(F)F,0.500711,-6.573,0.42441764,0
ZINC001119959661,Cc1nc(CN(C)CCCC(F)(F)F)no1,0.51170456,-6.362,0.46813092,0
ZINC001120592365,C[C@@H]1CCCC[C@H]1CNC(=O)c1ccns1,0.40581328,-7.717,0.11750018,0
ZINC001197120414,N#CCNC(=S)Nc1ccc(C(=O)O)cc1,0.53986496,-7.0,0.4575858,0
ZINC001215082574,O=C(Nc1ccc2[nH]ccc2c1)N1CC=CC1,0.6461334,-8.507,0.5114219,0
ZINC001222569780,CNC(=O)C(C)(C)O[C@H]1CC[C@@H](C)C1,0.59492856,-6.84,0.58329594,0
ZINC001223640054,C=C(OC[C@@H]1CCCO1)c1ccccc1,0.55078256,-7.748,0.40144837,0
ZINC001239322723,COC(=O)NC(CCO)CCO,0.33458346,-4.883,0.27103126,0
ZINC001471643862,Cc1ncc(C(=O)NCc2cccc(O)c2O)[nH]1,0.5258759,-8.322,0.29243588,0
ZINC001525469199,CC1(C(=O)OCC[C@@H]2CNC(=O)C2)CC=CC1,0.3856523,-7.237,0.12746534,0
ZINC000037792521,O=C(O)[C@@H]1C[C@H]1C(=O)NCCOCCO,0.27995658,-5.659,0.082145154,0
ZINC000049687083,Cc1cc(CN[C@@H]2CCN(C)C2)c(C)s1,0.4931896,-6.823,0.38352764,0
ZINC000053201450,CN[C@@H]1CCCN(Cc2cccc(F)c2)C1,0.53211814,-7.548,0.3852684,0
ZINC000224699652,O=C(O)[C@H]1CCN(C[C@@H]2CCSC2)C1,0.41918427,-6.681,0.25169247,0
ZINC000234673013,COCCS(=O)(=O)N1C[C@H](O)[C@@H](O)C1,0.39128774,-5.704,0.2980038,0
ZINC000274153089,O=C(O)C(=O)N1CCC[C@H]1C(=O)NC1CC1,0.37081584,-6.75,0.14870559,0
ZINC000334427975,CC1(CNC(=O)c2cc(F)c[nH]2)CC1,0.48393357,-7.058,0.34076095,0
ZINC000378861365,CC(=NNCC(=O)O)c1ccc(N)cc1,0.55876786,-7.234,0.47070348,0
ZINC000452038699,C=C(CC)CNS(=O)(=O)c1cnnn1C,0.35978022,-7.111,0.08931444,0
ZINC000519079683,Cc1csc(S(=O)(=O)NCCCF)c1,0.3706988,-6.518,0.17259318,0
ZINC000602608996,COC(=O)c1ccc(CN2CC(F)C2)n1C,0.5444173,-6.416,0.527318,0
ZINC000661625197,C[C@H]1CN(CC(=O)N2CCC2)C[C@H](C)C1O,0.4810915,-6.891,0.35249287,0
ZINC000685038619,C=CC[C@H](CC)Nc1cc(-n2ccnc2)ncn1,0.41710258,-6.919,0.2228257,0
ZINC000805219438,C=CCCCCCCNC(=O)c1cncnc1,0.4888337,-6.934,0.36335906,0
ZINC000839621606,FC[C@@H]1CN(C[C@@H]2CC2(Cl)Cl)CCO1,0.4076116,-6.239,0.27471972,0
ZINC000892058804,CN(Cc1cn(C)nc1C1CCCC1)C1CCC1,0.6251555,-7.818,0.54149705,0
ZINC000931056450,CC[C@@H](CO)N[C@H](C)C1CCC(F)CC1,0.39839152,-7.082,0.16881481,0
ZINC000998747384,C=CCN[C@@H]1CCCN(C(=O)[C@@H](C)C#N)C1,0.683308,-7.366,0.7036831,0
ZINC001225562294,C#C[C@H](C)Oc1ncnc2n[nH]cc21,0.39339346,-7.067,0.16047353,0
ZINC001252773740,CCC[C@H](O)CNc1cscc1C(=O)OC,0.35886505,-5.85,0.21859875,0
ZINC001308903573,CN(CC#Cc1ccccc1)Cc1ccns1,0.7330667,-8.528,0.6814456,0
ZINC001330285123,O=C(c1nccs1)N1CCC[C@@H]2NCC[C@H]21,0.51326877,-6.942,0.41093102,0
ZINC001588960121,C/C(=C\CN1CC[C@H](n2cccn2)C1)C(=O)O,0.48719296,-7.604,0.2904538,0
ZINC001604504676,COCC#CC(=O)N1CC(C(=O)O)C1,0.3265053,-6.724,0.06363348,0
ZINC000036306321,O=C(O)CN1C(=O)NC2(CCOCC2)C1=O,0.35844272,-7.144,0.083234176,0
ZINC000073000255,CC[C@H](CO)Nc1cc(C)c([N+](=O)[O-])cn1,0.43442637,-6.891,0.2600535,0
ZINC000127279864,Cn1ncnc1NC(=O)CN,0.41057056,-4.885,0.4213469,0
ZINC000136336669,C[C@H]1C[C@@H]1CNCc1csc([N+](=O)[O-])c1,0.51012564,-7.133,0.38484782,0
ZINC000168351825,CC[C@@H](NCCc1nccs1)C(=O)OC,0.47058216,-5.839,0.44104382,0
ZINC000179906212,CN(Cc1cncs1)[C@@H]1CCc2ccccc21,0.71900225,-7.854,0.7236562,0
ZINC000180337298,Cc1cccnc1COC(=O)[C@@H]1CCC[C@@H](C)C1,0.5097247,-7.896,0.30472985,0
ZINC000180765425,CCc1ccnc(C(=O)NC[C@@H](C)O)c1,0.47283286,-7.347,0.2887262,0
ZINC000263755031,C=C(C)CN(CC)[C@@H](C)C(=O)NC(N)=O,0.42097983,-6.24,0.30109698,0
ZINC000281898557,C=CCCCNC(=O)Nc1cncc(F)c1,0.5694332,-7.123,0.50337046,0
ZINC000323328861,COC(=O)c1ccnc(N[C@@H]2COC[C@H]2O)c1,0.46429038,-6.976,0.31037453,0
ZINC000335912416,c1csc(-c2noc([C@H]3C[C@]34CCOC4)n2)c1,0.61030805,-8.463,0.44502944,0
ZINC000536152584,NC(=O)c1cnn(Cc2csc(C3CC3)n2)c1,0.45890903,-6.986,0.29867497,0
ZINC000613182457,C[C@@H](O)CNC(=O)c1cnc2n1CCC2,0.39936176,-6.715,0.20889114,0
ZINC000614074625,CCc1cccc(C(=O)NC[C@@H](O)C(N)=O)n1,0.6387006,-7.794,0.57082367,0
ZINC000634826844,Cc1cc(CNC(=O)[C@H]2C[C@H]2C(=O)O)ncn1,0.44336933,-6.917,0.27506566,0
ZINC000641757172,CSc1ccc(CNC2COCCOC2)o1,0.4484688,-6.595,0.3186433,0
ZINC000679050605,c1nc(CN[C@@H](CC2CC2)c2ccccc2)co1,0.6102096,-7.85,0.50856364,0
ZINC000747142787,CSC[C@H](C)C(=O)OCC1CCSCC1,0.4099399,-6.23,0.28026748,0
ZINC000789915145,COC(COCCNC(=O)c1cnc[nH]1)OC,0.3559941,-5.442,0.25532854,0
ZINC000796539027,Cc1cncc(CN2CCC(F)(F)CC2)c1,0.51520723,-7.903,0.3148626,0
ZINC000814904255,C[C@H](C=NNCC(F)(F)F)C1CCCCC1,0.49661654,-7.639,0.30548233,0
ZINC000839346682,COCOc1ccc(NC(=O)CC2(C)CC2)cc1,0.45869002,-7.275,0.2681958,0
ZINC000842973016,C=C[C@H](OC(=O)[C@H]1COCCO1)C(=O)OCC,0.3313618,-6.366,0.110472485,0
ZINC000855027016,C=C[C@H](C)ONC(=O)Cc1n[nH]c(C)n1,0.41959015,-6.642,0.25655103,0
ZINC000870285135,COC/C=C/C(=O)OC1C[C@H](C)O[C@@H](C)C1,0.44121388,-6.663,0.29720247,0
ZINC000896406392,CCO[C@H]1CCN(c2cccc(C)n2)C1,0.48553592,-7.086,0.3410241,0
ZINC000934620689,COCCN[C@@H]1CC=CC[C@H]1C,0.44901615,-5.976,0.38408062,0
ZINC001016425569,C#CCN1CC[C@H](NC(=O)c2[nH]cnc2C)C1,0.48901898,-7.269,0.32889855,0
ZINC001210436850,Cc1cnc(O)cc1Nc1cncc(N)c1,0.5252404,-7.758,0.3498121,0
ZINC001243813776,CO[C@@H]1CC=C(c2ccc(N)nc2)CC1,0.5622745,-8.03,0.39489532,0
ZINC001344243550,Cc1cc(Cl)nc(C(=O)OCC(C)(F)F)c1,0.46137276,-7.379,0.26269794,0
ZINC001355010039,O=C(Nc1cnc2ccnn2c1)[C@H]1C[C@@H]1F,0.4599158,-7.29,0.26906455,0
ZINC000036987914,CCNC(=O)Nc1cccc(OCC#N)c1,0.61370784,-6.966,0.6073966,0
ZINC000045507015,COC[C@H](NC(C)C)C(=O)O,0.31666288,-4.888,0.23501244,0
ZINC000062089089,CCNS(=O)(=O)N[C@H]1CCS(=O)(=O)C1,0.3378114,-6.026,0.15859595,0
ZINC000082473541,CC(=O)N1CCO[C@@H](C#N)C1,0.3060372,-5.469,0.15356146,0
ZINC000153695506,CC[C@@H]1CCN(C(=O)NCCCC(=O)OC)C1,0.39183298,-6.878,0.17703137,0
ZINC000174675131,CCOCCNC(=O)[C@H]1CN(C)CCO1,0.35211098,-5.482,0.24347794,0
ZINC000193283213,Cc1cc(CNCCCCO)ccc1F,0.4171417,-6.904,0.22446261,0
ZINC000194152299,CCN(CCc1ccccn1)CC(N)=O,0.5243679,-6.383,0.49103272,0
ZINC000277628468,C#CCN(CC)C(=O)c1cc(C)sn1,0.37838587,-6.437,0.1962415,0
ZINC000348638363,CC1(CCNC(=O)Cc2ccoc2)CC1,0.47700876,-7.039,0.32901883,0
ZINC000493321781,O=C(/C=C\SCc1ccco1)N[C@H]1CC12CC2,0.54104817,-7.433,0.4149137,0
ZINC000555242064,C[C@@H](NCCOCC1CCC1)c1nccn1C,0.61582595,-7.067,0.6010921,0
ZINC000584589820,CO[C@H](CN)CC(=O)NCC[C@H]1CCCN1,0.30199543,-6.182,0.07142951,0
ZINC000611432627,N#CC1(CN2CC[C@@H](C(F)F)C2)CC1,0.45757106,-6.894,0.30558914,0
ZINC000613117485,COc1cc(CC(=O)N2CC(N(C)C)C2)ccn1,0.41650006,-7.199,0.19252253,0
ZINC000625198971,CCN(CCCO)Cc1cc(O)ccc1Cl,0.6059888,-6.491,0.6414883,0
ZINC000628595873,CCCC(C)(C)C(=O)NC[C@H](O)[C@@H]1CCCO1,0.4706377,-7.478,0.27075863,0
ZINC000632426861,O=S(=O)(NC[C@@H]1C[C@H]1C1CC1)c1ncc[nH]1,0.44380477,-7.067,0.2603338,0
ZINC000665237807,C=CCCN[C@H]1CNCC[C@H]1C,0.4300187,-5.889,0.35549316,0
ZINC000680451946,Cc1ccc(CC(=O)NC(CO)CO)s1,0.5933501,-6.645,0.60044193,0
ZINC000683606046,C[C@@H]1C[C@@H]1c1nc(-c2cc(C(N)=O)c[nH]2)no1,0.46207237,-8.039,0.19546834,0
ZINC000713772913,O=C(NC1CSC1)c1n[nH]c2c1CCCC2,0.49907124,-7.562,0.31835002,0
ZINC000768603368,C#CCNC(=O)[C@H](C)OC(=O)c1oncc1C,0.44024947,-7.375,0.22127052,0
ZINC000819459755,C[C@@H]1C[C@H](C(=O)NCCn2cnnn2)CCO1,0.41891947,-7.596,0.15604189,0
ZINC000829825784,NC1=CCN(C(=O)c2sccc2C2CC2)N1,0.47165567,-7.114,0.31061766,0
ZINC000858450471,CC1(C)OC[C@@H](CNc2nc(N)nc(N)n2)O1,0.47487012,-6.808,0.3487978,0
ZINC000865004290,O=C(NCc1ccoc1)C1(F)CCOCC1,0.38922772,-7.018,0.1573158,0
ZINC000889534129,CC(=O)c1cn(C2CN(C(=O)C3CCC3)C2)nn1,0.5084175,-7.713,0.32116565,0
ZINC000898620471,CON(C)C(=O)NCc1cn(C)cn1,0.32980686,-5.555,0.19170621,0
ZINC000901079650,CC(C)C[C@H](O)CNC(=O)Cc1cnc[nH]1,0.45800525,-6.719,0.32464272,0
ZINC000913037655,CC(C)CC(=O)N1CCc2c(O)nn(C)c2C1,0.5631878,-7.954,0.40460557,0
ZINC000934223552,C[C@@](Cn1cccn1)(NC/C=C/Cl)C(N)=O,0.43632928,-6.075,0.34865674,0
ZINC001227247618,C[C@@H]1CC[C@@H](Oc2ncnc3[nH]nnc32)C[C@H]1C,0.60554457,-8.279,0.45472264,0
ZINC001242044555,c1cc(-c2nccc(NC3CC3)n2)cnn1,0.5573802,-7.339,0.4570385,0
ZINC001250390540,FC(F)Cc1cscn1,0.37773818,-5.046,0.33957088,0
ZINC000000576408,CC[C@@H](CO)NCc1ccc(Cl)cc1Cl,0.62103575,-7.001,0.61827385,0
ZINC000002043922,Clc1ccc(-c2ncco2)cc1,0.6192652,-6.666,0.64959407,0
ZINC000018847043,Nc1ccc(/N=N\c2ccccc2)c(N)n1,0.5603338,-7.468,0.4494781,0
ZINC000036757677,O=[N+]([O-])c1ccc(F)cc1CO,0.33813372,-6.82,0.07668785,0
ZINC000096494340,CC(C)c1nnc(NCc2ccco2)o1,0.509971,-7.3,0.3671798,0
ZINC000098019216,Cc1nn(C)c(C)c1OC[C@@H]1CCOC1,0.3603897,-6.526,0.15134007,0
ZINC000124546065,COCC[C@@H](C)NCc1cc(C)oc1C,0.5560323,-6.068,0.5865053,0
ZINC000189681030,C[C@@H]1CCCC[C@@H]1Nc1ncc([N+](=O)[O-])s1,0.46733084,-7.6,0.25152457,0
ZINC000252584990,C/C=C/C=C\COC(=O)c1ccc(=O)n(C)c1,0.46028548,-7.767,0.22020654,0
ZINC000307612147,COC[C@@H](O)CN1CC(F)C1,0.40290216,-4.665,0.42902833,0
ZINC000330426968,COC[C@H](O)C/N=C(/O)NC[C@H]1CCCO1,0.3744128,-6.043,0.22933263,0
ZINC000493181700,C[C@H]1CNCCN1C(=O)/C=C\C1CCCC1,0.6281116,-7.588,0.57126427,0
ZINC000515500077,COc1cc(-c2nc([C@H]3C[C@H]3C)no2)on1,0.47176245,-7.351,0.28618994,0
ZINC000564954886,O=C(NCCC[C@H]1CCCN1)c1ccc(O)nc1,0.46291587,-8.107,0.19006972,0
ZINC000593561286,CC[C@H](C#N)C(=O)N1C[C@H](O)C[C@@H]1CO,0.43715093,-7.157,0.23779644,0
ZINC000634311245,Cc1ccc(CNC(=O)C2(C)CCOCC2)o1,0.58103085,-8.346,0.39919764,0
ZINC000634623522,Cc1onc2c1c(C)nn(-c1cnn(C)c1)c2=O,0.4167171,-7.391,0.1729916,0
ZINC000640228069,Cc1nc(CN2OC3CCC2CC3)no1,0.5940072,-7.176,0.5465392,0
ZINC000641486180,Cc1cnc[nH]c1=NCC[C@@H]1CCCCO1,0.42427424,-7.311,0.19627862,0
ZINC000733329352,CO[C@@H](CNCc1cccnc1C)C(F)(F)F,0.5342649,-6.936,0.45314625,0
ZINC000816572052,Cn1cncc1CCC(=O)O[C@H]1CNOC1,0.41729695,-6.345,0.28288543,0
ZINC000821834152,CC(=O)NCC(=O)O[C@H]1CCC1(C)C,0.32127494,-6.541,0.07229779,0
ZINC000823440610,C#C[C@@H](C)OC(=O)[C@H]1CCN(C(=O)O)C1,0.3467713,-7.173,0.05709924,0
ZINC000825784462,C[C@H](COC(=O)C1CC(C)C1)NC(=O)O,0.3879281,-6.768,0.1807321,0
ZINC000843845300,O=C(NC1(CO)CCC1)[C@@H]1CCC(=O)C1,0.34127334,-7.164,0.047143944,0
ZINC000849043773,CON(C)C(=O)CNC(=N)N(C)C1CC1,0.29626524,-5.994,0.07962358,0
ZINC000863223177,C[C@@H]1CCCC[C@@H]1SC1=NCCS1,0.5154094,-6.403,0.4712075,0
ZINC000884638634,N#Cc1ccnc(NCc2cc(C3CC3)no2)c1,0.5560837,-8.198,0.36516604,0
ZINC000891314544,C#Cc1ccc(NC(=O)CCCOC)cc1,0.59424114,-7.125,0.55230474,0
ZINC000891511941,C[C@H]1C[C@H](N)CN1C(=O)NCCn1cncn1,0.35984957,-7.066,0.09413011,0
ZINC000934254970,OCCCN1CC[C@H]2[C@@H]1CCCN2CCO,0.47810054,-6.531,0.3839947,0
ZINC001230898614,Cc1cc(=O)cc(O[C@H]2CC[C@H](C)CC2)o1,0.4534648,-8.014,0.18101656,0
ZINC001242069180,CNc1ccc(-c2cncc3nc[nH]c32)cn1,0.43693382,-7.395,0.2126232,0
ZINC001333388343,NC(=O)CC(=O)NCc1ccns1,0.30284074,-5.833,0.10938705,0
ZINC000037387273,NC(=O)CSc1ccccc1F,0.54189765,-6.264,0.5381291,0
ZINC000039220040,C[C@@H](O)[C@@H](C)N[C@H](C)CO,0.32158884,-4.791,0.25485474,0
ZINC000042165694,O=C(C[C@H]1CCCN1)NCc1ccccn1,0.43524125,-7.472,0.20126528,0
ZINC000108877642,Cc1nc2ccccc2nc1NC[C@H](C)CO,0.47640455,-7.304,0.3002718,0
ZINC000136108306,CCCNC(=S)N1CCC(CC)CC1,0.4952109,-6.527,0.41830462,0
ZINC000171063759,C[C@@H]1C[C@H]1NC(=O)c1cccc(NC(N)=O)c1,0.51878685,-8.234,0.28754175,0
ZINC000308944389,C[C@H](CNc1ccc(Cl)nn1)CN(C)C,0.41620675,-6.569,0.25743815,0
ZINC000308953855,CC[C@@H]1C[C@@H](CN[C@H](C)C(N)=O)CCO1,0.5452868,-7.018,0.46645465,0
ZINC000334631829,O=C(c1coc2cc(F)ccc12)N1CCCO1,0.55817884,-8.167,0.3725392,0
ZINC000352144847,CSCCCCC(=O)NC[C@@H]1C[C@H]1C,0.43233487,-6.13,0.33502623,0
ZINC000633999993,Cc1ccc(CC(=O)NCC[C@@H](O)C(F)F)o1,0.35271698,-6.883,0.09902631,0
ZINC000659295770,CO[C@@H](C(=O)NCCNC1CC1)C1CCC1,0.39787248,-6.282,0.25095698,0
ZINC000669378949,C[C@@H]1CN(C(=O)CC2CC2)C[C@H]1CCN,0.48599187,-7.098,0.34067976,0
ZINC000693940774,CC[C@](C)(C#N)C(=O)N1CCC[C@@H](C#N)C1,0.6199192,-7.28,0.58705634,0
ZINC000757935866,CCNC(=S)NC[C@H](C)c1nc(C)cs1,0.52719116,-6.118,0.5241755,0
ZINC000820228679,C[C@@H]1CC[C@@H](C(F)(F)F)CN1CC(=O)O,0.39500195,-7.092,0.16106077,0
ZINC000886328923,O=C(CN1C[C@@H]2C[C@@H]2C1)NCC(F)(F)F,0.44173872,-6.719,0.2924202,0
ZINC000888102117,C=CC(=O)NC1(c2ccc(F)c(F)c2)CC1,0.48626807,-7.828,0.26533395,0
ZINC000891567559,C#CCNC(=O)N1CC[C@@H](O)[C@H](F)C1,0.40266967,-7.165,0.16866052,0
ZINC001155703903,O=C1C=C(Nc2ncccc2F)CCC1,0.57631564,-8.14,0.41127357,0
ZINC001157821964,N#CNc1cc(Cl)ncc1F,0.4504389,-5.584,0.42765236,0
ZINC001168428013,N#CCCCCNc1ncc2ncnc-2[nH]1,0.5194462,-6.735,0.44468826,0
ZINC001174860017,Cc1cncc(Nc2ccc3c(c2)OCO3)n1,0.4772275,-7.705,0.26021287,0
ZINC001193874978,COC(=O)Nc1ccc2nsnc2c1,0.39344767,-6.52,0.21744862,0
ZINC001237188118,CC(=O)[C@@H]1CCCN1C[C@H](C)N,0.3232134,-5.849,0.14808004,0
ZINC001254661518,N#C[C@H]1CC[C@H](N2CC[C@@H](O)[C@@H](F)C2)C1,0.51435965,-7.802,0.32368386,0
ZINC001600701650,Cc1nc(CN[C@H]2CCC[C@H]2C(=O)O)oc1C,0.4274604,-7.387,0.19468895,0
ZINC000053523492,CNC(=S)NCCc1ccc([N+](=O)[O-])cc1,0.5136151,-6.843,0.4219093,0
ZINC000068835057,Cc1cc(C(=O)NC[C@@H]2CC=CCC2)no1,0.5510379,-7.678,0.40923154,0
ZINC000117746396,Cc1cc(NC(=O)COC[C@@H]2CCOC2)no1,0.5174864,-6.884,0.42531565,0
ZINC000128200889,Cc1cccc(NC(=O)NC[C@]2(C)CCCO2)c1,0.64847535,-8.193,0.5487054,0
ZINC000153601422,C/C=C(/C)C(=O)Oc1ccc(C#N)cc1F,0.50418806,-8.545,0.22629042,0
ZINC000161137848,C[C@H](NCCNC(=O)C1CC1)c1cscn1,0.38482684,-6.659,0.1859207,0
ZINC000188233251,CC[C@@H](CO)NC(=O)c1ccc(Cl)cc1C,0.6628,-7.518,0.64725626,0
ZINC000258132349,NCCNC(=O)NCc1cccc(Cl)c1,0.56588084,-7.316,0.4762686,0
ZINC000296790212,C[C@H]1C[C@@H]1CNC(=O)Nc1ccc2c(n1)CCC2,0.56685865,-8.289,0.37704974,0
ZINC000306673878,COCCN1C[C@@H](C)[C@H](O)C1,0.33927822,-5.037,0.2643209,0
ZINC000322243590,C#C[C@H](NC(=O)OC1CCC1)C(C)C,0.66976565,-6.812,0.73445237,0
ZINC000340852210,CCCCCC(=O)N[C@H]1CCC[C@@H]1F,0.45091307,-6.877,0.29416767,0
ZINC000373855752,C[C@@H](CO)CNC(=O)[C@]1(C)CCC(=O)NC1,0.35807344,-6.948,0.102879405,0
ZINC000491674990,C#CCN(C)C(=O)[C@H](C)Oc1ccccn1,0.4929274,-6.942,0.3706366,0
ZINC000496039293,CNC(=O)OCCOC(=O)/C=C1/CC[C@H](C)C1,0.451999,-7.051,0.27822924,0
ZINC000568183507,C[C@@H]1CCO[C@@H]1C(=O)N(C)c1cccnn1,0.3942117,-7.018,0.16718861,0
ZINC000574133726,CC1=CCN(C(=O)C2(C(F)F)CCCC2)CC1,0.47219798,-7.703,0.25045776,0
ZINC000597340170,C[C@H](CC#N)C(=O)NCc1ccn(C)c1,0.39479047,-7.25,0.1442157,0
ZINC000621383116,CC1CC(CNC(=O)Nc2ccc(F)cc2)C1,0.4991046,-7.9,0.2832766,0
ZINC000802013425,O=C1O[C@@H](CN2CC[C@](F)(CO)C2)CC12CC2,0.5887257,-7.442,0.50842285,0
ZINC000842547090,C[C@H]1CC(=NNC23CC(C2)C3)CCO1,0.35978627,-6.745,0.12737685,0
ZINC000844086031,CCCONC(=O)c1cnco1,0.31678122,-5.336,0.18867145,0
ZINC000850571325,CO[C@@]1(C)C[C@H]1N[C@@H]1CCc2cc(C)ccc21,0.6519027,-8.355,0.53865266,0
ZINC000853480402,COC(=O)[C@@](C)(O)CNc1cc(F)ncn1,0.33557704,-6.527,0.10208446,0
ZINC000871139809,C=C[C@](C)(O)C(=O)NC[C@H](O)[C@H](C)O,0.3269181,-6.064,0.13306671,0
ZINC000876071295,C#CC[C@H](CCOC)NC(=O)C1(C(F)F)CC1,0.36114714,-6.887,0.11530983,0
ZINC000877092340,FCCCNC[C@@H]1CC1(Cl)Cl,0.45937985,-5.526,0.45139346,0
ZINC000889603262,O=C(CC1OCCCO1)N[C@@H]1C[C@@H]2CCC[C@H]12,0.40415242,-7.543,0.13229975,0
ZINC000933327767,C=C/C=C\CCN1CCOC[C@H]1COC,0.5138271,-6.216,0.48751408,0
ZINC001158763330,COC(=O)Cc1cccc(-n2ccc(CN)c2)n1,0.49714392,-7.479,0.32316113,0
ZINC001600803279,Cc1noc(-c2ccc(C(=O)O)cc2F)n1,0.5806977,-8.072,0.42702356,0
ZINC000012340232,O=C1/C(=C\c2ccccc2Cl)N2CCC1CC2,0.60547763,-8.821,0.3982421,0
ZINC000079437520,CC(=O)N[C@H]1CCCC[C@H]1NC1CC1,0.46970403,-6.365,0.38461983,0
ZINC000103646288,C=CCCOC(=O)c1cn(C)nc1C(F)(F)F,0.3562115,-6.819,0.11260231,0
ZINC000306215571,Cn1cnn(Cc2cnn(C)n2)c1=O,0.34755388,-5.769,0.20461337,0
ZINC000340601376,O=C1[C@@H]2CCCCN2C(=O)N1CCCCCF,0.37182447,-7.434,0.07959297,0
ZINC000380198975,Clc1cnc(NC23CCC(CC2)C3)nc1,0.44718122,-7.212,0.25194764,0
ZINC000452495399,CCCC(=O)NCC(=O)N1CC[C@@H]1C1CC1,0.42897835,-7.007,0.23720181,0
ZINC000796913608,Cn1ccc(CCC(=O)OCc2cnccn2)n1,0.380157,-6.748,0.1674175,0
ZINC000798245141,NC(=O)CNC(=O)/C(F)=C\C1CCCCC1,0.39869782,-7.61,0.11452914,0
ZINC000802179403,C/C=C(/C)C(=O)OCc1ccc[n+]([O-])c1,0.5295178,-7.699,0.364419,0
ZINC000811125022,O=C(CC1OCCO1)OCCc1cncs1,0.3475802,-6.166,0.16339222,0
ZINC001144573231,C#Cc1ccc(CN2CC(OC(C)=O)C2)cc1,0.74124515,-7.964,0.75628144,0
ZINC001170256479,CN1CC(CNc2cccc3[nH]cc(F)c32)C1,0.6632478,-7.239,0.67714894,0
ZINC001193433857,COCCOC(=O)NCc1cccc2ccnn21,0.43205756,-7.033,0.24059838,0
ZINC001224379365,CCOC(=O)C[C@H](OCC#N)c1ccccc1,0.3991329,-7.025,0.17620935,0
ZINC001242350927,NC(=O)c1ccc(-c2cccc(F)c2O)cn1,0.6389758,-8.439,0.50431275,0
ZINC001250449700,Cc1cc(-c2nccc(C)n2)n(C)n1,0.44387403,-7.075,0.2596393,0
ZINC000055498400,CCOCCCCNC(=O)[C@H](C)n1cccn1,0.44528857,-6.492,0.32305175,0
ZINC000075513638,C[C@@H]1C[C@H]1NC(=O)c1cc(-c2cccs2)n[nH]1,0.64516366,-7.832,0.5796758,0
ZINC000100806471,COc1ccc(/C=N/O)cc1O,0.33480436,-6.162,0.13850029,0
ZINC000227522471,COC(C)(C)C(=O)N1CC[C@H]([C@H](C)O)C1,0.33120638,-6.41,0.10559024,0
ZINC000307540552,CC[C@@]1(c2cccc(Cl)c2)O[C@H]1C#N,0.57694364,-7.872,0.4403797,0
ZINC000309075365,C[C@@H](O)CNc1nc2c(cccc2F)o1,0.5637729,-7.206,0.48352897,0
ZINC000346843845,CNC(=O)[C@H](C)NC(=O)[C@H]1[C@H](C)C1(F)F,0.5431228,-6.751,0.48992616,0
ZINC000354356782,COC[C@@H](C)NC(=O)Cc1ccc(C)s1,0.38123518,-6.149,0.23182707,0
ZINC000357669115,C[C@H](CO)N(C)C(=O)[C@@H]1CC(=O)N[C@H](C)C1,0.45014477,-6.978,0.28214544,0
ZINC000414478274,CSC1(CN2CCCO[C@H](CF)C2)CC1,0.3403295,-5.828,0.1841687,0
ZINC000432105856,COC[C@@H](NC(=O)N1CC[C@@H]1COC)C1CC1,0.3660908,-5.92,0.22563493,0
ZINC000676335007,CCC[C@](C)(O)C(=O)NCc1ccoc1C,0.39500934,-6.835,0.18779384,0
ZINC000837782196,CCC/C=C\C(=O)N1CCC[C@](O)(CO)C1,0.39662376,-6.999,0.17394195,0
ZINC000856345661,O=C(C[C@@H]1CCCO1)NOCC1CCC1,0.36261913,-6.869,0.120097056,0
ZINC000860931076,C=CC[C@@H](C=C)OC(=O)c1cocc1C,0.5849545,-6.626,0.5857862,0
ZINC000892620262,Cc1nn(C)c(NC(=O)[C@@H]2C[C@H]2C)c1C#N,0.48108843,-7.701,0.26827687,0
ZINC000914207518,C[C@H]1CN(C(=O)O[C@@H]2CCOC2)C[C@H]1C,0.36463106,-7.017,0.10869597,0
ZINC001204034336,FC[C@@H]1C[C@H](F)CN1Cc1ccsc1,0.54348755,-6.488,0.5179908,0
ZINC001247427789,Cc1nc(-c2cc(F)cc(F)c2F)no1,0.46963334,-7.981,0.21647577,0
ZINC001292855956,N#C[C@H]1C[C@H]1C(=O)Nc1n[nH]c2ccc(F)cc21,0.5492689,-8.367,0.33409685,0
ZINC000002046105,CCOC(=O)[C@H](CC)C(C)=O,0.26167598,-5.125,0.101449154,0
ZINC000036559135,COc1c2c(cc(/C=N/O)c1[N+](=O)[O-])OCO2,0.5911725,-6.897,0.5699296,0
ZINC000050976516,C[C@](O)(C(N)=O)c1ccc(Cl)cc1,0.40822124,-7.025,0.1942125,0
ZINC000053881981,CCCCN(C)C[C@H]1CCCC[C@@H]1O,0.41749164,-6.905,0.22505185,0
ZINC000087443664,CC1(NC(=O)c2nc[nH]n2)CCCCC1,0.4173889,-7.347,0.1788967,0
ZINC000156975609,O=C(O)Cc1ccccc1CNc1nccs1,0.3946931,-7.371,0.13144332,0
ZINC000307911000,C#CCN(CCO)[C@H](C)CC,0.64987916,-5.181,0.8646225,0
ZINC000331486080,CN(CC(=O)N(C)C1CC1)Cc1cc[nH]n1,0.36293656,-6.101,0.20056938,0
ZINC000331625493,CCCc1nc(CN2CCC[C@@H](O)CC2)no1,0.373811,-7.335,0.09382045,0
ZINC000336153187,C[C@@H]1CCCN1C(=O)C(=O)NC1CC1,0.34333545,-6.857,0.083145395,0
ZINC000336966120,Cc1ccc(SC[C@@H](F)C(F)(F)F)nc1,0.39009255,-7.491,0.10985449,0
ZINC000379647087,C[C@H](N[C@@H](CO)C1CC1)[C@@H]1CCCO1,0.4994423,-6.165,0.46432126,0
ZINC000616193671,CCC1CN(C(=O)Cc2ccc(O)nc2)C1,0.39606267,-7.821,0.08737299,0
ZINC000622118508,CCCN(C)CC(=O)N(C)Cc1nnc(O)o1,0.4150591,-6.264,0.2868734,0
ZINC000652764358,CC[C@@H]1CN(C(=O)c2cc[nH]c2)[C@H](CC)CO1,0.4533531,-7.041,0.2819512,0
ZINC000784012317,CC(C)[C@H](F)C(=O)NCC1CCCCC1,0.46106815,-7.647,0.2342325,0
ZINC000815164675,CCOc1ccccc1CN1C[C@@H](C)[C@H]1C,0.6571603,-7.305,0.6582285,0
ZINC000841635399,COCCCNN=C1COC(C)(C)C1,0.4710356,-6.246,0.39962912,0
ZINC000851706528,CN(C[C@@H](O)C1CC1)C1(C(=O)O)CCCC1,0.3713467,-6.713,0.15360382,0
ZINC000898695875,C=C1CN(C(=O)CCCC(N)=O)C1,0.32933396,-5.824,0.1628034,0
ZINC001167998574,CC[C@H](C)Nc1cc(F)c(OC)c([N+](=O)[O-])c1,0.51676846,-6.941,0.41796756,0
ZINC001188476014,N#Cc1cnc(NC(=O)c2cc(F)c[nH]2)cn1,0.5037919,-7.542,0.32978055,0
ZINC001208780238,CC[C@H](CCC(=O)OC)CN1CC(C#N)C1,0.41048476,-6.158,0.28883216,0
ZINC001258812459,C[C@@H]1CCC[C@@H](NCc2cc(C#N)co2)C1,0.57317024,-8.0,0.41959766,0
ZINC000083584309,Cc1nnc(N[C@@H](C)c2ccsc2)s1,0.5637952,-6.619,0.5445993,0
ZINC000111154073,O=C(O)c1ccc(CNCC2CCOCC2)o1,0.5223709,-7.396,0.38176227,0
ZINC000136296371,CCOC(=O)C(C)(C)C(=O)O[C@@H]1CCOC1,0.33814752,-6.077,0.15395966,0
ZINC000265640119,C[C@@H]1CO[C@@H](C)CN1CCc1cnn(C)c1,0.4655366,-6.637,0.34808663,0
ZINC000295985332,O[C@H]1CCCN(Cc2cc(F)ncc2F)CC1,0.46742588,-7.623,0.24932168,0
ZINC000395795652,OCC1(CCNCCCC(F)(F)F)CC1,0.56892604,-6.424,0.57503587,0
ZINC000593996641,CCOc1ccccc1CCN=c1nn[nH]n1C,0.60796994,-7.568,0.53344464,0
ZINC000671733980,CCN1CCCC[C@@H]1CCC(=O)NC,0.4066793,-6.562,0.23929289,0
ZINC000675880667,C[C@H]1OCCN(C(=O)c2ccn(C)n2)[C@H]1C,0.38109094,-6.839,0.1598069,0
ZINC000842542368,C[C@H](CO)N(C)N=Cc1ccc(C(F)(F)F)[nH]1,0.41750666,-7.279,0.18619949,0
ZINC000851920304,Cc1ccccc1CCNC(=O)N[C@H]1C=CCC1,0.6676066,-8.774,0.5262002,0
ZINC000859057893,C[C@H](CO[C@@H]1CCOC1)NC(=O)OCCF,0.27706912,-5.926,0.04866729,0
ZINC000863163186,CC[C@@H]1C[C@@H](C=NN2CCOC2=O)CCO1,0.6050534,-7.554,0.52912277,0
ZINC000883016931,COc1cnn(Cc2scnc2Cl)c1,0.47355276,-5.812,0.44973534,0
ZINC000884359382,CNC(=O)CC(=O)N[C@@H]1C[C@@H](N)C1(C)C,0.37124446,-6.719,0.15277752,0
ZINC000930522306,C[C@]1(NC[C@@H]2C[C@H]3COC[C@@H]3O2)CCOC1=O,0.56197906,-7.559,0.44327652,0
ZINC001140886104,C=CCONC(=O)c1ccc2c(C#N)c[nH]c2c1,0.45822066,-7.959,0.19615543,0
ZINC001162310963,N#CC1(Nc2c(F)ccc[n+]2[O-])CCC1,0.42357656,-7.093,0.21756049,0
ZINC001230179295,Cc1ccc(Cl)c(OC[C@H]2COCO2)c1C,0.48376027,-7.662,0.27762407,0
ZINC001600632768,Cc1cncnc1N[C@H]1CC[C@@H](CC(=O)O)C1,0.42591083,-8.124,0.11499873,0
ZINC000012358746,COC(=O)C1CCC(OC(C)=O)CC1,0.4467291,-6.182,0.3581338,0
ZINC000068934925,C=CCNC(=O)[C@@H](C)SC1CCCC1,0.4994362,-6.269,0.45349702,0
ZINC000084301295,N#Cc1csc(C(=O)NCC2(O)CCC2)c1,0.49545655,-7.506,0.31701154,0
ZINC000112483280,CSc1ccc(C(=O)NS(C)(=O)=O)o1,0.395581,-6.269,0.24776927,0
ZINC000123470984,Cc1noc(CN2CC[C@H](O)c3ccccc32)n1,0.71170276,-8.507,0.6413088,0
ZINC000134146115,C[C@@H](O)CCN(C)C[C@@H]1CNCCO1,0.37679273,-5.723,0.26731515,0
ZINC000170694572,O=C(CCCCN1CCOCC1)NCC1CC1,0.39358282,-6.862,0.18216106,0
ZINC000177380027,CC[C@H](Sc1cnn[nH]1)c1ccccc1,0.43139732,-7.421,0.19895291,0
ZINC000180618606,C#CCCCCC(=O)OC[C@H]1CC1(Cl)Cl,0.3894709,-6.775,0.18306053,0
ZINC000234039688,C#C[C@H](CC)NC(=O)c1cscc1C,0.5516624,-7.136,0.46681648,0
ZINC000280914548,CC(C)n1nccc1CNCC[C@H](C)O,0.5155124,-6.403,0.47141153,0
ZINC000336444152,Cc1ccc(NC(=O)CC(=N)O)cc1O,0.49588615,-7.355,0.33356094,0
ZINC000458659990,C=C(CC)CNC(=O)N[C@@H]1CCC[C@H]1C#N,0.6104297,-7.534,0.54185194,0
ZINC000566431906,CCNC(=O)c1cccc(C(F)(F)F)c1O,0.4582746,-8.234,0.16767251,0
ZINC000577638960,CCNC(=O)[C@H]1CCc2nnnn2CC1,0.4278773,-7.406,0.19353949,0
ZINC000624175800,C/C=C/CNC(=O)NCCC[C@@H]1CCOC1,0.49881473,-7.071,0.3688877,0
ZINC000628235866,Cc1cnc(CN2CCc3ccc(C)cc32)[nH]1,0.6864381,-8.115,0.6320152,0
ZINC000657017073,CC(=O)NCC1(CC(N)=O)CC1,0.29283896,-5.542,0.11982763,0
ZINC000665326215,CC(=O)NCCNC(=O)c1ccnn1C(F)F,0.40284923,-6.845,0.20228435,0
ZINC000671791381,O=C(c1occ2c1CCC2)N1CC=CCC1,0.5949178,-8.282,0.43336004,0
ZINC000692966219,CO[C@H](CNC(=O)OC(C)(C)C)C1CCCC1,0.5565752,-6.825,0.5088808,0
ZINC000758902713,C[C@@H]1C(=NOCC(F)F)C[C@@H]1c1ccccc1,0.49284074,-8.142,0.24570946,0
ZINC000769638397,CC(=O)[C@@H](C)OC(=O)c1coc(C2CCC2)n1,0.48388308,-7.915,0.25156474,0
ZINC000800451435,COc1ccc(COC(=O)C2(C)CC2)nn1,0.43352023,-6.985,0.24848601,0
ZINC000819216528,COCC[C@H](C)NC(=O)/C=C/[C@H]1CCCO1,0.47311494,-6.908,0.3349247,0
ZINC000824112453,C[C@@H]1[C@H](C)CN(C(=O)NOCC2CCC2)[C@H]1C,0.5453634,-7.626,0.403397,0
ZINC000830623038,O=C(OCC1CCC1)C1CC2(CCC2)C1,0.62393826,-7.266,0.5964733,0
ZINC000851285269,CS(=O)(=O)CC(=O)OC/C=C\C(F)(F)F,0.38948184,-6.023,0.2612623,0
ZINC000854777551,C#C[C@H](CO)NC(=O)[C@H]1C[C@H]2CC(=O)[C@@H]1C2,0.49126196,-7.563,0.30277658,0
ZINC000870294999,C[C@@H]1OCC[C@H]1OC(=O)c1cscc1Cl,0.40071416,-6.511,0.23277858,0
ZINC000909018015,CC[C@@H](CO)C(=O)N1CC(=O)N[C@@H](C)C1,0.3265359,-6.479,0.08916504,0
ZINC000921560927,FCCn1cc(CNc2cccc(F)c2)cn1,0.59046066,-7.659,0.4892998,0
ZINC000934112639,CO[C@@H]1CC[C@H]1N(C)Cc1n[nH]c(C)n1,0.42353928,-6.27,0.30304813,0
ZINC001168237748,CCc1nnc(NC[C@H]2C[C@H](F)C2)nc1CC,0.4192618,-7.617,0.15453683,0
ZINC001212135448,Cc1ncc(N(CCO)c2ccc(N)cc2)s1,0.47322768,-7.369,0.2872211,0
ZINC001217901892,OCCCCO[C@@H]1CCc2c1cc(F)cc2F,0.40678382,-7.161,0.17722616,0
ZINC001330696800,CON=CC(=O)NC[C@@]1(C)CC1(Cl)Cl,0.42749393,-6.165,0.32179803,0
ZINC000057162865,C[C@H](O)CNC(=O)NC[C@H]1CCCOC1,0.49334994,-6.742,0.39226624,0
ZINC000113161945,CC[C@](C)(C#N)NC(=O)COC[C@@H]1CCCO1,0.3609573,-6.95,0.1083841,0
ZINC000157624708,CC[C@@H](C)Nc1cncc(Br)c1,0.48178262,-6.146,0.4313143,0
ZINC000189190833,CO[C@@H]1CC[C@H](NC(=O)CCn2cncn2)C1,0.3827159,-6.936,0.15294144,0
ZINC000307968268,COCCON=C(N)CC(C)C,0.35612592,-5.471,0.25257474,0
ZINC000338950821,CC1CN(C/C=C/c2ccc(F)cc2F)C1,0.62336755,-8.38,0.479528,0
ZINC000381257591,COC[C@]1(C)CCN(C(=O)COC(C)C)C1,0.38418072,-6.475,0.20377003,0
ZINC000383744584,Cc1cc(CNc2ccc3ncsc3c2)on1,0.45041835,-7.936,0.18309093,0
ZINC000584350334,C[C@@H](N)C[C@@H](C)NS(=O)(=O)c1ccoc1,0.31676483,-6.077,0.111602455,0
ZINC000634188919,CCc1nc(CC(=O)NC2(C)COC2)cs1,0.35361964,-6.603,0.129924,0
ZINC000744176824,C#C[C@@H](C)OC(=O)c1sccc1C(C)C,0.4462289,-7.224,0.2488136,0
ZINC000798218494,CCN(C(=O)C=C(C)C)c1cccnc1C,0.45996255,-7.37,0.26084015,0
ZINC000802876145,CC[C@@H]1OCC[C@H]1C(=O)N[C@]1(C)CCOC1,0.39825478,-6.939,0.18341066,0
ZINC000809901843,CC[C@@](C)(O)CNC(=O)Nc1cnnn1C,0.35068125,-6.964,0.0865727,0
ZINC000810594403,O=C(OCCCF)c1cc2n(n1)CCO2,0.341715,-6.233,0.14480829,0
ZINC000830978419,CNC(=O)[C@@H]1CCCN1C(=O)[C@@H](C)CC(=O)O,0.39176628,-6.945,0.16993377,0
ZINC000901613584,C[C@@H]1C[C@@]1(C(=O)O)C(=O)N[C@H]1CCOC1,0.34488317,-7.078,0.06323548,0
ZINC000928433749,C[C@@H]1[C@@H](NC(=O)[C@@H]2CCCNC2=O)CCN1C,0.37869257,-7.261,0.11118365,0
ZINC001117821612,O=C(c1cc(Cl)cs1)N1CC[C@@H](F)C1,0.43409544,-6.878,0.26074946,0
ZINC001143977879,C[C@]1(CF)CC(F)(F)CN1C(=O)CCS,0.3021102,-6.189,0.07092912,0
ZINC001556211312,C=C(CO)C(=O)N1CC[C@H](C)[C@@H]1CO,0.56098586,-6.11,0.59195143,0
ZINC000058873897,CCCCNC(=O)CN1C[C@@H](C)O[C@@H](C)C1,0.51799726,-6.707,0.44472906,0
ZINC000170678187,O=C(NCc1nccn1C(F)F)NCC1CC1,0.39178586,-7.12,0.15177904,0
ZINC000170852366,C/C(=C\C(=O)Nc1nnn[nH]1)c1ccc(F)cc1,0.65415055,-8.724,0.5047431,0
ZINC000234819020,CO[C@H]1CC[C@@H](NC(=O)C(=O)O)C1,0.35839298,-6.12,0.18959367,0
ZINC000268455741,CC(C)(C)/C=C/C(=O)NCCOCC(N)=O,0.39046204,-6.518,0.21174233,0
ZINC000294436879,O=C(NCC1CC(F)(F)C1)c1cnc[nH]1,0.4882338,-7.122,0.34262574,0
ZINC000331170795,CC(C)(CO)CCCNC(=O)[C@@H]1CNC(=O)C1,0.41342917,-7.357,0.17001323,0
ZINC000621738360,C[C@H]1C[C@H]1CNCC1CC(C)C1,0.52877647,-6.732,0.46348256,0
ZINC000641520254,COC[C@@H](Cn1nnn(C)c1=O)OC,0.4871681,-5.376,0.5220339,0
ZINC000666247002,O=C(NCCC1CCCCC1)[C@@H]1CCNC1=O,0.51698166,-8.222,0.28521338,0
ZINC000684002655,CN(CCCCCO)C[C@H]1CCc2ccccc21,0.7595489,-7.601,0.83027804,0
ZINC000743647516,CSCCC(=O)NC[C@H](O)c1cnn(C)c1,0.3393014,-5.942,0.17028037,0
ZINC000822413268,C[C@H]1CSCCN(C(=O)CN2CCCC2)C1,0.4039205,-6.839,0.2050302,0
ZINC000855671148,N#CCSCC(=O)N[C@H]1COC2(CCC2)C1,0.3287834,-6.5,0.09143383,0
ZINC000860836751,O=C(O[C@H]1CCC12CCC2)[C@@H]1COC(=O)N1,0.40282047,-7.416,0.14286456,0
ZINC001015757442,C#CCN1CC[C@@H](NC(=O)[C@@H]2CC23CC3)C1,0.49430037,-7.511,0.31420147,0
ZINC001154615332,Cn1ccnc1CNc1nccc2scnc21,0.48881587,-6.756,0.38182917,0
ZINC001176142929,O=C1COc2cc(NC3=CCOCC3)ccc2N1,0.48928517,-8.199,0.23274031,0
ZINC001211101003,COc1ncc(F)cc1Nc1cncc(CO)c1,0.40985185,-7.131,0.1864225,0
ZINC001253580229,C=C[C@@H](O)CN1CCCC[C@@H]1CCOC,0.4073166,-6.036,0.29523978,0
ZINC000060726232,O=C1CN(S(=O)(=O)N2CCCC2)CCN1,0.37587187,-6.708,0.16308755,0
ZINC000070532723,C[C@@H]1CCC[C@H](CCNc2cccnn2)C1,0.6892197,-7.919,0.6579021,0
ZINC000087138856,C[C@@H](Oc1ccccc1[N+](=O)[O-])[C@H](C)O,0.68496794,-6.886,0.75687337,0
ZINC000096532990,CC(C)(C)c1nc(N)sc1S(C)(=O)=O,0.3773626,-6.36,0.20221965,0
ZINC000227269055,CO[C@@H](CNC(=O)c1cc(C)on1)C(=O)O,0.33141786,-6.304,0.11702923,0
ZINC000306222809,CC[C@H]1CN(CC(=O)NC)C[C@@H]1O,0.33518434,-5.781,0.17886288,0
ZINC000335776531,CC1=CCN(C(=O)c2cnn(C)c2)CC1,0.3747383,-6.997,0.13079678,0
ZINC000454206750,CN(C[C@H]1CC=CCC1)C(=O)C(=O)c1ccc[nH]1,0.5146659,-7.775,0.3270975,0
ZINC000531384772,CCC1(C(=O)N[C@@H](C)Cc2ccsc2)CC1,0.5785557,-6.96,0.5383872,0
ZINC000629947878,O=C(CCc1cn[nH]c1)NCC1CCC1,0.43014646,-7.215,0.21789138,0
ZINC000631322380,O=C(NCCOC[C@@H]1CCCO1)C1CSC1,0.42120254,-6.121,0.31390974,0
ZINC000641248463,C[C@H]1CCN1C(=O)COCC(F)F,0.28106308,-5.271,0.12467465,0
ZINC000680694600,Cn1cnc(-c2nc(C3CCC3)no2)c1,0.53930295,-7.374,0.41759035,0
ZINC000733478355,C[C@H]1CCC[C@@H](CC(=O)OCCCCO)C1,0.38307238,-6.849,0.16269232,0
ZINC000778448556,C=C(COC(=O)c1ccncn1)C(=O)OCC,0.3618746,-6.668,0.13951875,0
ZINC000814551120,C=C[C@H](O)C(=O)OCC(=O)NC1CCCC1,0.47807908,-6.526,0.384472,0
ZINC000864452128,C[C@H]1C[C@H]1NC(=N)NCCC1CCCC1,0.5709424,-6.885,0.5311032,0
ZINC000871655842,CC(C)(C)SCSc1cnccn1,0.3387535,-5.606,0.20412654,0
ZINC000914736199,O=C(/C=C/c1cccs1)NCC1CCCC1,0.6327856,-7.965,0.541329,0
ZINC001164019190,O=C1CN(c2ccnc3ccnn32)CCC[C@H]1F,0.51727813,-8.371,0.27031025,0
ZINC001187366471,O=C(Nc1ccc2nn[nH]c2c1)[C@@H]1CCC=N1,0.48483828,-8.218,0.22195612,0
ZINC001224573132,C[C@H](OCCS(=O)(=O)O)c1cccnc1F,0.37895203,-6.678,0.17230794,0
ZINC001239785955,NCc1cncc(-c2ccc3sccc3n2)c1,0.75613225,-8.459,0.73430985,0
ZINC001249039020,NC(=O)[C@H]1C[C@@H]1c1nc(-c2ccccc2F)no1,0.60826254,-8.706,0.4157145,0
ZINC001250440713,Nc1cc(C(F)(F)F)c(-c2cnccn2)cn1,0.43490636,-7.67,0.1800172,0
ZINC001343419474,C#C[C@@H](C)OC(=O)c1cn(CCC)nc1C,0.4561775,-7.456,0.24440148,0
ZINC001594995694,O=C(O)CCC(=O)N1CC[C@H]1C(F)(F)F,0.29326004,-6.28,0.04393712,0
ZINC000047843881,CC(C)(C)n1ncc2c1N=C(Cl)NC2,0.50722617,-6.551,0.43961066,0
ZINC000100020159,Oc1ccc(/N=N/c2ccccn2)c(O)c1,0.47397602,-8.152,0.20730054,0
ZINC000124285810,CCC(C)(CC)NCc1cncs1,0.40908045,-5.742,0.3292989,0
ZINC000307987956,CC[C@H](C(=O)OC)N(C)CC#N,0.38064396,-4.954,0.35489157,0
ZINC000343252591,CN(c1ccnc2ccsc21)[C@@H]1CCCOC1,0.51225215,-7.079,0.39467424,0
ZINC000408259143,CC(=O)NC1CN(C(=O)c2cc(C)n(C)n2)C1,0.37588432,-7.127,0.11955179,0
ZINC000624723998,C[C@@H]1C[C@H](CO)CCN1c1nnc(C(F)F)o1,0.4053833,-7.569,0.13203493,0
ZINC000639183293,Cc1nnsc1CN[C@H](C)CF,0.4295111,-5.633,0.38110214,0
ZINC000639865870,O=C(N[C@@H]1CCSC1)c1cnc(C2CC2)o1,0.4282719,-6.829,0.25430775,0
ZINC000649476850,CCn1ccc(CC(=O)Nc2ccc(C)cc2)n1,0.570002,-8.221,0.39034593,0
ZINC000673864168,CNC(=O)Nc1cnn(-c2ccncc2)c1,0.5701224,-6.963,0.52136976,0
ZINC000777774421,COC(=O)[C@H]1CCN([C@@H](C)C2CC2)C1,0.43092167,-6.122,0.3330585,0
ZINC000794998580,C=CCNN=Cc1ccc(OCC)cc1O,0.42671233,-7.034,0.229906,0
ZINC000812874955,O=C1CC[C@@H](N2CC[C@@H](n3cccn3)C2)C(=O)N1,0.59195375,-7.835,0.47395992,0
ZINC000835171569,Cc1cccc([C@H](C)OC(=O)[C@H]2CC2(F)F)c1,0.50535756,-8.552,0.22787942,0
ZINC000865353964,O=c1onc(-c2ncccn2)n1CCCC1CC1,0.4353696,-7.521,0.19642536,0
ZINC000897454755,C#Cc1ccc(C(=O)NOC2CCCCC2)cc1,0.7005176,-8.783,0.5904583,0
ZINC000901142404,O=C(CCF)N(CCO)Cc1cccnc1,0.46429214,-6.004,0.41143,0
ZINC001161779616,C[C@@H](O)[C@@H](CO)Nc1cccc(C(F)F)c1,0.44888777,-7.328,0.24326843,0
ZINC001170147548,C[C@@H]1CC[C@@H](N2CC[C@H](COCC3CC3)C2)C1,0.6300064,-7.641,0.5695076,0
ZINC001193931147,COC(=O)N/C(C)=C\C(=O)C(F)(F)F,0.42297354,-6.38,0.29049152,0
ZINC001226796345,C[C@@H]1CCC[C@H](Oc2cccc[n+]2[O-])C1,0.41522756,-8.09,0.097370885,0
ZINC001241176276,CSc1cc(C)c(-c2ccnc(N)c2)cn1,0.6045154,-7.5,0.533671,0
ZINC001358068124,C[C@H](C#N)COC(=O)c1cccc2c1OCC2,0.5204003,-8.386,0.27493548,0
ZINC000012370550,NCc1ccc(-c2ncccn2)cc1,0.5965643,-7.453,0.5228069,0
ZINC000042335757,Cc1ccc(NC2CCS(=O)CC2)cc1F,0.6246423,-7.975,0.52415824,0
ZINC000044234895,CCOc1cc(F)ccc1NC(=S)NC,0.46911284,-6.004,0.42097938,0
ZINC000096480611,CCOc1cncc(NC2CC=CC2)n1,0.41938972,-6.64,0.25636196,0
ZINC000097932653,CN(C)C1(CNc2ccc(C#N)cc2F)CCC1,0.706152,-8.251,0.6569278,0
ZINC000169619602,O=C(/C=C\c1ccco1)c1cccc(F)c1O,0.50529414,-8.268,0.2572792,0
ZINC000260042310,CNC(=O)NCc1ccc(C(=O)OC)o1,0.3421242,-6.275,0.14125243,0
ZINC000290575017,CO[C@H](C)[C@@H](C)Nc1nc(C)ns1,0.3151751,-5.857,0.13132516,0
ZINC000335165250,C[C@@H]1C[C@@H](C)N1S(=O)(=O)CCC1CCC1,0.37072405,-7.266,0.09487892,0
ZINC000335267191,Cc1nc(C(=O)N[C@H]2C[C@]2(C)C(C)C)no1,0.595568,-7.597,0.5058626,0
ZINC000353452832,COc1cc(CNC(=O)C[C@H]2C[C@H]2C)ccc1C,0.75365174,-8.874,0.6862516,0
ZINC000359544720,O=c1sccn1CCCC1CCCC1,0.6090458,-7.113,0.58287895,0
ZINC000450757611,N#CC1(CN[C@@H](CCO)c2ccco2)CCC1,0.41659197,-7.041,0.20913073,0
ZINC000529467854,C=CCONC(=O)[C@@H]1C[C@]1(C)Br,0.32291394,-5.789,0.15372461,0
ZINC000573087048,C=CCCCCNC(=O)NC1(CF)CCC1,0.4595352,-6.912,0.3076086,0
ZINC000581983153,CCO[C@@H]1C[C@H]1NC(=O)c1c(O)cccc1O,0.51767534,-7.177,0.3952288,0
ZINC000624182278,CC[C@@H]1CN(c2nc(=N)[nH]c(=N)[nH]2)CCCO1,0.47854996,-7.372,0.29745218,0
ZINC000650783784,CC[C@@H](C)CC(=O)N[C@H](C)c1cnccn1,0.48586416,-6.801,0.37130377,0
ZINC000830610842,Cc1ccnc(NN=C2CN(C(=O)O)C2)c1,0.55419,-7.495,0.4345007,0
ZINC000847816518,CC[C@H](C)CC(=O)O[C@H](C)c1cscn1,0.39060476,-6.709,0.19216815,0
ZINC000874668387,Cc1nccnc1[C@@H](C)NC(=O)c1ccco1,0.43736562,-7.388,0.21420631,0
ZINC000896484531,FC(F)CCc1nc(-c2cnc[nH]2)no1,0.39936364,-6.734,0.2069196,0
ZINC000896934484,Cc1c[nH]c(-c2noc([C@H]3CCO[C@@H](C)C3)n2)n1,0.50598186,-8.411,0.24377486,0
ZINC000905229431,O=[S@](C/C=C/Cl)CC1CCCC1,0.32937858,-5.996,0.14501013,0
ZINC001176131026,COc1cc(CO)cc(Nc2ccc(O)nc2)c1,0.5086454,-7.718,0.32109737,0
ZINC001228938287,COC[C@H](C)Oc1cnncc1Cl,0.3756111,-5.535,0.2845195,0
ZINC001343018004,Cc1cc(COC(=O)[C@@H]2[C@@H](C)C2(F)F)ncn1,0.44967458,-7.515,0.22538598,0
ZINC000006506083,O=C(Cc1ccc(Cl)cc1)Nc1nnn[nH]1,0.4797621,-7.94,0.2408024,0
ZINC000035603537,C[C@@H](CO)NCc1ccc([C@@H]2C[C@@H]2C)o1,0.4818585,-7.253,0.31637764,0
ZINC000051781822,CC[C@H](C)Oc1cccc(NC(=O)C(=O)O)c1,0.50051355,-7.379,0.34023237,0
ZINC000124595559,CCOC(=O)CN1[C@H](C)CC[C@@H]1CC,0.39927265,-6.114,0.27119634,0
ZINC000167622271,C=C(C)CNc1ccncn1,0.38604555,-6.08,0.24852937,0
ZINC000238857297,CCn1nc(C)c(C(=O)O)c1F,0.45056072,-6.304,0.35304043,0
ZINC000283491716,CCN(C)C(=O)c1cc([N+](=O)[O-])c(F)cc1N,0.51596653,-6.899,0.4207455,0
ZINC000328460831,CCc1nc(CN(C)[C@@H](C)CC(=O)O)cs1,0.52035064,-6.727,0.44731158,0
ZINC000416298954,Cc1ncc(C(=O)NCC2(N(C)C)CC2)s1,0.4998908,-5.973,0.48517054,0
ZINC000656531426,CCOCCOC1CN(CC2CC2)C1,0.3617743,-5.505,0.26022893,0
ZINC000685034994,CCCN(CC)Cc1nnn(C)n1,0.51550084,-5.736,0.54073185,0
ZINC000792528484,C[C@H]1C[C@H](C)N1C(=O)c1csc(C=O)c1,0.36484352,-6.678,0.14436029,0
ZINC000821823560,CCC[C@H](CC)C(=O)N1CCCO1,0.5476807,-5.917,0.58565986,0
ZINC000842452897,CN1C(=O)CC[C@@H]1C(=O)OCCc1ccco1,0.46534228,-7.752,0.23178303,0
ZINC000844457546,C=C(CC)CN1C[C@H]2[C@@H](C1)C2(F)F,0.3928955,-6.35,0.23402852,0
ZINC000866118475,Cc1cnc(NC(=O)NC[C@H]2COCO2)s1,0.49574742,-6.647,0.4068919,0
ZINC000922393338,CC[C@H](OC)C(=O)OC[C@@H]1C[C@H]1CC,0.31395638,-5.833,0.13140616,0
ZINC001228784002,COC(=O)c1ccnnc1O[C@H](C)C1CC1,0.47254702,-6.636,0.3620776,0
ZINC001241257155,COC(=O)c1cnc(-c2cc(O)cc(F)c2)cn1,0.57875544,-7.677,0.4642415,0
ZINC001262390780,CC(C)=CCCn1nnnc1N1C[C@@H]2C[C@@H]2C1,0.45992061,-8.03,0.19214152,0
ZINC001469111444,N#CC1(CNC(=O)c2ccc(C=O)[nH]2)CCC1,0.44727373,-7.68,0.2034762,0
ZINC000018739354,Cn1ncc2c1CC[C@H]2N,0.5304741,-5.93,0.55022377,0
ZINC000228169723,Cc1noc(C)c1CN1CC[C@H]([C@H](C)O)C1,0.4869935,-7.228,0.3291487,0
ZINC000294257241,O=C(NCc1ncn(-c2ccccc2)n1)C1CC1,0.49169415,-8.162,0.2413589,0
ZINC000527532310,c1nscc1-c1cnc(C2CC2)o1,0.5442558,-6.662,0.5014231,0
ZINC000566686671,CN(Cc1cnc[nH]1)[C@@H]1CCC(=O)N(C)C1,0.5093844,-6.76,0.4221577,0
ZINC000594592925,N#Cc1nc(=N[C@H]2CC23CC3)cc[nH]1,0.4576219,-7.31,0.26244128,0
ZINC000635347663,C[C@@H](Cn1cncn1)NC(=O)[C@H]1C[C@@H](O)C1,0.46425092,-7.272,0.27952337,0
ZINC000775941899,CC(=O)[C@@H](C)OC(=O)c1ccn(C(F)F)n1,0.41184923,-7.009,0.20306261,0
ZINC000800794085,Cn1cnc(/C=C2\CCc3sccc3C2=O)c1,0.6054855,-7.55,0.5303946,0
ZINC000801846850,CC(C(=O)OCCO[C@H](C)C#N)=C1CCCC1,0.57285696,-7.422,0.47906762,0
ZINC000828992893,C[C@@H]1CC[C@](CO)(N(C)CC[S@](C)=O)C1,0.5292512,-6.329,0.5063201,0
ZINC000908333492,C=C=CCNC(=O)c1ccc(C)nc1NC,0.5479812,-7.293,0.44320223,0
ZINC000922289946,Cc1cc(CNc2ncccc2CO)c(C)s1,0.45570648,-6.879,0.303455,0
ZINC000926025098,Cc1ccc(C)c(N[C@@H](C)c2ncco2)c1,0.67191726,-7.671,0.64941037,0
ZINC001250531032,CCn1ccnc1-c1nc2cc(F)ccc2[nH]1,0.54913,-7.574,0.41626436,0
ZINC001332223136,COc1c[nH]nc1NC(=O)[C@H]1CCO[C@H](C)C1,0.37727973,-6.882,0.14778686,0
ZINC001334006182,c1n[nH]cc1-c1nnc(NCC2CCC2)o1,0.6646009,-7.106,0.6936564,0
ZINC001579506220,C[C@H]1NCC[C@@H]1NCc1ncnn1C,0.34217635,-6.257,0.14322707,0
ZINC000070707062,Cc1[nH]ncc1C(=O)N(C)CCCN(C)C,0.45126295,-5.876,0.3989276,0
ZINC000072324006,Nc1nc(-c2ccc(O)cc2O)n[nH]1,0.49593282,-7.362,0.33292565,0
ZINC000285751030,CC[C@@H](C)C(=O)NCCCc1cccc(C)n1,0.5651178,-7.86,0.4182012,0
ZINC000308560484,CCC1(C(=O)N[C@@H](CO)C(=O)O)CC1,0.34167367,-6.137,0.15470687,0
ZINC000356607921,COC1(C)CN(C(=O)c2cnn(C)c2C#N)C1,0.5114256,-7.171,0.38347244,0
ZINC000362949349,CCC[C@H](NC(=O)CCCC#N)c1nn[nH]n1,0.35089898,-6.626,0.122143514,0
ZINC000378858982,COC[C@H]1CCN1C[C@@H]1CC1(Cl)Cl,0.5392735,-5.537,0.6085119,0
ZINC000397778550,C[C@@H](CCO)CCNC(=O)c1ccc(Cl)o1,0.40209526,-7.191,0.16481963,0
ZINC000488448513,COc1ncccc1CN(C)Cc1ccon1,0.6131992,-6.643,0.639969,0
ZINC000527785634,Cn1cccc1CNC(=O)NCC12CC(C1)CO2,0.5516241,-7.742,0.4037392,0
ZINC000621449850,CC1CC(CNC(=O)NCCC2(C)CC2)C1,0.5404114,-7.316,0.42581606,0
ZINC000622868329,NC(=O)c1nn[nH]c1NC(=O)[C@H]1C[C@H]2C[C@H]2C1,0.4347643,-8.032,0.14210124,0
ZINC000676894883,CC[C@@H](C)OCC(=O)N1CCC[C@@H]1C,0.36691004,-6.333,0.1843211,0
ZINC000768716237,COc1cc(C(=O)Nc2ccnc(CO)c2)on1,0.43526778,-7.455,0.20308517,0
ZINC000785061741,Cc1ccnc(COC(=O)/C=C\C(C)C)c1,0.49752396,-7.171,0.35593447,0
ZINC000827027613,CC(C)OC[C@H](O)CN1CC[C@@](F)(C(=O)O)C1,0.4363959,-6.471,0.3076194,0
ZINC000830070010,O=C(Cn1ccc2ccc(F)cc21)OCCF,0.45434353,-7.616,0.22413447,0
ZINC000851790044,CC[C@]1(C)CCCN(C[C@H]2CCC(=O)O2)C1,0.46852553,-7.525,0.26168835,0
ZINC000882130988,CC(=O)CSCN(C)C(=O)C(C)C,0.26799858,-5.539,0.07093301,0
ZINC000894005145,COCCN(Cc1ocnc1C)[C@@H](C)C(N)=O,0.34388027,-5.807,0.19338566,0
ZINC000894200166,CO[C@H](CNCc1cnc[nH]1)c1ccccc1,0.55308497,-6.704,0.5145465,0
ZINC001193935594,COC(=O)NCC(=O)c1cc(F)ccc1F,0.45718014,-7.344,0.2580315,0
ZINC001200896289,CC(C)(C)NC(=S)N1CC(F)(C2CC2)C1,0.51332927,-6.429,0.4643839,0
ZINC001206322489,Cn1nccc1CN1CC[C@@H](CF)C(F)(F)C1,0.41204706,-7.393,0.16353276,0
ZINC001222726760,c1cc(CO[C@@H]2CCn3ccnc32)on1,0.37216103,-6.587,0.16831625,0
ZINC001224243615,COC[C@H](C)OCc1nc(-c2ccncc2)no1,0.5275273,-6.992,0.43397772,0
ZINC001226138510,COc1cccnc1OC1CC=CC1,0.37592074,-6.638,0.1704618,0
ZINC001239823268,Cc1ncccc1-c1ccc(N)nc1F,0.554544,-7.754,0.40827554,0
ZINC001249922250,CCC(=O)Cc1ccn(C(=O)OC(C)(C)C)n1,0.48153663,-6.857,0.3569094,0
ZINC001333140396,C1[C@@H](c2nnc([C@H]3CCCO3)o2)[C@@]12CCOC2,0.47844836,-8.226,0.20846662,0
ZINC001474277690,c1cc(CNCc2noc3c2COCC3)no1,0.52072036,-7.294,0.38909706,0
ZINC001569633604,C[C@H](C#N)C(=O)N[C@]1(C)CCN(CCCF)C1,0.43092448,-6.864,0.25592357,0
ZINC001594508295,C[C@@H]1CN(C[C@@H]2[C@H](C(=O)O)C2(F)F)[C@H](C)CO1,0.4867707,-7.541,0.296167,0
ZINC001627441933,C[C@@H]1CCN(C(=O)Nc2c[nH]c3nccc-3c2)C1,0.6142184,-8.401,0.45922118,0
ZINC000000300135,Cc1ccc(CNCc2ccco2)cc1,0.45986548,-7.515,0.24557324,0
ZINC000078294036,CCS(=O)(=O)Oc1ccc(F)cc1C(C)=O,0.40115094,-7.511,0.12968087,0
ZINC000079468609,c1coc(CCNc2nccn3cnnc23)c1,0.58821285,-7.165,0.5362047,0
ZINC000126615764,C=CCCOC(=O)/C=C/c1ccccc1,0.5130449,-7.48,0.35455546,0
ZINC000133501842,COCc1cccc(C(=O)N[C@H]2CCC[C@@H]2O)c1,0.46322638,-8.431,0.15700082,0
ZINC000254579316,COC(=O)N1[C@H]2C[C@H]2[C@H]2C=C[C@H]21,0.3445995,-6.026,0.17204252,0
ZINC000288568814,C[C@@H]1C[C@@H](NC(=O)c2cc[nH]n2)C(=O)O1,0.36297834,-6.831,0.12475922,0
ZINC000305725917,O=C(c1cccc(F)c1)N1CCC[C@@H]1CCO,0.49075672,-7.977,0.2587351,0
ZINC000335016771,CNC(=O)Nc1cccc2c1OCC(=O)N2,0.48075604,-7.627,0.2753117,0
ZINC000378839306,CO[C@H](CNc1cc(O)nc(C)n1)C1CC1,0.49132708,-6.703,0.39231366,0
ZINC000384722020,C[C@H](CC(C)(C)O)NC(=O)OCC(F)(F)F,0.30354834,-6.212,0.07138682,0
ZINC000652409700,C[C@@H]1C[C@H]1C(=O)NC(C)(C)c1ncc[nH]1,0.56980914,-6.787,0.53904665,0
ZINC000677133402,COCC#CCN1CCC[C@@H]1CO,0.44059864,-6.132,0.35118806,0
ZINC000677699107,C[C@H](O)[C@H]1CCCN(CCc2cnn(C)c2)C1,0.45069346,-7.582,0.22043876,0
ZINC000720587267,C[C@H](CCO)SC[C@@H]1C[C@H]2CCC[C@@H]2O1,0.36260164,-6.708,0.13680042,0
ZINC000752855180,C#CCCN(C)Cc1csc2ccccc12,0.66130495,-7.605,0.6352499,0
ZINC000776583612,COc1ccc(O)c(C(=O)NOCCO)c1,0.49163932,-6.895,0.3729713,0
ZINC000855852316,CC1=NO[C@H](C(=O)N(C)Cc2cn(C)nn2)C1,0.40654033,-6.919,0.2019028,0
ZINC000897360039,C#C[C@@H]1CCCCN1c1ccccn1,0.40356663,-7.328,0.15349135,0
ZINC000914254574,O=C(NCCc1ccncc1)O[C@H]1CCOC1,0.4491965,-7.286,0.24824645,0
ZINC001166822316,CCc1cn(C[C@H]2CC[C@H](C3CC3)O2)cn1,0.4095939,-7.027,0.1967237,0
ZINC001234094618,Cc1cnc(O[C@H]2CCc3ccccc3C2)[nH]1,0.66298425,-8.884,0.50560784,0
ZINC001239573364,COC(=O)c1ccncc1-c1c(F)cccc1F,0.47657236,-7.792,0.24987029,0
ZINC001548506753,C[C@@H](C1CC1)N(C)c1nc(C2CCC2)no1,0.5482109,-7.661,0.40539896,0
ZINC000002389323,CCOc1ccc(OCC)c(C=O)c1,0.4321742,-6.469,0.29946452,0
ZINC000013223185,NC(=O)N(c1ccccc1)c1ccccn1,0.43759063,-7.673,0.18502262,0
ZINC000079155638,C#C[C@@H](C)OC(=O)[C@@H](C)c1ccc(Cl)s1,0.41823843,-6.624,0.25574476,0
ZINC000114762768,CNc1cc(C)c(Br)c(C)c1,0.6598434,-6.147,0.78393257,0
ZINC000172180932,CCO[C@@H]1C[C@H]1C(=O)OCCCOC(C)C,0.3376391,-6.006,0.16033389,0
ZINC000192414008,Cc1ccc(N2C(=O)NC(C)(C)C2=O)s1,0.4568987,-7.353,0.25653824,0
ZINC000214502461,O=C(O)[C@@H]1COCCN1C/C=C\Cl,0.45586297,-6.243,0.3698854,0
ZINC000230808211,CC1=CCCN(C(=O)C[C@@H](C)CC(=O)O)C1,0.3947039,-7.325,0.13624701,0
ZINC000270799321,C=CCN(CC(F)(F)F)C(=O)C1CC(=O)C1,0.32893208,-6.55,0.08653026,0
ZINC000340286336,COC[C@@H]1CN([C@H]2COC[C@H]2O)CCO1,0.42460337,-5.722,0.3621277,0
ZINC000349958040,CCCN(C)CC(=O)Nc1cccc(O)c1,0.7061065,-6.928,0.7943805,0
ZINC000398971021,Cc1cc(=NC[C@@H](O)C2CCC2)c(C#N)c[nH]1,0.54074544,-8.196,0.33499032,0
ZINC000495944748,CCc1nnc(CNC(=O)OCC2CC2)s1,0.4322403,-6.776,0.26767883,0
ZINC000527904311,CC[C@](C)(CN[C@H](C)[C@@H]1CC12CC2)OC,0.34089875,-6.189,0.14776576,0
ZINC000625769909,FC1(F)CCCN(Cc2ccon2)CC1,0.41183838,-6.97,0.20709567,0
ZINC000652907031,C[C@H](COCC1CC1)NC(=O)c1ccc[nH]1,0.45966744,-6.544,0.3461289,0
ZINC000678312302,Cc1cnc(N2C[C@H](O)C[C@H]2CO)nc1,0.40090004,-7.269,0.15434292,0
ZINC000838385655,C[C@@H](C(=O)OCc1ccc(F)cn1)C1CCC1,0.4996865,-8.027,0.27122608,0
ZINC000869889065,C[C@@H]1C[C@@H]1[C@H]1C[C@H]1C(=O)OCCCO,0.34338108,-6.117,0.16016832,0
ZINC000901241690,C/C=C\[C@H](O)C(=O)N1C[C@H](O)[C@H](CC)C1,0.43803144,-7.014,0.25440735,0
ZINC001005555542,CC(=O)N[C@@H](C)C1CN(C(=O)C(C)C)C1,0.37473822,-6.396,0.19327831,0
ZINC001234636532,C[C@@H](CON)Oc1ccccc1-c1ccon1,0.48132515,-7.639,0.2751915,0
ZINC000012652580,Cc1nnc2[nH]c(=O)c3ccccc3n12,0.4705772,-7.934,0.2232317,0
ZINC000041042282,Cc1cccc(C(=O)OCC#N)c1N,0.4999589,-7.014,0.37708005,0
ZINC000059927467,Nc1cc(F)ccc1C(=O)NC1CC1,0.5101845,-7.083,0.39016265,0
ZINC000074649899,Cc1ncsc1C(=O)N1CCCCC[C@@H]1C,0.4360631,-7.549,0.19488814,0
ZINC000169800328,O=Cc1c(F)cc(F)cc1[N+](=O)[O-],0.45569736,-6.692,0.32287803,0
ZINC000228292621,C#CCN1CCC(Nc2cccc(F)n2)CC1,0.7231657,-7.922,0.7248341,0
ZINC000307059021,O=S(=O)(C1CC1)N1CCCOCC1,0.33170334,-6.378,0.10990144,0
ZINC000308539288,CC(C)(O)CNS(=O)(=O)c1ncc[nH]1,0.30535015,-5.764,0.12153141,0
ZINC000309584061,c1cn2cc(NCCC3CCC3)ncc2n1,0.49206537,-7.236,0.33836395,0
ZINC000336386976,C[C@H](CC#N)NC(=O)[C@H]1CC=CCC1,0.41180167,-7.33,0.16959631,0
ZINC000336712490,CCOC[C@H](O)CNC(=O)c1ccc(O)nc1,0.4578435,-6.701,0.3261937,0
ZINC000382144321,C[C@@H](CCc1ccco1)NCC(C)(F)F,0.6910704,-6.73,0.78518,0
ZINC000394073414,COC[C@@]1(C(=O)NCc2ccccn2)CCNC1,0.4852518,-7.378,0.31010413,0
ZINC000431257084,CCCCCNC(=O)c1cc(C)cc(O)n1,0.42467412,-7.45,0.1826199,0
ZINC000596232738,N#Cc1nc(N2CCOCCN2)sc1Cl,0.65727526,-6.734,0.7178191,0
ZINC000603418592,N#Cc1nc(=NC[C@H]2CSCCN2)cc[nH]1,0.5539927,-6.427,0.5451423,0
ZINC000630402207,O=C(NCc1ccccn1)C1CS(=O)(=O)C1,0.3686564,-7.689,0.04680677,0
ZINC000641083162,CC(C)[C@@H](O)Cn1cc(C2CC2)nn1,0.41916892,-6.651,0.25478095,0
ZINC000669031712,C=C[C@H](O)C(=O)N1CC[C@@H](COC)C1,0.4722177,-6.046,0.42276335,0
ZINC000798515696,C=CCCC(=O)OCc1nnc2ccccc2n1,0.45782092,-7.771,0.21490861,0
ZINC000893357774,C[C@H](CC#N)C(=O)NCC1(C)CC(F)(F)C1,0.4809907,-7.914,0.24593917,0
ZINC000899730859,N=C(O)OCc1cn(CCN2CCCC2)nn1,0.3879396,-6.575,0.2008197,0
ZINC000913308810,Cc1ccc(C(=O)NC2CC(CO)(CO)C2)o1,0.39172783,-7.407,0.12182673,0
ZINC000920354901,C[C@@H](C(=O)C1CC1)n1nnc(-c2cscn2)n1,0.4540213,-7.247,0.2618585,0
ZINC001219865220,NCC[C@H](N)C(=O)NC[C@@H](O)CO,0.34407607,-4.961,0.28172618,0
ZINC001241105817,Cc1nc(-c2cccnc2O)ncc1F,0.5951554,-7.729,0.49132228,0
ZINC001256749810,C[C@H]1C[C@@H]1c1nnc(-c2cc(CO)ccc2F)o1,0.61923814,-8.945,0.412609,0
ZINC000000133055,O=C(O)[C@@H]1CC(=O)c2ccccc21,0.51585627,-7.537,0.35419875,0
ZINC000000360269,Cn1cccc1CNC[C@H]1CCCO1,0.34631988,-6.495,0.12669188,0
ZINC000042795536,CS[C@H](C)C(=O)N1C[C@H](C)C[C@H](C)C1,0.5514296,-6.486,0.5339313,0
ZINC000049806074,CCCCNC(=O)[C@H](C)CC(N)=O,0.34726065,-6.222,0.1569373,0
ZINC000054029388,O=C(NCc1ccncc1)NC1CCCCCC1,0.55752337,-8.535,0.3329825,0
ZINC000054860824,CC(C)N1CC[C@H](CNCc2cn(C)nn2)C1,0.44487825,-6.733,0.29718387,0
ZINC000066971256,COCc1ccc(CNCc2cc[nH]n2)cc1,0.6084111,-7.212,0.57132936,0
ZINC000075563152,COc1cc(Cl)cc(NN)c1,0.57856077,-5.75,0.6641923,0
ZINC000157591159,COC(C)(C)CNc1cc(C#N)cc(C)n1,0.56176853,-6.751,0.52686155,0
ZINC000272144418,C[C@@H](NC(=O)c1ccccc1)[C@@H]1CCCCO1,0.5213087,-8.406,0.2746557,0
ZINC000336681730,C[C@H](O)CCCN1CCNC(=O)CC1,0.39623988,-6.567,0.21809353,0
ZINC000355516263,CS(=O)(=O)Cc1noc(/C=C/C2CCC2)n1,0.4119688,-7.359,0.16691247,0
ZINC000366623015,FCCNC1CCN(Cc2cscn2)CC1,0.46022633,-6.232,0.3796724,0
ZINC000422712496,C[C@H](N)C[C@H](C)NCCN1CCSCC1,0.43823576,-5.875,0.37322587,0
ZINC000454146975,CC(C)CNC(=O)NC[C@H]1CCCC1(F)F,0.45514053,-7.33,0.25544664,0
ZINC000492864818,COC(=O)NCC(=O)N1CCOC[C@H]1C#N,0.30590218,-6.09,0.08873305,0
ZINC000531380788,CC(=O)CS[C@H](C)c1ccccc1[N+](=O)[O-],0.55683273,-6.973,0.49400446,0
ZINC000637985369,C[C@@]1(C(=O)NCC(F)F)CNCCO1,0.36662617,-6.137,0.2041355,0
ZINC000668074848,CNC(=O)CCN(C)C(=O)[C@@H]1CC(=O)N1,0.3209305,-6.263,0.10051718,0
ZINC000720941123,Cn1c2ccncc2nc1NC[C@H]1C[C@@H](O)C1,0.4698964,-7.02,0.3169052,0
ZINC000733950352,COc1ncc(C(=O)NCc2nc(C)no2)cn1,0.40518683,-7.245,0.16532974,0
ZINC000760067898,C#CCNC(=O)c1ncc(F)cc1F,0.48102048,-7.21,0.31918803,0
ZINC000776416730,C=CCNC(=O)COC(=O)[C@@H]1CCO[C@H](C)C1,0.5289742,-6.487,0.4893452,0
ZINC000803450020,O=C(OCCF)c1cc(Cl)ncc1Cl,0.41146746,-6.449,0.2605256,0
ZINC000809230691,Cc1ccccc1COC(=O)c1cncs1,0.5032745,-7.846,0.2971508,0
ZINC000851747331,Cc1cc(CN2CCCNC(=O)C2)n(C)n1,0.48794577,-7.16,0.33810455,0
ZINC000851919533,Cc1cn2c(n1)CN(C[C@H]1CCC(=O)O1)CC2,0.6154005,-7.59,0.5458768,0
ZINC000895804954,CC1=C[C@H](C)C[C@H](CN[C@H]2CCOC2=O)C1,0.584336,-7.687,0.47425637,0
ZINC000906537699,CCCCN[C@H]1CCS[C@@H](C)C1,0.54588443,-5.598,0.61526585,0
ZINC001211215138,Nc1cn(-c2ccc(F)c(O)c2)nc1Cl,0.5259512,-7.283,0.4006024,0
ZINC001211298585,COc1cccc(Nc2cnc(OC)cc2C)n1,0.49875367,-7.782,0.2948491,0
ZINC001223352183,O=C1OCCC[C@@H]1OCc1nccs1,0.48845157,-5.931,0.4668769,0
ZINC001250034775,CCOc1ncc(C2CC2)cc1F,0.4544674,-6.723,0.31721872,0
ZINC001333466081,C[C@H](C(=O)NCc1ccco1)N1C[C@@H]2C[C@@H]2C1,0.4612189,-7.494,0.25043744,0
ZINC001339463370,FCC[C@H]1CCCN(c2ccncc2)C1,0.4218154,-7.199,0.20305173,0
ZINC001569136906,CSCCCCC(=O)N1CC[C@H](O)[C@@H]1C,0.35048598,-6.348,0.15022705,0
ZINC000038234509,CC(=O)COC(=O)c1ccccn1,0.3810951,-6.283,0.21761855,0
ZINC000174903484,CSCCCOC(=O)c1oc(C)nc1C,0.55031997,-5.639,0.6197897,0
ZINC000378805349,Nc1cccc(F)c1CN1CCC[C@H](O)CC1,0.5488392,-7.479,0.42556483,0
ZINC000640379376,O=C(CC1CCC1)Nc1cccc2nn[nH]c21,0.52155197,-8.447,0.27087507,0
ZINC000654090817,COCC1(CNC(=O)CCC(F)F)CC1,0.35417888,-6.558,0.13571016,0
ZINC000663558980,O=C(NCc1ccc(O)cc1)N1CC[C@@H]2C[C@@H]2C1,0.6827589,-8.696,0.56432474,0
ZINC000679256358,C[C@H]1CCN(C(=O)Cc2cc[nH]n2)C[C@@H]1F,0.4268845,-7.372,0.19510758,0
ZINC000726909525,CNC(=S)Nc1cccc([C@@H](C)OC)c1,0.58111507,-6.72,0.56840813,0
ZINC000739329802,CCC/C=C\C(=O)O[C@H]1CCN(C(=O)O)C1,0.44762313,-6.868,0.28858623,0
ZINC000744096397,C/C(=C/C(=O)OCc1noc(C)n1)C(C)(C)C,0.49398866,-7.258,0.3398866,0
ZINC000769659753,Cc1cc(OCCCC#N)nnc1C,0.649147,-7.032,0.6707368,0
ZINC000783702172,C[C@@H]1CCN(C(=O)/C=C/c2ccc[nH]2)C[C@@H]1F,0.45384002,-7.779,0.20619114,0
ZINC000794747926,Cc1nsc(C(=O)N[C@H]2CC[C@H](C)C2)n1,0.48033848,-7.327,0.3056734,0
ZINC000836881646,C[C@@H]1[C@@H](O)CCN1C(=O)/C=C/C1CC1,0.42485628,-7.027,0.22695704,0
ZINC000865732627,CC(C)c1nc(NCCC#N)c2ccnc-2[nH]1,0.5715718,-7.133,0.50656724,0
ZINC000886386917,CC[C@H](C)CNc1ccc2c(c1)NC(=O)C2,0.437154,-7.815,0.16939494,0
ZINC000897647111,C[C@H](C#N)C(=O)Nc1c[nH]nc1Cl,0.38444644,-6.282,0.2243612,0
ZINC000900786178,CC1(C)CCN1C(=O)c1ccnc2[nH]c(O)nc21,0.53192455,-8.011,0.33675006,0
ZINC000903315743,C[C@H](N[C@@H]1C[C@@H]2CCC[C@@H]12)c1cnn(C)n1,0.48876637,-7.641,0.28972393,0
ZINC001175617876,Cn1cc2cc(Nc3cccnn3)ccc2n1,0.603921,-8.197,0.46003142,0
ZINC001226411464,CCc1nc(C)ccc1O[C@@H]1COC[C@H]1F,0.48466903,-7.046,0.34346542,0
ZINC001230281470,C#CC(C#C)Oc1ccccc1CC#N,0.50105095,-7.628,0.31541008,0
ZINC001252558668,C=C[C@@](C)(O)CN1CC([C@H](C)OC)C1,0.38631397,-5.741,0.28430456,0
ZINC001608622835,O=C(O)[C@@H]1CCC[C@H]1NC[C@H]1CCC=CO1,0.42425328,-7.32,0.19530146,0
ZINC000002528354,COc1cc(OC(F)(F)F)ccc1CC#N,0.420186,-7.42,0.17684829,0
ZINC000040504122,c1cc2c(o1)CCC[C@@H]2NCc1cscn1,0.5555873,-6.762,0.5134735,0
ZINC000051576883,CC[C@H](C#N)C(=O)NCc1cccc(C)n1,0.42055118,-7.771,0.14108066,0
ZINC000084124230,C[C@H]1CNCCN1C(=O)CCC(F)(F)F,0.39928505,-6.545,0.22641289,0
ZINC000087511324,CC(C)Oc1ccccc1C(=O)C(C)C,0.4714178,-6.954,0.32678056,0
ZINC000093819717,C#CCN(Cc1cnnn1C)C1CCCC1,0.52804124,-7.357,0.39704937,0
ZINC000130751785,CCCCNC(=O)[C@H](C)N1CC[C@@H](N)C1,0.34235603,-6.71,0.096487805,0
ZINC000132360140,C[C@@H](NCc1ccnn1C)c1cncs1,0.529992,-6.469,0.4932326,0
ZINC000179798615,CONC(=O)C1(c2ccc(F)cc2F)CCC1,0.44317004,-8.253,0.13577645,0
ZINC000186521395,CCC[C@H](O)CNC(=O)C[C@@H]1C=CCCC1,0.41968542,-7.374,0.18063897,0
ZINC000228938334,C[C@H](O)CN1C[C@@H](CO)OC(C)(C)C1,0.3497591,-6.07,0.17768887,0
ZINC000334723028,O=C(NC1CCC1)c1cnc(C2CC2)nc1,0.4161353,-7.424,0.16840836,0
ZINC000398328849,O=C(Cc1cccc(F)c1)NCc1cnn[nH]1,0.4456024,-7.938,0.17334299,0
ZINC000414366412,Cc1ccc(CN(C)[C@@H](C)C2CC2)nn1,0.55370146,-6.753,0.5106735,0
ZINC000450825700,CN(CC[C@H]1CCCO1)Cc1cnns1,0.3904211,-6.166,0.24825618,0
ZINC000490022296,Cc1c(S(=O)(=O)NCCCCF)cnn1C,0.35794196,-6.278,0.17227407,0
ZINC000591032683,CC[C@@H]1CCC[C@@H]1N[C@H](C)CCC#N,0.5080348,-6.604,0.4357025,0
ZINC000602244540,N#CCCCCNC(=O)C(=O)NCC1CC=CC1,0.45922574,-7.795,0.21519637,0
ZINC000617305209,COCCOCC(=O)N[C@H](CO)C1CCC1,0.40057224,-5.895,0.2965386,0
ZINC000660333110,CC[C@]1(O)CCN(Cc2cc(OC)no2)C1,0.50306475,-6.833,0.40204972,0
ZINC000781868844,CCON(C)C(=O)CNC(=O)CC(F)(F)F,0.2958085,-6.155,0.061980765,0
ZINC000829848376,CC[C@H]1CCC[C@@H]1C(=O)N1CC=C(N)N1,0.49524462,-7.259,0.34227058,0
ZINC000839706459,O=C(Nc1ccc(F)nc1)[C@@H]1C[C@H]1[N+](=O)[O-],0.43708733,-7.351,0.2175017,0
ZINC000854870838,Cc1cccnc1/C=C\C(=O)N[C@@H](C#N)CO,0.57744735,-7.188,0.5124881,0
ZINC000858144327,O[C@H]1CCC[C@H](CNCc2ccnc(F)c2)C1,0.6333991,-8.304,0.50730085,0
ZINC000893898311,Cc1ncoc1C(=O)N1C[C@@H](C)Cn2nccc21,0.411071,-7.438,0.15692092,0
ZINC000909669496,C[C@H](O)C(=O)N1C[C@@H]2CCC[C@H]2[C@H]1C(=O)O,0.39379537,-7.647,0.100971214,0
ZINC000933895258,C=C/C=C/CCN1CCC[C@@H]1C1OCCO1,0.5100554,-6.952,0.4035261,0
ZINC001167340877,C=Cc1ccccc1NC1CC(=O)C1,0.5174735,-7.19,0.39347744,0
ZINC001205949123,CSc1ccc(F)cc1-c1nccc(C#N)n1,0.623705,-7.742,0.54652494,0
ZINC001226510113,Cc1[nH]nc(O[C@@H](C)C(F)(F)F)c1C,0.4071367,-7.026,0.19196019,0
ZINC001238865959,FC(F)n1cc(-c2ccn3ccnc3c2)cn1,0.5630745,-7.946,0.4052129,0
ZINC001475372347,CCCCNC(=O)N1CC[C@@H]2[C@H](C1)C2(F)F,0.34735158,-7.23,0.052322794,0
ZINC001584552901,CC(C)C(=O)N1CC[C@H]1CNC(=O)C(C)(F)F,0.37675488,-7.113,0.12273172,0
ZINC001594295534,C[C@H](CC(=O)O)OC(=O)[C@@H]1CC[C@@H](C)C1,0.32965538,-6.862,0.055526614,0
ZINC000000332747,O=Cc1sc2ccccc2c1Cl,0.5589327,-6.949,0.50065947,0
ZINC000003847829,COc1cc2c(cc1OC)C(=O)C2,0.4005278,-6.57,0.2262756,0
ZINC000005908197,CCOc1ccccc1CN[C@H](CC)CO,0.57867634,-6.619,0.5740775,0
ZINC000037346478,O=C(COCC(F)(F)F)c1ccccc1,0.43515083,-7.053,0.24464662,0
ZINC000067948904,Fc1ccc(Sc2ncccn2)cc1,0.44158083,-6.617,0.30271167,0
ZINC000172333503,CC[C@H](COC)NC(=O)Nc1nccs1,0.33680576,-5.523,0.2088972,0
ZINC000179014099,CC(C)c1nnnn1CC(=O)N[C@H]1CCOC1,0.3778141,-7.254,0.11017123,0
ZINC000308442115,CCN(C)C(=O)C1(NC(N)=O)CC1,0.3144021,-5.534,0.16337398,0
ZINC000382785552,CC[C@@H](N=c1ccc(C)n[nH]1)C1CCCC1,0.6610968,-7.852,0.60915875,0
ZINC000732515565,CCC(C)(C)C(=O)O[C@H](C)c1nc(C)no1,0.4955009,-7.05,0.36450648,0
ZINC000747543706,C[C@@H](NC(=O)N(C)C[C@H](C)O)C1CC1,0.34907296,-5.641,0.22092977,0
ZINC000749132359,O=C(CCn1cccc1)OCc1ccccc1,0.59650123,-7.902,0.47600263,0
ZINC000751005267,CC(C)(C)CNC(=S)NCC(F)(F)F,0.34451902,-5.672,0.20868601,0
ZINC000777783705,Cc1ccc(O)c(C(=O)Nn2ccccc2=O)c1,0.65367997,-8.402,0.537287,0
ZINC000830616605,C[C@H](CC#N)C(=O)N1CCc2ncccc21,0.4868802,-7.281,0.32341427,0
ZINC000835195622,C=CCCCOC(=O)[C@@H]1Cc2cccc(C)c2O1,0.6596432,-7.199,0.67416704,0
ZINC000890689857,COCCCOCC(=O)N1CC[C@H](O)[C@@H](F)C1,0.30932903,-6.304,0.07327326,0
ZINC001115882709,Cc1noc(C)c1COC(=O)c1cncnc1C,0.49033764,-7.356,0.32246593,0
ZINC001252106184,CCCC[C@H](O)CNCCc1noc(C)n1,0.35007665,-6.177,0.16719389,0
ZINC001327459583,CC(C)[C@@H](O)COC(=O)[C@H]1CCSC1,0.42507887,-6.383,0.29435012,0
ZINC000019435330,Cc1ccc(C(=O)NO)c(C)c1,0.499404,-7.327,0.34344047,0
ZINC000050131843,CC(=O)CCN1CCC(CO)CC1,0.40848657,-5.782,0.32396397,0
ZINC000155691067,O=C(c1nc2ccccc2s1)N1CCCO1,0.45957527,-7.689,0.22690877,0
ZINC000261536401,CCCSCC(=O)N[C@](C)(CC)C(=O)O,0.44744352,-5.978,0.38075745,0
ZINC000309045456,CC(C)(F)C(=O)N1CCC(C)(C#N)CC1,0.5941606,-7.787,0.4833218,0
ZINC000334295015,CC[C@@H]1CN(CC2(C#N)CC2)CCO1,0.4733557,-6.425,0.38561574,0
ZINC000340825129,COc1ccnc(NC(=O)c2cncs2)c1,0.50245184,-6.535,0.43181655,0
ZINC000549356451,O=C(CCn1ccnn1)N[C@H]1CC12CCCC2,0.43224543,-8.357,0.10332364,0
ZINC000639787281,Cc1ncc(CC(=O)NCCCC2CC2)o1,0.48225728,-6.793,0.36499056,0
ZINC000644267683,CCCS(=O)(=O)N1C[C@H]2[C@H](CO)[C@H]2C1,0.34729117,-6.339,0.14483409,0
ZINC000655689388,CCOCCn1cc(C2CCC2)cn1,0.35612407,-6.605,0.13467717,0
ZINC000684476513,C=CCOCCNC(=O)[C@H]1CCCC[C@@H]1CC,0.50995135,-6.96,0.4024882,0
ZINC000726988722,CCc1onc(C)c1C(=O)O[C@@H](CC)C(N)=O,0.5564762,-6.444,0.54829454,0
ZINC000755491162,C(=NNc1nncc2ccccc21)C1CC1,0.70083815,-8.23,0.6485847,0
ZINC000776014632,C=CCCC[C@@H](C)NC(=O)[C@H]1CSC(=O)N1,0.4978205,-6.557,0.42035514,0
ZINC000792841790,CSCCONC(=O)NCC(C)(C)C,0.32719225,-5.887,0.15201119,0
ZINC000846984422,C/C(=C\c1ccco1)C(=O)Nc1nnc(C)n1C,0.531815,-8.384,0.2977549,0
ZINC000865709414,O=C(CSC(F)F)NCc1nn[nH]n1,0.3108544,-5.774,0.1313952,0
ZINC000866017255,Cc1cccc2nc(SCCCO)sc21,0.50072217,-6.844,0.39626575,0
ZINC000872331263,S=C(NN=C1CC[C@@H]2C[C@H]12)NC1CC1,0.5693159,-6.745,0.542436,0
ZINC000891998592,O=C(NC[C@@H]1CCCN1)N1CCC(F)CC1,0.48662215,-7.139,0.33766583,0
ZINC000892835574,Cn1nnc(C(=O)OC2(C#N)CCC2)n1,0.39681947,-6.997,0.17453755,0
ZINC000895898480,CN(CCCF)Cc1cnn2ccccc12,0.55586606,-7.291,0.45902938,0
ZINC001184276468,Cc1c[nH]nc1NC(=O)[C@@H](C)c1ccc(O)cc1,0.59964454,-8.236,0.44750556,0
ZINC001198619694,C=CS(=O)(=O)Nc1cccc2occc21,0.48446795,-7.206,0.326433,0
ZINC001202523541,CC(C)NC(=O)N1CC[C@H]2CCC[C@@H]2C1,0.5064906,-7.41,0.34884945,0
ZINC001326839150,Cc1noc(CN(C)CC2(CC(=O)O)CC2)n1,0.34387073,-6.238,0.14855875,0
ZINC000000555297,N#CCC(=O)N1CCC(C(N)=O)CC1,0.3699279,-6.388,0.18458126,0
ZINC000005081679,CC(C)/C=N/N=C\C(C)C,0.3767134,-5.76,0.2633114,0
ZINC000049166552,CC[C@H](C)C(=O)NNC(=O)NCC1CC1,0.3365801,-6.766,0.079224296,0
ZINC000124090396,Cc1noc(C)c1C(=O)NCc1cncc(C)c1,0.5286331,-7.848,0.347176,0
ZINC000181476189,CC[C@@H](C)COC(=O)[C@H](C)NC(C)=O,0.39726463,-6.188,0.25952542,0
ZINC000289294375,CC[C@@H](CO)NC(=O)c1ocnc1C1CC1,0.3603918,-6.429,0.1614286,0
ZINC000308272731,C#CCOCCC(=O)N(C)CCO,0.33557355,-4.978,0.26311606,0
ZINC000335567590,O=C(Nc1cccc(O)c1)[C@@H]1CC12CC2,0.5291843,-8.243,0.30720252,0
ZINC000339086276,Cn1cc([C@H](CO)N[C@H]2CC[C@@H](C#N)C2)cn1,0.47708523,-7.326,0.29933298,0
ZINC000383411625,COc1ccncc1CNCc1cc(C)on1,0.56403834,-6.852,0.5208576,0
ZINC000388425391,NC(=O)COCc1cccnc1,0.28004625,-5.887,0.058619287,0
ZINC000493314891,CCOC(=O)CCNC(=O)/C=C/c1ncc[nH]1,0.52931255,-6.413,0.49770868,0
ZINC000515741285,COC[C@@](C)(O)C(=O)N[C@@H]1CCCOC1,0.38725495,-6.253,0.23293957,0
ZINC000580155803,C=CCCCCN(CC)Cc1ccccn1,0.5360022,-6.605,0.4909994,0
ZINC000612334545,C[C@H](Cc1ccco1)C(=O)NC1(C(N)=O)CC1,0.54216605,-7.115,0.45018834,0
ZINC000631263259,Cc1oc(C(=O)NC[C@@H]2CC2(C)C)cc1CO,0.5276121,-7.838,0.34619313,0
ZINC000646258297,C=CCC(CC=C)C(=O)N1CCc2nc[nH]c2C1,0.42424774,-7.412,0.18572587,0
ZINC000746500272,COCCN(CCF)Cc1ccco1,0.5367485,-5.439,0.61369854,0
ZINC000843388303,C([C@@H]1CCNC1)N1CC[C@@H]2CNC[C@@H]21,0.35677058,-6.533,0.14344314,0
ZINC000878119888,CC[C@H]1C(=O)NCCN1CCn1cnnn1,0.40196732,-6.738,0.2116614,0
ZINC000886799911,COC[C@H](C)N1CC[C@@](CO)(C(F)(F)F)C1,0.36242595,-6.411,0.16732943,0
ZINC000917370716,C/C=C/C(=O)NCC[C@H]1C(=O)Nc2ccccc21,0.5068853,-8.105,0.27737707,0
ZINC000044676085,NC(=O)[C@H]1CCOC1,0.36619243,-4.766,0.34580943,0
ZINC000116196335,COc1ccnc(C(=O)N[C@H](C#N)C2CC2)c1,0.51026446,-7.486,0.3484239,0
ZINC000307695690,CC(C)CN1CC[S@](=O)C[C@H](C)C1,0.5573564,-6.513,0.5428648,0
ZINC000336023990,CC1CCN(C(=O)CCc2ncccn2)CC1,0.49342594,-7.362,0.32795975,0
ZINC000336442436,C[C@@H](CF)NC(=O)N[C@@H]1CCn2ccnc2C1,0.4834284,-6.83,0.36346382,0
ZINC000345865896,C[C@@H](O)C(=O)N1CCC[C@H](OCCO)C1,0.45604265,-6.164,0.37845445,0
ZINC000450796295,Cc1ccc([N+](=O)[O-])c(N2CC(C)(CO)C2)n1,0.51471853,-6.697,0.43927377,0
ZINC000492609796,CN(C(=O)/C=C/c1ccncc1)c1nncs1,0.4841841,-7.619,0.282934,0
ZINC000600808367,CC[C@@H](C#N)C(=O)NCCN1CC[C@H](O)C1,0.34056097,-6.915,0.071619585,0
ZINC000612621139,O=C(NCc1ccc(O)cc1)[C@H]1CC(=O)N1,0.5193093,-7.939,0.31924567,0
ZINC000614219068,CC[C@@H]1[C@H](C)CCN1CCSC,0.3882961,-5.486,0.31474152,0
ZINC000636582010,O=C(CCCNC(=O)N1CC=CC1)NC1CC1,0.33770755,-6.999,0.057234302,0
ZINC000647847547,CN(CCCN)Cc1nnnn1C,0.3901543,-5.407,0.32663554,0
ZINC000693585966,N#Cc1cccc(NC[C@]23C[C@H]2CCC3)n1,0.4761356,-8.387,0.18714722,0
ZINC000739465096,O=C(C[C@H]1CCOC1)OC[C@H]1CC=CCC1,0.4420425,-7.361,0.22627778,0
ZINC000753989341,C#CCOCCOC(=O)C[C@H]1CCOC1,0.39053538,-6.214,0.24349232,0
ZINC000768371872,CCC(=O)CNC(=O)c1scnc1Cl,0.33246896,-6.017,0.1489487,0
ZINC000815300767,O[C@@H]1CCCN(Cc2ccc(CF)cc2)CC1,0.67730165,-8.468,0.5772179,0
ZINC000884676939,COCCOC(=O)C[C@@H]1CCC(C)(C)CO1,0.35562846,-6.728,0.12090798,0
ZINC000891030675,C=CC(C)(C)CC(=O)N[C@H]1COC[C@H]1C1CC1,0.67627347,-7.023,0.72540754,0
ZINC000895460166,Cc1ncoc1CN[C@@H](C)c1ccccc1O,0.51746786,-7.514,0.35978222,0
ZINC000968363218,C=CCN[C@@H]1CCN(C(=O)/C(C)=C/C)C1,0.46770582,-6.898,0.32524934,0
ZINC001202946127,CCc1ccc(NC(=O)N[C@H](C)C#N)cc1,0.61975694,-7.664,0.5468132,0
ZINC001206082534,COC(=O)c1ccc(COC2CN(C)C2)cc1,0.46669123,-7.363,0.27489677,0
ZINC001209570694,Cc1ccc(CN2CCCC[C@](O)(CF)C2)[nH]1,0.55965734,-7.654,0.428801,0
ZINC001226478725,C[C@H](CS)Oc1cncc(C(F)(F)F)c1,0.4454938,-6.959,0.27490756,0
ZINC001246075543,C[C@H](CO)N[C@@H]1CC[C@H](C)NC1,0.38955596,-5.769,0.2878157,0
ZINC001252543736,C=C[C@@](C)(O)CNc1cncc(Cl)n1,0.44266844,-6.119,0.35663968,0
ZINC001347700554,CCCCCC(=O)NCc1nc(C)c(C)o1,0.43634155,-7.079,0.2443023,0
ZINC001602386299,O=C(O)c1ccc(OC(=O)[C@H]2C[C@H]3C[C@H]3C2)cc1,0.5631631,-9.085,0.2869746,0
ZINC000082302286,Cc1cc(C(=O)N2CCOCC2)ncn1,0.40364617,-6.924,0.19564992,0
ZINC000082304753,CC(=O)N1CCN(C(=O)c2cc(=O)cc[nH]2)CC1,0.42125407,-7.292,0.19227126,0
ZINC000084148975,CC[C@H](CC#N)NCc1sc(C)nc1C,0.5320101,-6.002,0.54578096,0
ZINC000275053348,COC(=O)C1(CNC(=O)c2nonc2C)CC1,0.36962888,-6.946,0.12597756,0
ZINC000281970387,C#C[C@H](NC(=O)[C@H]1CCC(=O)N1)C(C)C,0.5373214,-7.844,0.3648026,0
ZINC000284827846,Cc1cccnc1CN(C)c1ccn(C)n1,0.41879922,-7.033,0.21433482,0
ZINC000308290329,CSCCNC(=O)c1cnn(C)c1,0.31919932,-5.197,0.20791233,0
ZINC000335808816,CNC(=O)N[C@@H]1C[C@H](C)N(C2CC2)C1,0.34907052,-6.047,0.17871597,0
ZINC000378677046,CN(C)c1ccncc1CNCC(C)(F)F,0.4280473,-6.143,0.32518142,0
ZINC000379870603,Cc1cc(C(=O)NCc2cnc(O)[nH]2)nn1C,0.44128767,-7.338,0.22717369,0
ZINC000413448117,Cc1ccnc(NCC[C@H]2CCCN(C)C2)n1,0.5377381,-7.388,0.4130351,0
ZINC000434640434,NC(=O)N1CCC[C@H]([C@H](O)C(F)(F)F)C1,0.3516133,-7.119,0.07230482,0
ZINC000566246457,CN(C(=O)[C@H]1C[C@@H](N)C1)C1CCOCC1,0.3732887,-6.736,0.15505955,0
ZINC000603319778,Cc1nn(CCS[C@H](C)CO)c(=O)o1,0.35081396,-5.736,0.21450208,0
ZINC000640230156,C[C@H](CO)CN1OC2CCC1CC2,0.31007254,-6.132,0.092627674,0
ZINC000647148680,Cc1cc(-c2nc([C@@H]3CCCN3)no2)oc1C,0.6526161,-7.846,0.592983,0
ZINC000761084654,CN(Cc1ccccc1)C(=O)CN1CC[C@@H]2C[C@@H]21,0.5219644,-8.01,0.31712383,0
ZINC000934023788,O=[N+]([O-])c1ccc(CN2CC[C@H]2CO)cc1,0.5636852,-7.039,0.5007169,0
ZINC001180119847,C=C(F)C(=O)NCC1(CC)COC1,0.32842213,-5.934,0.14956123,0
ZINC001244499402,Oc1c(F)cc(-c2ncncc2F)cc1Cl,0.527972,-7.815,0.34929717,0
ZINC000000914905,CCCn1cnc2sc3c(c2c1=O)CCCC3,0.52587247,-8.08,0.31758803,0
ZINC000006756455,NC(=S)Nc1ncccc1O,0.5018657,-5.347,0.5541634,0
ZINC000040941902,O=C(NC[C@@H]1CCCNC1)[C@H]1CCOC1,0.38212028,-7.299,0.11402301,0
ZINC000044794552,C[C@@H](CN)C(=O)NCCN1CCOCC1,0.38237998,-6.268,0.22172324,0
ZINC000084697822,CC[C@H](C#N)OC(=O)[C@@H](C)c1c(C)noc1C,0.46253705,-7.148,0.28901973,0
ZINC000092255187,Cc1nn(C)c(C)c1OS(C)(=O)=O,0.37365228,-6.358,0.19507778,0
ZINC000174651913,CN(C(=O)Cc1ccn[nH]1)c1ccc(F)cc1,0.42722178,-7.575,0.1746712,0
ZINC000263379540,C[C@H]1CCN(C(=O)CCC(=O)O)C[C@H](C)C1,0.36803654,-7.519,0.063252576,0
ZINC000294108869,Cc1sccc1CNCC(=O)NC1CC1,0.42844808,-6.721,0.26588476,0
ZINC000306150235,Cn1cc(NCC2(C)CCC2)cn1,0.37720263,-6.325,0.20554149,0
ZINC000307103669,CC(C)[C@@H](C)C(=O)Nc1nccs1,0.45625633,-6.624,0.33105478,0
ZINC000340909954,C[C@@H]1C[C@@H]1CNS(=O)(=O)CCC(F)(F)F,0.3460471,-6.695,0.1053589,0
ZINC000353201272,C=CC[C@@H](CC)NS(=O)(=O)c1ccccn1,0.44031253,-7.201,0.23948494,0
ZINC000596107208,N#Cc1cc2cccnc2nc1N1CC[C@@H](O)C1,0.47010046,-8.692,0.14348343,0
ZINC000627513531,CCO[C@@H](C(=O)Nc1ncn(C)n1)C1CC1,0.47906145,-6.53,0.38600218,0
ZINC000635966709,CO[C@H](CNC(=O)[C@@H](C)N(C)C)C1CC1,0.30730125,-5.768,0.124980524,0
ZINC000657710139,CC[C@@H]1C[C@H](NC[C@@H]2CCC(=O)N2)CO1,0.3401238,-6.406,0.12367067,0
ZINC000706052503,CC(C)(C#N)NC(=O)/C=C\c1cccs1,0.43479848,-6.735,0.27700883,0
ZINC000785415076,C=C[C@](C)(CC)C(=O)Nc1cc(Cl)[nH]n1,0.5655819,-6.734,0.53618294,0
ZINC000795453231,C=CCCN(C)CN1C[C@@H](C(F)F)CC1=O,0.4104688,-6.581,0.2448242,0
ZINC000815337024,Cc1cc(C#N)cnc1C(=O)OC[C@@H]1CCOC1,0.5617309,-7.864,0.4110763,0
ZINC000835218628,C[C@]1(COC(=O)CSC(F)F)CCCO1,0.3787789,-6.533,0.18703967,0
ZINC000862769246,Cn1ncc(CCC(=O)Nn2cccn2)n1,0.41061008,-6.678,0.23501968,0
ZINC000886794452,C#CCC1(NC(=O)[C@@H](C)c2ccccc2)CCC1,0.518906,-8.83,0.22581586,0
ZINC001038198389,C#CCCN1CC[C@H]1CNC(=O)c1coc(C)n1,0.51544446,-7.274,0.38072518,0
ZINC001120849406,Cc1ccoc1CNc1nccnc1CN,0.43388855,-6.59,0.290281,0
ZINC001228545771,CN1CC(Oc2cc(Cl)ncc2Cl)C1,0.6749128,-6.405,0.7869613,0
ZINC001229089915,C[C@@H](Oc1cccoc1=O)C1CC1,0.36986104,-6.444,0.17862688,0
ZINC001255295877,CC1(C)CCC(N[C@H]2CC2(F)F)CC1,0.49574664,-7.357,0.33307666,0
ZINC001544457101,Cc1cnc(CC(=O)N2C[C@H](C)C[C@H]2C)s1,0.4756324,-6.887,0.34209475,0
ZINC000001733515,CCCC(=O)N1CCC[C@@H](C)C1,0.32301524,-6.283,0.10256761,0
ZINC000040240931,C[C@H](CN1CCNCC1)c1ccccc1,0.616856,-7.434,0.5649781,0
ZINC000055085785,CCOCCNC(=O)[C@@H]1CCC[C@@H](N)C1,0.38432163,-6.648,0.18606357,0
ZINC000070855113,C[C@@H](NC(=O)NCc1nccn1C)C(=O)O,0.34501982,-6.365,0.13763173,0
ZINC000082318817,CC[C@@H]1CCCCN1C(=O)CN1CCOC1=O,0.3881217,-7.137,0.14275326,0
ZINC000131557291,CCC(=O)Nc1cc(C(=O)OC)cs1,0.34160787,-5.944,0.17464133,0
ZINC000158529977,C[C@@H](NC[C@H](O)CO)[C@@H]1CCOC1,0.3418521,-5.631,0.20766555,0
ZINC000159078708,C=CCCS(=O)(=O)NCCC1=CCCC1,0.411104,-6.855,0.21759665,0
ZINC000166379235,Cn1nncc1CNc1cccc(OCC#N)c1,0.63372153,-7.435,0.59828335,0
ZINC000248873840,CCO[C@@H]1C[C@@H]1COC(=O)[C@H](C)SC,0.28567713,-5.575,0.10220993,0
ZINC000293241495,Cc1ncsc1CN1CCC[C@@H]1CF,0.6021997,-6.16,0.6683941,0
ZINC000295774537,Cc1noc(C2(C(F)(F)F)CCC2)n1,0.395954,-7.28,0.1434017,0
ZINC000308395698,O=C1OCC[C@@H]1SCCC(F)(F)F,0.31813613,-6.318,0.08926383,0
ZINC000334244526,C[C@H](F)CCn1sc2ccccc2c1=O,0.4364241,-7.757,0.17397895,0
ZINC000367631041,C=C(C)C[C@H](C)C(=O)NC[C@@H]1[C@H]2COC[C@H]21,0.53128374,-7.434,0.39546725,0
ZINC000679260186,C[C@@H]1CCN(C(=O)C2(C(N)=O)CC2)C[C@H]1F,0.39446095,-7.445,0.123290166,0
ZINC000826002403,CC(C)C(C)(C)Sc1ncncc1C#N,0.39609614,-6.764,0.19732808,0
ZINC000839018400,C=CCN(C)Cc1cnn(CC)n1,0.39364856,-5.69,0.3041358,0
ZINC000893297066,O=C(NCCC1CC1)N[C@@H]1C[C@@H]2CCC[C@H]12,0.4871731,-7.879,0.26182464,0
ZINC000903249957,CC[C@@H](C)NCc1cccc(Cl)c1OC,0.6801765,-7.106,0.7245102,0
ZINC000917348253,CC1=NN(c2nc3ccccc3s2)C(=O)[C@H]1F,0.6850975,-8.148,0.6259289,0
ZINC001170255080,CN1CC(CNc2cnc(C(F)(F)F)nc2)C1,0.37367654,-6.75,0.1543724,0
ZINC001175437940,Cn1ncc2c1cccc2Nc1ccc(N)cc1,0.63912547,-8.863,0.46052897,0
ZINC001224968058,C=CC(=O)OC[C@@H](C)OCCc1cccnc1,0.5043499,-7.098,0.3770453,0
ZINC001226713334,C=C[C@@H](Oc1ccc([N+](=O)[O-])nc1)C(=O)OC,0.4533382,-6.879,0.29876366,0
ZINC001240381314,Cc1c(-c2cncnc2C#N)cnn1C,0.45112246,-7.056,0.27597308,0
ZINC001319426704,FCCN1CCO[C@@H](c2ccc(Cl)s2)C1,0.65619946,-6.913,0.69707865,0
ZINC000001037069,C[C@]1(C(=O)O)C[C@]1(C)C(=O)O,0.48865703,-5.428,0.51957726,0
ZINC000043199172,O=Cc1[nH]ccc1Cl,0.4053815,-5.025,0.39651302,0
ZINC000083676251,C[C@H](O)COc1cccc(Cl)c1,0.56650114,-6.339,0.57906914,0
ZINC000084002535,C/C(=C/CN1CC[C@@H](C)C1)C(=O)O,0.4324063,-6.501,0.29659748,0
ZINC000112198715,CCc1cc(C(=O)N(CC)CC2CC2)[nH]n1,0.36206847,-6.441,0.16350238,0
ZINC000277857530,Cc1cc(CC(=O)NC2CN(C(C)C)C2)no1,0.3894064,-6.817,0.17856632,0
ZINC000308560429,C=CC[C@@H](CO)CN[C@H](C)CC1CC1,0.55710864,-5.496,0.6481042,0
ZINC000324071700,CSc1ccnc(N[C@@H](C(C)C)C2CC2)n1,0.51007575,-6.845,0.4146904,0
ZINC000351350624,C[C@@H](c1noc(CC2(C)CC2)n1)c1nccs1,0.5589425,-8.015,0.38985437,0
ZINC000351992066,CNC(=O)N[C@H]1CCN(CC[C@H](C)F)C1,0.42280665,-6.715,0.25533336,0
ZINC000427630722,O=C(CC(=O)N(CCO)C1CC1)NCC1CC1,0.35967886,-6.517,0.15086763,0
ZINC000527535879,CC[C@H]1CN(Cc2ccnc(C)c2)C[C@@H](C)O1,0.5204115,-7.54,0.36291033,0
ZINC000594044113,CCO[C@H]1C[C@@H](NC(=O)CCCCC#N)C1,0.40517384,-6.731,0.21874098,0
ZINC000640467121,Cc1sccc1NC(=O)N[C@@H]1CC[C@@H]1C,0.5994353,-7.033,0.5721585,0
ZINC000750706324,CCC1(C(=O)OCCN2CCCCC2=O)CC1,0.498948,-7.234,0.35220575,0
ZINC000764424218,CC#CC(=O)Nc1cc(OC)ccc1NC(C)=O,0.41909796,-7.21,0.19652513,0
ZINC000771708742,O=C(C=C1CCSCC1)N1CC(O)C1,0.41936907,-6.828,0.23677602,0
ZINC000778934144,CCC(=O)COC(=O)c1sccc1COC,0.47029498,-5.692,0.45575747,0
ZINC000792054173,CCOC(=O)C1(C(=O)OC[C@@H](C)O)CCC1,0.33003023,-6.244,0.12051826,0
ZINC000792497632,CO[C@]1(C)CCCN(C(=O)C2=COCC2)C1,0.55238324,-6.859,0.4970422,0
ZINC000814912456,c1[nH]nc2c1C(=NOC[C@H]1CCOC1)CCC2,0.62821627,-7.867,0.5424659,0
ZINC000821038845,Cc1cccn2cc(C(=O)N3CC[C@@H](F)C3)cc12,0.5586889,-8.332,0.35639566,0
ZINC000835017320,CC(=NN[C@H]1CCOC1(C)C)[C@H]1CCOC1,0.40478095,-7.123,0.17720924,0
ZINC000842326096,C[C@H](OC(=O)Cc1cncs1)C(C)(C)C#N,0.42629084,-6.955,0.23728415,0
ZINC000878014637,C=C/C=C\CCN1CCCOCC1,0.4831789,-6.729,0.3734699,0
ZINC000888998393,C[C@@H]1C[C@H]1NC(=O)N1C[C@@H]2C[C@@H]2C1,0.3704793,-6.628,0.16072239,0
ZINC000902769774,CC1CC(CONC(=O)N(C)C)C1,0.542968,-6.134,0.5537645,0
ZINC001117751443,Cc1cnccc1C(=O)NC/C=C/C1CC1,0.5126434,-7.643,0.33681422,0
ZINC001156778892,CC(=O)CNC(F)(F)c1cc(Cl)ncn1,0.35929048,-6.805,0.12015692,0
ZINC000057534828,C[C@@H](N)C(=O)NCCc1c(F)cccc1Cl,0.6235345,-7.261,0.5961933,0
ZINC000065337258,CC(C)(C)c1ccc(F)cc1,0.36484745,-6.77,0.1348035,0
ZINC000072224165,CCOc1ccc(C(=O)OC)c(C)n1,0.3567783,-6.449,0.1521913,0
ZINC000075155760,NC1=C2CCCC2=N[C@@H]2CCCC[C@H]12,0.5844103,-7.833,0.459225,0
ZINC000101536490,CN(CC#N)Cn1cnc2cc(F)c(F)cc21,0.4040539,-7.268,0.16069438,0
ZINC000126178451,c1oc2ccccc2c1CN1CCSCC1,0.5868598,-7.186,0.53134125,0
ZINC000284925942,CCOCCNC(=O)c1cc[nH]c1CC,0.37018365,-6.536,0.16970134,0
ZINC000294617709,CO[C@@H](CNC(=O)c1cccs1)C1CC1,0.40915427,-6.513,0.24928972,0
ZINC000309460637,CNc1ccc(C(=O)N(C)CC(N)=O)cn1,0.4969143,-6.485,0.42604536,0
ZINC000398280687,NCc1nnnn1CCCOC(F)(F)F,0.32310578,-6.084,0.12343561,0
ZINC000565966669,C[C@H]1CC[C@H]1NC(=O)COCc1nncn1C,0.44487756,-7.169,0.25185466,0
ZINC000590755512,CC[C@H](C(=O)OC)N1CC[C@H](F)C1,0.38820875,-5.767,0.2853549,0
ZINC000597779407,COC(=O)[C@H]1C[C@@H](NC(=O)[C@H](O)C2CC2)C1,0.45597798,-6.692,0.32343388,0
ZINC000603837197,CN(Cc1cccnc1)c1cccnc1[N+](=O)[O-],0.6030925,-7.128,0.5695266,0
ZINC000752058777,C=CCCOC(=O)Cc1ccc2c(c1)NC(=O)C2,0.38132343,-7.288,0.11358812,0
ZINC000826810500,C[C@H]1C[C@@H](NC(=O)NCc2cnnn2C)CO1,0.40836626,-7.213,0.17495474,0
ZINC000837938208,C[C@@H]1CCC[C@@]1(C)C(=O)OCc1ncccn1,0.47336555,-7.271,0.29768258,0
ZINC000859191843,CCCOC(=O)N1CCO[C@H]([C@H](C)O)C1,0.36051068,-6.229,0.18245664,0
ZINC000895306872,CCOc1ccc(CN[C@H]2COC(C)(C)C2)o1,0.576631,-7.023,0.5280249,0
ZINC000908578793,C/C=C\[C@H](O)C(=O)N[C@H](C)c1cnccn1,0.3630178,-6.707,0.13772877,0
ZINC001120459479,C=CC(=O)NCCc1cc(Cl)cc(Cl)c1,0.61980575,-7.222,0.59286153,0
ZINC001200619013,Fc1ccc(NC(=S)NC2CC2)cn1,0.5893751,-6.388,0.6192862,0
ZINC001518998733,CC(C)[C@@H](C)C(=O)NCc1cnccn1,0.40669855,-7.118,0.18152761,0
ZINC000008271404,C=CCNC(=O)Cn1c(C)csc1=O,0.35620165,-6.142,0.18296564,0
ZINC000033567372,OC[C@H](O)CN1CCc2c3ccccc3[nH]c2C1,0.68005526,-8.243,0.6060642,0
ZINC000065577953,C[C@H](C(=O)N(C)CC(N)=O)n1cccn1,0.4144606,-5.605,0.3541994,0
ZINC000107339292,[N-]=[N+]=NCC(=O)c1ccccc1Cl,0.57965606,-6.76,0.5613595,0
ZINC000153530019,COC[C@H](C)Nc1ccc(-n2ccnc2)c(F)c1,0.5574571,-7.266,0.46478012,0
ZINC000332696655,CO[C@@H]1CN(Cc2cnnn2C)C[C@H]1OC,0.38129202,-5.916,0.256163,0
ZINC000335959707,C[C@@H]1[C@@H](C)CCN1c1ccc(F)cn1,0.50816715,-7.557,0.33688796,0
ZINC000359170207,COCC1(Cn2nccc2[N+](=O)[O-])CCC1,0.50945,-6.45,0.45451617,0
ZINC000516957833,CCCOc1ccc(CNC[C@@H]2CCCN2)cc1,0.61994976,-7.455,0.5689234,0
ZINC000600673373,COC1CC(n2cc(C)c([N+](=O)[O-])n2)C1,0.431166,-6.62,0.28176892,0
ZINC000600812338,N#C[C@H]1CC[C@@H](n2cc(Cn3cccn3)nn2)C1,0.45290294,-7.775,0.20475069,0
ZINC000614449012,CCN(CCOC)C(=O)c1ccnc(C)n1,0.31593668,-6.308,0.085946575,0
ZINC000630709022,CC(C)(C(=O)NCCCO)[C@@H]1CCCCO1,0.42859972,-6.961,0.241234,0
ZINC000714729773,CO[C@H]1C[C@H](CNCc2cc(F)ccc2C)C1,0.7154892,-6.93,0.812759,0
ZINC000748789304,COCCON=C1CC[C@@H]2CCCC[C@H]2C1,0.5952519,-7.554,0.50970685,0
ZINC000822120295,Cc1cccnc1C(=O)OC[C@@]1(C)C[C@H]1F,0.39771265,-7.382,0.13628115,0
ZINC000842088587,CC[C@@H](COC(=O)c1csc(N)n1)OC,0.46103805,-5.833,0.42276162,0
ZINC000844109231,O=C(N[C@@H]1CC[C@H]2C[C@H]2C1)c1cnc(S)[nH]1,0.5510377,-7.336,0.4447865,0
ZINC000907253627,CN1CCC[C@@H](C(=O)NN2CCCC2=O)C1=O,0.38623148,-7.656,0.08505218,0
ZINC001194828647,Cc1cn(C)nc1C(=O)Nc1ccsc1,0.56193125,-6.851,0.51678765,0
ZINC001222669831,CC1=C[C@H](OCCOC(C)C)CC(=O)O1,0.53681767,-6.865,0.4655844,0
ZINC001596299161,C[C@H]1CC=C(C(=O)NCc2ncn(C)n2)CC1,0.45071247,-8.035,0.17338125,0
ZINC000000266159,CN1C(=O)N[C@@]2(O)C(=O)c3ccccc3[C@]12O,0.51410526,-8.728,0.22691032,0
ZINC000019271923,Cc1csc(SCCCC(=O)O)n1,0.35190922,-5.549,0.23611273,0
ZINC000081604129,COCCN1CCC(=O)Nc2cc(F)ccc21,0.46727374,-7.753,0.23550512,0
ZINC000306495541,CSCn1ccc2sccc2c1=O,0.57272273,-6.301,0.5953441,0
ZINC000306503683,Cl/C=C/CON=C1CCCC1,0.49849817,-5.99,0.48064452,0
ZINC000308197351,NC(=O)N(CC1CC1)CC1CCC1,0.29575244,-5.968,0.081310794,0
ZINC000330925593,CC(=O)N1CSC[C@H]1C(=O)NCCC(=N)O,0.4255692,-6.156,0.31892103,0
ZINC000334467377,Cc1c[nH]cc1C(=O)N(C(C)C)C1CC1,0.58456427,-6.263,0.6227517,0
ZINC000359132795,CCOCCSCc1nnc2n1CCCC2,0.38440108,-6.218,0.23092496,0
ZINC000529509703,CCCONC(=O)c1cccc(C(F)F)c1F,0.46923608,-8.001,0.21360955,0
ZINC000566301637,Cc1nc(CC(=O)N[C@H](C)C(=O)O)c(C)s1,0.319256,-6.398,0.0831652,0
ZINC000574059768,CCNCCCNC(=O)c1c[nH]ccc1=N,0.40310958,-6.301,0.2593559,0
ZINC000615832545,CC[C@@H]1C[C@H]1CNC(=O)C1CCC2(CC2)CC1,0.56941974,-8.672,0.34230518,0
ZINC000634020591,COCCC(=O)N[C@@H]1C[C@H](C)O[C@@H]1C,0.3021856,-5.987,0.09207901,0
ZINC000739086926,C[C@H]1C[C@H]1C(=O)Nc1ccccc1NC(=O)O,0.44224918,-7.882,0.17252256,0
ZINC000772473153,CCCN(C)C(=O)N[C@H](C)C(=O)OCC,0.369751,-5.668,0.25908414,0
ZINC000829398126,C[C@@H](O)CCSC1=N[C@@H](C)CS1,0.4072663,-5.598,0.3406759,0
ZINC000834320229,C#CCN(C)C(=O)c1cnc2ccc(OC)nn21,0.4421936,-7.407,0.22179484,0
ZINC000860461720,C=CC(=O)N(C)CC(=O)N(C)[C@@H]1CCNC1=O,0.36927918,-6.222,0.20055401,0
ZINC000868330587,CON(C)C(=O)C(=O)N1CCC[C@@H](C(=O)O)C1,0.44822603,-6.998,0.27626535,0
ZINC000880739263,O=C(NC1CSC1)C1CCCC1,0.3582456,-6.323,0.16819726,0
ZINC001118100568,CCC1CN(C(=O)c2ccc3nonc3c2)C1,0.5303271,-8.364,0.2968868,0
ZINC001161848531,Cn1cc(CNc2nnc(Cl)cc2N)cn1,0.43107027,-7.089,0.23282072,0
ZINC001163916394,Cc1cc(NC(=O)Cc2cnc[nH]2)ccc1Cl,0.5930346,-8.041,0.45468467,0
ZINC001173899886,CC(=O)c1cccc(Nc2oncc2C#N)c1,0.6036542,-8.879,0.3886002,0
ZINC001194762199,C#Cc1cccnc1NC(=O)OC[C@H](C)CC,0.599719,-7.724,0.500882,0
ZINC001204343440,COc1cc(CN2CC(F)C2)cc(O)c1O,0.4124538,-6.859,0.21985464,0
ZINC000082489612,COC(=O)[C@H](C)N1CCC[C@H](C)CC1,0.3740405,-6.685,0.16185097,0
ZINC000131631805,CCc1nc([C@H](C)N[C@@H](C)CC)n[nH]1,0.5372945,-6.472,0.5073864,0
ZINC000163399141,CC1(C)[C@H](NCc2ccoc2)C[C@@H]1O,0.430301,-6.439,0.2988728,0
ZINC000269434685,COC(=O)C[C@H]1CCCN1C(=O)C=C(C)C,0.34263226,-6.491,0.11980288,0
ZINC000306363267,O=C(Nc1cnns1)C1CC=CC1,0.49518558,-6.727,0.39746192,0
ZINC000336052169,CC(F)(F)CC(=O)N1CCc2cccc(F)c21,0.5018423,-8.283,0.24888197,0
ZINC000339111169,Cc1nc(CS(=O)(=O)[C@H]2CCOC2)cs1,0.38215768,-6.465,0.20080219,0
ZINC000360965571,CN1CC[C@](O)(CNc2cnc(C#N)cn2)C1,0.50410205,-7.122,0.37405923,0
ZINC000379646336,CC(C)NCc1nc([C@H]2CCC(F)(F)C2)no1,0.4712388,-7.878,0.23036417,0
ZINC000440715993,CC[C@@H](F)CN1CCC[C@@H](Cn2cncn2)C1,0.5708502,-6.725,0.54755455,0
ZINC000496727501,COC(=O)NCCC(=O)OC1CC(C)C1,0.35992357,-6.504,0.15270387,0
ZINC000496750508,CN1C(=O)C[C@H](NC(=O)[C@@H]2COC(=O)N2)C1=O,0.35686308,-6.897,0.10578391,0
ZINC000672119954,CN(C(=O)c1cnco1)[C@H]1CCCOC1,0.3425121,-6.454,0.12341145,0
ZINC000686892445,C#CCNC(=O)COC[C@@H]1CCCO1,0.3990487,-5.964,0.28634715,0
ZINC000794610861,C#CCCN1CC[C@@]2(C)[C@@H](C1)C2(F)F,0.4398377,-7.337,0.22440541,0
ZINC000796280145,C/C=C\COC(=O)CC1CC(C)(C)C1,0.35980648,-6.933,0.10787184,0
ZINC000849225813,COCCCNC(=O)N[C@@H]1C=CCC1,0.33915138,-6.167,0.14659154,0
ZINC000858883139,CN(C(=O)OCCF)[C@@H]1CCS(=O)(=O)C1,0.3235093,-6.362,0.09533324,0
ZINC000885587542,COCCOC(=O)C1C[C@H]2CC[C@@H](C1)S2,0.4802212,-6.653,0.3755121,0
ZINC000889693543,C[C@@H]1CO[C@@H](C(=O)N2CCOC[C@@H](C)C2)C1,0.36234567,-7.412,0.063103475,0
ZINC000894696837,CCn1ncc(CNc2cnc(CO)cn2)n1,0.37239975,-6.798,0.14685297,0
ZINC000930050605,CCC1(CC(=O)N[C@@H](C)CO)COC1,0.32575274,-6.06,0.13117409,0
ZINC001116245946,O=C(C=C1CCC1)NCCN1CC=CC1,0.49315113,-7.005,0.36453015,0
ZINC001185884533,CN(CC1COC1)C(=O)NC1CCCC1,0.39978266,-6.632,0.21835387,0
ZINC001217849517,COC(COC1CC(O)C1)OC,0.25784025,-5.118,0.09457865,0
ZINC001243393095,Cc1cc(-c2nc[nH]c3ncc(F)c2-3)cnc1F,0.703661,-8.645,0.611032,0
ZINC001250419065,Cc1cc(Cc2cccc(O)n2)n(C)n1,0.5303942,-7.43,0.39412105,0
ZINC001623783076,CN(C(=O)C[C@H]1CC=CCC1)c1ccnn1C,0.44342548,-7.71,0.1927343,0
ZINC000022538576,Cc1nc(C(=O)Nc2ccc(F)c(F)c2)co1,0.5926531,-7.949,0.4634936,0
ZINC000044659160,COCCCCN1CC[C@H](N)C1,0.28871334,-5.166,0.15074521,0
ZINC000124633603,C(CN1C[C@@H]2CCC[C@@H]2C1)C1OCCO1,0.50201815,-6.826,0.40070432,0
ZINC000295933251,CC/C=C/CNC(=O)c1cccc(O)c1O,0.62262154,-7.777,0.5407399,0
ZINC000352949148,C[C@H](O)CNS(=O)(=O)CC1(C#N)CCCC1,0.37285548,-7.142,0.11199245,0
ZINC000357761171,CC(C)c1noc(CSC[C@@H]2CCOC2)n1,0.49031246,-7.251,0.33333212,0
ZINC000388772967,C[C@H]1CCCC[C@H]1C=NNC1CC1,0.6585063,-7.207,0.6710832,0
ZINC000398622996,C[C@H]1C[C@@H](CO)CN(CCC2CC2)C1,0.45485413,-6.87,0.30270225,0
ZINC000739730221,CN1CCCC[C@H]1C(=O)NCCNC(=O)O,0.38206896,-6.411,0.20624042,0
ZINC000767268493,Nc1nccnc1C(=O)O[C@H]1CCCNC1=O,0.39204657,-7.067,0.15780549,0
ZINC000771213783,Cn1ncc(NC(=O)NCC(F)F)c1C1CC1,0.50615746,-7.428,0.34631822,0
ZINC000811631814,N#Cc1ccc2c(c1)C(=NNc1ccccn1)CC2,0.667593,-8.569,0.5474857,0
ZINC000823782746,O=C(N[C@H]1CC12CC2)C1(Br)CC1,0.43423775,-6.811,0.26799688,0
ZINC000852855429,O=C(N[C@H]1C[C@H](O)c2ccccc21)[C@H]1CCN1,0.49426636,-7.799,0.28419277,0
ZINC000864875221,C[C@@H]1C[C@H]1CNC(=O)CC(F)(F)C(F)(F)F,0.40196064,-7.161,0.16767184,0
ZINC000873440170,CC1(C(=O)OCC(=O)C2CC2)CC(F)(F)C1,0.35633868,-7.012,0.09278937,0
ZINC000904389499,C[C@@H]1CNC[C@H]1CNC[C@H](N)CCC(C)(C)C,0.4797424,-7.005,0.33796868,0
ZINC001210351332,Cn1ccc(Nc2c(F)cccc2C#N)n1,0.52559763,-7.764,0.34989592,0
ZINC001228143948,O=[N+]([O-])c1c(O)ncnc1O[C@H]1C=CCCC1,0.3956717,-7.637,0.10572769,0
ZINC001231986047,Cc1cc(F)ncc1CN(C)CCF,0.53274894,-6.358,0.51023376,0
ZINC001239319677,O=C(NC[C@H]1CCCN1)Oc1ccc(F)cc1,0.58566284,-8.164,0.42729446,0
ZINC001258506741,Cc1noc(C)c1S(=O)(=O)NC1CC(F)C1,0.44720176,-7.324,0.24034443,0
ZINC000000157213,CCCC(=O)Nc1ccc(O)c(C(C)=O)c1,0.56104106,-7.977,0.397962,0
ZINC000001602261,CCN(CC)C1CCC(N)CC1,0.42268434,-6.041,0.3251621,0
ZINC000004218214,CCn1cn[nH]c1=S,0.26945245,-4.405,0.19170696,0
ZINC000158180746,C[C@@H]1CN(CCOCC2CC2)C[C@H](C)O1,0.5461223,-5.992,0.57477564,0
ZINC000231536349,CCN1CCC[C@@H](OCCOC)C1,0.46738127,-5.603,0.4592384,0
ZINC000236857371,CCCCO[C@H](C)C(=O)NCCCN,0.2998233,-5.616,0.12596977,0
ZINC000250886547,O=C(CNC1CC1)N[C@H]1CCN2CCCC[C@H]12,0.4065371,-7.051,0.18817328,0
ZINC000307534877,C[C@@H]1C[C@@H](N)CCN1Cc1cocn1,0.3886839,-6.234,0.23774543,0
ZINC000308839493,COCC[C@H](COC)NC(=O)[C@@H](C)C#N,0.3147539,-5.564,0.16095194,0
ZINC000308991071,C[C@H](N[C@H](CO)CC(F)F)c1ccsc1,0.46391425,-6.289,0.38105196,0
ZINC000334990542,CN(Cc1ccoc1)C(=O)[C@@]1(C)CC1(F)F,0.3701686,-7.165,0.104278855,0
ZINC000345839517,CC[C@@H](OC)C(=O)N(C[C@@H]1CCOC1)C1CC1,0.36755788,-6.07,0.21294662,0
ZINC000456530149,CCCCC(=O)NCc1cnc(CCC)o1,0.3713847,-6.834,0.14109957,0
ZINC000462268207,CCC[C@@H]1C[C@H]1C(=O)N[C@@H]1CCO[C@H]1C,0.34755248,-7.106,0.065612204,0
ZINC000590489334,C[C@@H](C(=O)N1CC(C#N)C1)C1CC1,0.39375544,-6.936,0.17480972,0
ZINC000596127401,Cn1ncc(C#N)c1NC[C@@](C)(O)C1CC1,0.5882537,-7.031,0.5502166,0
ZINC000596281841,COc1c(C#N)ccc(=O)n1CCO,0.49439758,-6.456,0.42407492,0
ZINC000597199803,C[C@@H](C#N)CNC(=O)c1ncnc2ccsc21,0.46652058,-7.161,0.29555923,0
ZINC000616567055,Cc1nc(CC(=O)N2CCC[C@@H](O)C2)n[nH]1,0.38116035,-6.991,0.14414203,0
ZINC000632202791,CCC(=O)CNC(=O)[C@]12CCC[C@H]1OCC2,0.48893553,-7.077,0.3486941,0
ZINC000633250090,CC(=O)[C@H]1CCCCN1C(=O)c1nocc1C,0.41983408,-7.308,0.18779497,0
ZINC000650624639,CCOCCNC(=O)N1C[C@H](O)C[C@H]1COC,0.40751788,-5.967,0.30281198,0
ZINC000739936351,O=C(O)NCC(=O)OCc1cc(=O)c(O)co1,0.3955865,-6.986,0.17323872,0
ZINC000770949199,C[C@H](C#N)COC(=O)[C@@H](C)CC1CCCC1,0.4371208,-7.06,0.24782118,0
ZINC000857049421,C[C@H](CCO)N(C)Cc1cn(C)nc1Cl,0.57954913,-6.393,0.59930205,0
ZINC000882986147,CC(=O)c1ccn(CC[C@@H]2CCCC2(F)F)n1,0.42871016,-8.175,0.11524184,0
ZINC000900579757,CCn1cc(C2CCC2)nn1,0.36292616,-6.069,0.2038756,0
ZINC001249978365,CCCCc1ccc2ncncc2c1,0.56852084,-7.629,0.44895786,0
ZINC001252107534,CCCC[C@@H](O)CNC12CC(C1)C2,0.42481896,-6.073,0.32606375,0
ZINC000033329125,O=C(/C=C\c1ccco1)NC1CC1,0.53360856,-6.503,0.49686196,0
ZINC000084726175,Cc1ccc([N+](=O)[O-])c(NCC2CC2)c1,0.548298,-7.07,0.46701354,0
ZINC000106094461,CCCCc1noc(CNc2ccccc2)n1,0.5577544,-7.748,0.41525888,0
ZINC000184703770,CC[C@H]1CCCC[C@H]1NCC(F)(F)CO,0.37509084,-6.543,0.17869431,0
ZINC000185634083,CC#CCCCC(=O)N1CCSC[C@@H]1C,0.41893935,-7.1,0.20764686,0
ZINC000301020468,C=C[C@H](Sc1ncn[nH]1)C(=O)OC,0.29028857,-5.409,0.12860265,0
ZINC000307560023,Cc1cncc(NC[C@H](O)CO)n1,0.3085865,-5.604,0.14457642,0
ZINC000334468025,O=C(c1csc(C2CC2)n1)N1CCC1,0.4111292,-6.465,0.25819215,0
ZINC000335399178,F[C@H]1CCN(c2ncc(C(F)(F)F)s2)C1,0.48987958,-6.999,0.35867327,0
ZINC000454128015,CC(C)[C@@H]1C[C@H]1CNC(=O)NCc1ccco1,0.5469778,-7.381,0.43206584,0
ZINC000527315587,OCc1nc(Sc2ncnc3n[nH]cc32)n[nH]1,0.4421722,-7.098,0.25387695,0
ZINC000597509208,CCCc1nnnn1C[C@H]1CCCO1,0.33542666,-6.457,0.109063946,0
ZINC000606278218,C#CC(=O)N[C@@H](C)c1cc(C)sc1C,0.57469094,-7.553,0.46908146,0
ZINC000720981139,O=C(NC[C@H]1C[C@H](O)C1)[C@@H]1C[C@H]1c1ccccc1,0.49921855,-9.115,0.15718743,0
ZINC000783234626,C=CCCCCCOC(=O)[C@H]1CCOC1,0.49611327,-6.753,0.39659655,0
ZINC000796919392,CC[C@H]1CCCC[C@H]1C(=O)OCC1(F)CC1,0.49025086,-7.387,0.31907114,0
ZINC000833694794,CN(Cc1c[nH]c(C(=O)O)c1)C[C@@H]1CCCO1,0.5332981,-7.174,0.42648792,0
ZINC000873153674,CCn1ncc(CNCCC[C@H]2C=CCC2)n1,0.63684994,-7.155,0.63359,0
ZINC000894885988,CCOCC(=O)Nc1nn(C(C)C)cc1Cl,0.37312678,-6.309,0.19913098,0
ZINC000896000803,CC1=NO[C@H](c2nc(-c3ncccc3C)no2)C1,0.53233415,-8.704,0.26551512,0
ZINC000900146863,C[C@H](O)CNC(=O)CNc1ccccn1,0.43660548,-6.687,0.28557858,0
ZINC001263481221,Cn1cnc(C(=O)OCC2=CCCC2)cc1=O,0.48455754,-7.698,0.27546075,0
ZINC000173261089,C[C@@H](c1ccco1)N(C)Cc1nc(N)nc(N)n1,0.46705613,-6.681,0.34652227,0
ZINC000184306665,C=C(C)CS(=O)(=O)N1CCN(CCO)CC1,0.3720362,-6.217,0.20653524,0
ZINC000231821501,CCN(CCN)Cc1cncs1,0.5375882,-5.027,0.65819454,0
ZINC000266622492,CCc1nc(CNC[C@@H](OC)C(C)C)cs1,0.4154191,-6.171,0.2972551,0
ZINC000274603137,Cc1noc(C)c1NC(=O)[C@H]1C[C@H]1C(C)C,0.4086431,-6.887,0.20939502,0
ZINC000306642675,Cn1cnc(C(=O)OC2CCC2)n1,0.4018475,-5.997,0.28846055,0
ZINC000306833546,O=C(NC1CCC1)c1sccc1F,0.4609574,-6.447,0.3587686,0
ZINC000492090926,C/C=C/C=C/C(=O)NCc1ccn(C)c1,0.46859485,-7.241,0.29135117,0
ZINC000569114435,CO[C@@H]1COC[C@H]1Nc1ncc(C)cn1,0.46100736,-6.342,0.36978364,0
ZINC000622329128,Cc1ccn(CC(=O)NCc2cc(C)on2)n1,0.43207195,-7.289,0.21401237,0
ZINC000650035115,CCCC(C)(C)C(=O)N[C@H](C)CF,0.29729834,-5.947,0.086556286,0
ZINC000656915965,C[C@@H](CO)[C@H](C)NS(=O)(=O)c1ccncc1,0.38118172,-6.691,0.17537326,0
ZINC000661808278,CN1CCN(Cc2cccs2)CCC1=O,0.5567314,-6.919,0.4994177,0
ZINC000709025786,C#CCCCCC(=O)N1CCO[C@@H](C(C)C)C1,0.4789286,-6.846,0.35288668,0
ZINC001121211653,CCc1nc(C(=O)NCc2cnccn2)c(C)o1,0.4724925,-7.434,0.27900717,0
ZINC001137596785,c1nc(CN2C[C@@H]3CCO[C@@H]3C2)cs1,0.47196415,-6.303,0.39554262,0
ZINC001225297053,N#CC1CC(Oc2ccccc2C(N)=O)C1,0.5058711,-7.653,0.32235932,0
ZINC001328595169,C[C@@H](C(=O)NCC[C@H]1CC1(F)F)n1ccnc1,0.3647655,-7.44,0.06498599,0
ZINC000012971532,C[C@H]1NC(=S)N(c2cccc(O)c2)C1=O,0.44064146,-7.731,0.18503618,0
ZINC000032758426,N#CCCNC(=O)CN1CCC[C@@H](O)C1,0.39939985,-6.37,0.24483384,0
ZINC000037718508,N#Cc1ccnc(NCCc2cccnc2)c1,0.53434294,-8.1,0.33228803,0
ZINC000041160178,Cn1cc(CNC(=O)CNc2ccccc2)cn1,0.44854152,-7.321,0.24331029,0
ZINC000052606917,CCOC(=O)C1=CCN(C)CC1,0.42877302,-5.979,0.34366888,0
ZINC000135524845,C[C@@H](O)C[C@@H](C)Nc1ncccc1C#N,0.42396924,-6.888,0.23965079,0
ZINC000281913133,CCCC[C@H](C)C(=O)NCc1cccn1C,0.4537608,-7.541,0.2307774,0
ZINC000307958860,C=C[C@H](CO)NC(=O)/C(C)=C\C,0.3113094,-5.701,0.13988581,0
ZINC000334351708,N#Cc1cnn2ccn(CC3CCC3)c12,0.5649414,-7.176,0.48896256,0
ZINC000393560271,CSCCC(=O)N(CC#N)C1CC1,0.31168652,-5.1,0.20311455,0
ZINC000637922780,COCc1ccccc1NC(=O)C1=CC[C@H](N)C1,0.567729,-7.597,0.45071608,0
ZINC000662570141,CC(C)OC[C@H](N)C(=O)N[C@@H]1CC[C@@H](CN)C1,0.4486894,-6.878,0.28965878,0
ZINC000665946878,C=CCCNC(=O)N1CCC(CO)CC1,0.37775174,-6.827,0.15443985,0
ZINC000677340166,C[C@H](NC(=O)C1CC(F)(F)C1)C1CCC1,0.4837221,-8.311,0.21007653,0
ZINC000717154748,c1nc(CNCC[C@@H]2CC[C@@H]3C[C@@H]32)co1,0.5988797,-6.876,0.58738005,0
ZINC000788195739,CC1CN(C(=O)c2cccnc2S)C1,0.500012,-6.776,0.40192842,0
ZINC000805294540,O=C(C[C@@H]1COC(=O)C1)N[C@H]1CCCC1(F)F,0.39505857,-8.22,0.043902785,0
ZINC000835015582,C=CCON=C1CCN(CC(F)(F)F)CC1,0.41357753,-6.895,0.21833801,0
ZINC000845612036,C=C(C)CONC(=O)N1C[C@H](O)[C@H](CO)C1,0.3640277,-6.554,0.15563563,0
ZINC000847105459,C=CC[C@@H](CC)NC(=O)Cc1ncc[nH]1,0.43512055,-6.508,0.3012464,0
ZINC000871206738,O=C(N[C@@H]1C[C@H]1C(F)(F)F)c1ccc(F)nc1,0.5138481,-7.93,0.3093633,0
ZINC000886021589,O=C(NCC1CCC=CCC1)c1ccnc(F)c1,0.5484203,-9.119,0.25423574,0
ZINC000896883567,C=C1CC(c2noc(CCC3CCOCC3)n2)C1,0.66397333,-9.06,0.4892697,0
ZINC000900102391,COC(=O)CN(C)C(=O)c1c(C)[nH]nc1Cl,0.39150056,-6.468,0.21899769,0
ZINC000900876854,Cc1ncc(C(=O)NCCn2cccc2)n1C,0.42466086,-6.545,0.2766801,0
ZINC000971033559,C#CCN(C)[C@@H]1CCN(C(=O)CSC)C1,0.40464443,-6.022,0.29140195,0
ZINC001242529655,N#Cc1cncc(-c2ccc(CO)c(F)c2)n1,0.50208193,-8.312,0.24634174,0
ZINC001250394702,Nc1c(Cl)cccc1CC(F)F,0.39091188,-6.7,0.19371213,0
ZINC001329584385,O=C(/C=C/[C@H]1CCCO1)NCc1cccnc1O,0.5802912,-8.94,0.3359785,0
ZINC001474289645,Cc1cnc(O)c(CNCc2ccns2)c1,0.5007781,-6.986,0.3816137,0
ZINC000037932919,CN(CCC(=O)O)Cc1ncc(Cl)n1C,0.473759,-5.855,0.44567347,0
ZINC000046980169,CN(CC(N)=O)C(=O)C[C@@H]1CCCO1,0.28497115,-5.755,0.08209811,0
ZINC000054470419,CC[C@H](C)CNC/C=C/c1ccccc1,0.7160777,-7.591,0.74520516,0
ZINC000087126876,C[C@@H](O)[C@@H](C)NCc1ccc(F)cc1,0.40396374,-6.959,0.19264033,0
ZINC000113465919,C[C@H](OC(=O)[C@H]1C[C@@H]1C)c1cccnc1,0.45641217,-7.859,0.2029693,0
ZINC000150951444,CCOc1cccnc1C(=O)Nc1ncnn1C,0.5314554,-6.789,0.46286348,0
ZINC000491676951,C#C[C@H](C)N(C)C(=O)c1cnc(Cl)cn1,0.3980052,-6.623,0.2157685,0
ZINC000525224653,COC[C@@H](C)SCc1nnc(C2CC2)o1,0.43148836,-5.871,0.36027575,0
ZINC000575622684,CC[C@@H](C)c1cc(C(=O)OC)ncn1,0.35877454,-6.6,0.14044732,0
ZINC000598996885,CCC(F)(F)CN[C@H](C)[C@H]1C[C@@H]1C(=O)OC,0.4672471,-6.352,0.3811044,0
ZINC000663158996,COCc1noc([C@@H]2CCCc3nn[nH]c32)n1,0.4949858,-7.316,0.335832,0
ZINC000705268435,O=C(CN1CC=CCN1)N1CCCCC1,0.47125742,-7.193,0.3016157,0
ZINC000860839739,C[C@@]1(COC(=O)C23CC(C2)C3)C[C@H]1F,0.42395037,-7.057,0.22204366,0
ZINC000866094638,CS[C@H]1C[C@H](NC(=O)c2cnns2)C1,0.45820925,-6.314,0.36715183,0
ZINC000895112358,CC[C@@H](C)C[C@@H](CO)NCc1nnc(C)s1,0.388672,-5.98,0.26412845,0
ZINC000895287133,Cc1ccoc1C(=O)N(C)CCCF,0.3878364,-6.069,0.2532205,0
ZINC000900117884,CC(C)CN(C(=O)c1n[nH]cc1F)C1CC1,0.44644624,-6.415,0.33335012,0
ZINC001116204018,C(O[C@H]1CCOC1)c1nc(CC2CC2)no1,0.42144823,-6.925,0.23081023,0
ZINC001230021072,CCC#C[C@@H](C)Oc1nc(C)nc(O)c1OC,0.54788435,-7.838,0.3863506,0
ZINC001624956938,C=C/C=C/CC(=O)Nn1cnc2ccccc21,0.4824584,-8.835,0.15309674,0
ZINC000012397357,Cn1cc(C(=O)O)c(C(=O)Nc2cc[nH]n2)n1,0.37839475,-6.437,0.19625914,0
ZINC000084305092,Nc1cn2cccc(Br)c2n1,0.46850464,-6.093,0.41052186,0
ZINC000087724680,Cc1cccc(Nc2cncc(N)n2)c1C,0.70446086,-7.858,0.69443524,0
ZINC000121643906,Cc1cc(CNCCC2CCC2)c(C)o1,0.5930499,-7.241,0.5378853,0
ZINC000217942917,O=C[C@@H]1C[C@H]1S(=O)(=O)c1ccc(Cl)cc1,0.42551205,-7.37,0.1925968,0
ZINC000261566399,CCC[C@H](NC(=O)c1c[nH]cc1C)C(=O)O,0.34406853,-6.64,0.10715748,0
ZINC000361971367,COC(=O)[C@@H](C)CSC[C@@H]1CCN(C)C1,0.39664292,-6.019,0.2758636,0
ZINC000416061158,O=C(CCCC(F)(F)F)NC[C@H]1CC12CC2,0.4598658,-7.43,0.2544107,0
ZINC000525810745,Cc1cc(CNC(=O)NC[C@@H](C)CCO)no1,0.38756382,-6.96,0.16004962,0
ZINC000668954880,CCN(C(=O)[C@@H]1CN(C)C(=O)N1)C1CCC1,0.3259291,-6.408,0.09534433,0
ZINC000772311010,C[C@H](OC(=O)[C@H]1CCCCO1)C(=O)NC1CC1,0.40268865,-7.445,0.1395885,0
ZINC000857438417,CS(=O)(=O)CCNC(=O)[C@H]1CC1(F)F,0.28903008,-6.452,0.017676374,0
ZINC000912141491,C[C@@H]1CCCCN1NC(=O)c1ccsn1,0.35590056,-6.795,0.11448145,0
ZINC000917102863,N#Cc1ccccc1SCC1(O)CCOCC1,0.53147346,-7.574,0.38128835,0
ZINC000935705147,O=C(NCCc1nc(=O)o[nH]1)[C@]12C[C@H]1CCC2,0.51541704,-8.416,0.2619452,0
ZINC001227102478,C[C@H]1CCC[C@H]1Oc1nc[nH]n1,0.36276963,-6.207,0.18921863,0
ZINC000005902817,CC1(C)CC(=O)C(/C=N/N)=C(O)C1,0.5051182,-6.979,0.39093882,0
ZINC000041905055,NC(=O)[C@@H]1CCCCN1C(=O)c1ccco1,0.40355596,-7.179,0.16896068,0
ZINC000089263556,CC[C@@H](N)COc1nonc1C,0.3818666,-5.862,0.2629152,0
ZINC000179097301,CN(C)c1noc(CSC[C@H]2CCCO2)n1,0.33531263,-6.332,0.12183343,0
ZINC000218243599,COC(=O)[C@@H](Cc1ccccc1O)NC(C)=O,0.5262645,-7.155,0.4145303,0
ZINC000331440599,COCc1ccc(C(=O)N[C@H]2C[C@@H]2C)o1,0.4399804,-6.656,0.29548678,0
ZINC000351484583,CCOCCCNC(=O)N(C)Cc1cc[nH]n1,0.34886736,-6.001,0.18309586,0
ZINC000362351723,C[C@H](CC(N)=O)NC(=O)c1ccc([N+](=O)[O-])[nH]1,0.5743188,-7.038,0.5218852,0
ZINC000399616856,C[C@H](C#N)S(=O)(=O)N1C[C@@H](C)[C@H](C)[C@@H]1C,0.5620319,-7.836,0.41458356,0
ZINC000600673939,CCc1cnn(CCCCC(=O)OC)c1,0.34063542,-6.27,0.1388231,0
ZINC000624820031,C/C=C/CNC(=O)N1CC(=O)N(CC2CC2)C1,0.35310304,-6.992,0.08845909,0
ZINC000681674179,C=CCN(C)C(=O)[C@@H](C)n1cccn1,0.44021377,-5.637,0.4018873,0
ZINC000700624272,CCC(F)(F)C(=O)NOC(C)C,0.28710607,-5.866,0.074787356,0
ZINC000701831036,CC[C@H]1NCC[C@@H]1C(=O)N1CC[C@@H](OC)C1,0.36291227,-6.59,0.14968337,0
ZINC000811671319,CCC(=O)N1CCC(=NOC/C=C/Cl)CC1,0.54810995,-7.025,0.47131938,0
ZINC000815849807,O=C(NOCc1cccnc1)c1cc(F)c[nH]1,0.4523056,-7.758,0.20533475,0
ZINC000849870559,CC[C@@H](C#N)OC(=O)Cc1occc1C,0.3714382,-6.758,0.14910671,0
ZINC000882990838,CC[S@@](=O)CCNCc1ccc(SC)o1,0.4124651,-5.859,0.32383996,0
ZINC000902048047,CCc1cc(NCc2cnn(C3CCC3)c2)no1,0.4455695,-7.779,0.18980795,0
ZINC000932502647,C[C@H]1COC[C@H]1NCc1noc(C2CC2)n1,0.45865163,-7.095,0.2868331,0
ZINC001030287967,O=C(NC1CN(CC2CC2)C1)c1ncc[nH]1,0.49229494,-6.745,0.38986447,0
ZINC001116369170,Cc1nnccc1C(=O)N(C)c1cccnc1,0.39879322,-7.284,0.14861003,0
ZINC001161707621,Cc1nnc(CNc2cnc3cc[nH]c3n2)o1,0.5289073,-7.402,0.39408666,0
ZINC001206226078,COc1ccc(Nc2ccccc2O)c(O)c1,0.6390141,-8.349,0.51374537,0
ZINC001261640698,C=CCOCCCNC(=O)NC/C=C/C1CC1,0.40891016,-6.803,0.21865696,0
ZINC000000039493,Cc1ncc(Cl)c(C(=O)O)n1,0.3189435,-6.062,0.11747768,0
ZINC000003290147,O=C1NC(=O)[C@H](CCc2ccccc2)N1,0.5907271,-7.942,0.460406,0
ZINC000016698297,O=C1CCC(=O)NC1,0.25111365,-4.946,0.09913551,0
ZINC000022211015,C[C@H](C(=O)Nc1cccc(N)c1)n1cccn1,0.5239842,-7.521,0.3719628,0
ZINC000049259206,CC(C)OCCN(C)CCCN,0.3053916,-4.882,0.21330881,0
ZINC000124147082,CCN(CC#N)C(=O)[C@@H]1C[C@H]1c1ccco1,0.3744504,-7.117,0.11775091,0
ZINC000178274432,Cc1ocnc1C(=O)N1C[C@@H]2CCCC[C@H]2C1,0.42901218,-8.002,0.1338257,0
ZINC000231690453,CCOCC(=O)NCc1cccn1C,0.34798113,-6.041,0.17718181,0
ZINC000238857205,CCOC(=O)C1([S@@](C)=O)CCNCC1,0.41118696,-5.671,0.3408531,0
ZINC000405102951,CN1CCC[C@@H]1CN1Cc2cccc(C#N)c2C1,0.6749629,-7.937,0.62778926,0
ZINC000416401553,NCC1(Cc2nc(-c3cccs3)no2)CC1,0.4729316,-7.021,0.32281366,0
ZINC000533200389,CC(C)CNC(=O)CSC[C@H]1CCCOC1,0.39935505,-6.621,0.21865037,0
ZINC000593980826,C=CCCCCN1CC(C)(C#N)C1,0.5374661,-6.264,0.52935064,0
ZINC000652537923,Cc1nnc(N2C[C@@H](C(=O)O)[C@H](C3CC3)C2)o1,0.44652453,-7.741,0.19565041,0
ZINC000679918236,O=C(CN1CSCC1=O)N1CC(F)(F)C1,0.3433114,-6.378,0.132896,0
ZINC000841473516,C=CCC(F)(F)C(=O)NCC1(C#N)CCC1,0.40361276,-6.95,0.19288072,0
ZINC000842510164,C[C@@H]1CN(C(=O)c2ccc[n+]([O-])c2)C[C@@]1(C)CN,0.58084095,-7.828,0.4526742,0
ZINC000848072446,COCC1(C(=O)N[C@H]2C[C@H](C)OC2=O)CC1,0.36568585,-7.063,0.10600316,0
ZINC000871781496,CCO[C@@H](CN1C(=O)O[C@@H](C)C1=O)C1CC1,0.59689367,-6.418,0.6310609,0
ZINC000875882257,COCCCC(=O)Oc1cc(F)cc(Cl)c1,0.4323245,-6.68,0.27782607,0
ZINC000893688574,Cn1cnc(C(=O)N[C@@H]2C[C@@H]3CCCC[C@H]23)n1,0.42863658,-7.305,0.20554379,0
ZINC000901933716,CON1CC[C@H](Nc2cc(F)ccc2F)C1=O,0.43335748,-7.556,0.18880077,0
ZINC000907430751,C[C@]1(CNC(=O)CCF)CCO[C@H]1C1CC1,0.34395307,-6.686,0.10214653,0
ZINC000913792254,C[S@@](=N)(=O)N1CCN(C(=O)CCF)CC1,0.32939526,-6.203,0.12352292,0
ZINC000925943557,CCn1cc(N[C@H](C)c2nonc2C)cn1,0.49100974,-7.604,0.29801446,0
ZINC001120000290,CO[C@@H](C)CC(=O)NC1(C2CCCCC2)CC1,0.44288886,-7.613,0.2017557,0
ZINC000150772502,CCC1(CNC(=O)[C@@H]2C[C@]2(C)CC)CC1,0.36086622,-6.887,0.11475338,0
ZINC000157617640,Cc1csc(=O)n1CCC1CCNCC1,0.5784965,-7.0,0.53411144,0
ZINC000228482353,C[C@H](N[C@@H](C)C(F)F)c1ccc(F)cc1,0.530415,-7.41,0.39624155,0
ZINC000269116387,COCCC1(CNC(=O)c2cnn(C)c2)CC1,0.46314904,-6.843,0.32194075,0
ZINC000289882252,C[C@@H]1CCN(C(=O)c2cncn2C)[C@H]1C,0.39481315,-6.97,0.17337023,0
ZINC000334971407,Nc1cccc(CN2CCc3ccsc3C2)c1,0.6947059,-7.86,0.6749036,0
ZINC000335522190,Cc1ccc(CNC(=O)[C@H]2CO[C@@H](C)C2)nc1,0.52685404,-8.319,0.29468533,0
ZINC000359500766,NC(=O)c1ccc(NCc2cccc(O)c2)nc1,0.62230563,-8.709,0.44322073,0
ZINC000379357483,CSCCON=Cc1[nH]cnc1C,0.36757126,-5.411,0.28148472,0
ZINC000379563841,CCCc1csc(CNCCCF)n1,0.49844977,-6.021,0.4773258,0
ZINC000384838113,O=C(NCCCOC[C@@H]1CCCO1)[C@H]1CCN1,0.36209774,-6.46,0.16158505,0
ZINC000514057187,C[C@@]1(O)CCCN(C(=O)[C@H]2C[C@@H]2C(F)F)CC1,0.4363682,-8.005,0.14808539,0
ZINC000630990882,C[C@@H]1C[C@H](N2C(=O)CN(C)C2=O)[C@@H](C)O1,0.35611567,-6.986,0.09505064,0
ZINC000633323517,O=C(c1cscc1Cl)N1CCC12COC2,0.5723161,-6.652,0.5580477,0
ZINC000660759198,Cc1nnc(CN2C[C@H](C)C[C@H](O)C2)s1,0.5623569,-6.859,0.5167991,0
ZINC000663673883,C[C@@H]1CCCN1c1ncnc2c1nnn2C,0.42579433,-7.587,0.17059606,0
ZINC000710139893,C[C@@H]1CN(Cc2ccoc2)C[C@@]1(C)C(=O)O,0.57882756,-7.283,0.5053457,0
ZINC000766008458,FC(F)C1CC(=NN2CCOCC2)C1,0.39311895,-6.798,0.1878958,0
ZINC000806680425,CO[C@H](C)CCNC(=O)N1CCC[C@H]2C[C@H]21,0.3994155,-6.851,0.19485864,0
ZINC000810151944,Cc1c[nH]nc1CN[C@H](C)C[C@H](O)c1ccco1,0.53119206,-7.384,0.40048385,0
ZINC000819781080,C[C@@H]1CN=C(NC(=O)Cc2cncn2C)S1,0.4792814,-6.605,0.37864065,0
ZINC000828477458,CC(C)CC(=O)CCN1CC[C@](F)(CO)C1,0.47405308,-7.045,0.32254016,0
ZINC000833294823,O=C(O)c1cc(-c2nc3cnccc3s2)c[nH]1,0.5864398,-7.537,0.49401826,0
ZINC000895103548,CC#CC[C@H](CO)NCc1ocnc1C,0.44248602,-6.675,0.2984749,0
ZINC000904030135,COC1(c2noc(Cc3cc(C)on3)n2)CCC1,0.46850747,-7.873,0.22547348,0
ZINC001118098710,COC(=O)CCCOC(=O)[C@@H]1CCC[C@H](F)C1,0.35946813,-6.816,0.11936526,0
ZINC001118363244,Cc1nnc([C@@H]2CCC[C@H](F)C2)o1,0.44896105,-7.041,0.27325097,0
ZINC001118477480,O=C1CC[C@H](CSC[C@@H]2CCCO2)O1,0.4038776,-6.338,0.2570306,0
ZINC001205525139,CCn1cc(CN2C[C@H]3[C@H](CC3(F)F)C2)cn1,0.6201895,-7.37,0.57823515,0
ZINC001229328511,CCN1CC[C@@H](Oc2n[nH]c3c2CCC3)C1,0.75985104,-7.73,0.8174653,0
ZINC001233382246,Nc1cc(F)c(F)cc1CN1CCC[C@H]2C[C@H]21,0.56734776,-8.347,0.37198877,0
ZINC001243377215,CCc1ccc(-c2cnc(C)s2)nn1,0.56167907,-6.594,0.5430065,0
ZINC001575159377,CC(=O)NCc1ccc(-c2cnn[nH]2)cc1,0.4381767,-7.925,0.15998492,0
ZINC000188727124,C[C@@H](SC1=NCCS1)c1nnnn1C,0.48037788,-6.066,0.4368487,0
ZINC000193537453,COC[C@H](C)N(C)Cc1noc(C2CC2)n1,0.46807808,-6.667,0.3500022,0
ZINC000306298228,C[C@H]1CCC[C@@H]1NCc1cnn(C)n1,0.39699978,-6.963,0.17842948,0
ZINC000335567227,CO[C@@H](C)C(=O)N[C@H]1CC12CC2,0.32325122,-5.933,0.13942206,0
ZINC000336740940,O=C1C[C@H](Nc2nnc(C3CC3)s2)CN1,0.43678954,-6.666,0.2881264,0
ZINC000347343333,CCCNC(=O)CN1[C@H](CO)CC[C@H]1CO,0.36306205,-6.139,0.19686736,0
ZINC000349967172,CC#CCCNC(=O)N[C@H](C)[C@H]1CCOC1,0.4198057,-7.753,0.14147525,0
ZINC000388493735,C/C=C/COC(=O)C[C@H](C)SC,0.5445786,-5.013,0.6734975,0
ZINC000393614819,CCCC[C@@H](CCC)N[C@H]1CCOC1=O,0.4810715,-6.186,0.42574716,0
ZINC000491474109,C#C[C@H](CC)NS(=O)(=O)[C@@H]1CCCOC1,0.33334124,-6.783,0.071041,0
ZINC000495703640,CC(C)[C@@H](C)CNC(=O)OC[C@H]1CCCO1,0.47747403,-7.106,0.32297498,0
ZINC000615577233,CC(=O)[C@@H]1CCCCN1C(=O)c1nccs1,0.43420714,-6.573,0.29267943,0
ZINC000627187102,CC[C@H](O)CCNC(=O)NC[C@H]1COCCN1,0.37463713,-6.427,0.1898552,0
ZINC000629037624,C/C=C/CNC(=O)[C@@H](C)c1ccsc1,0.41374668,-7.005,0.20723712,0
ZINC000643035738,Cc1csc2nc(C)nc(NC[C@@H](C)N)c12,0.6574292,-6.709,0.72072315,0
ZINC000745155946,CC#CCOC(=O)[C@@H]1CCC[C@H](C)C1,0.4365971,-7.773,0.17265825,0
ZINC000763971425,CC#CC(=O)NCc1c(C)cc(C)nc1O,0.5490851,-8.576,0.31200454,0
ZINC000848517824,COc1cccc(CONC(=N)[C@H]2C[C@H]2C)c1,0.62288994,-7.285,0.5924213,0
ZINC000862702206,O=C(NN1CCOC1=O)C1(F)CCCC1,0.3512726,-7.285,0.054372042,0
ZINC000877066009,CSC(C)(C)CN[C@H](C)[C@@H]1CC1(F)F,0.33553338,-5.928,0.16427173,0
ZINC000894219853,CCOc1ccc(CN2CCC=C(C)C2)o1,0.54705894,-7.542,0.41548854,0
ZINC000896539556,CS[C@@H](C)c1nc(-c2cn[nH]c2)no1,0.39713937,-6.083,0.2701934,0
ZINC000900729203,O=C(CC1COC1)N(CC1CC1)CC1CC1,0.38106385,-5.985,0.2485376,0
ZINC001142694065,CC(=O)C(=O)NC[C@@H](O)c1ccco1,0.42551097,-6.574,0.27534917,0
ZINC001206340011,Nc1ccccc1Nc1ccc(O)c(F)c1,0.7410291,-7.958,0.7564772,0
ZINC001248725486,C[C@@]1(c2nc(-c3ccccn3)no2)CCN1,0.7053925,-7.572,0.726014,0
ZINC000037689206,CC[C@H](O)CN(C)C1CCNCC1,0.34493464,-5.573,0.21980163,0
ZINC000038539579,N[C@@H]1CCCN(Cc2cccc(Cl)c2F)C1,0.6860442,-7.998,0.64339864,0
ZINC000067800828,N[C@H]1CCN(c2c(F)cccc2[N+](=O)[O-])C1,0.6381426,-7.69,0.58053046,0
ZINC000081107700,Cc1nc(Cl)cc(NC[C@H](C)C(C)C)n1,0.4252813,-6.639,0.26813656,0
ZINC000307145802,C[C@@]1(C(=O)N2CCCNCC2)C[C@H]1F,0.48509613,-6.561,0.39473346,0
ZINC000346967745,CSC[C@@H](C)NC(=O)C(=O)NCC(F)F,0.28727013,-5.721,0.09018695,0
ZINC000527643837,CCCN1CC[C@@H](CNCc2ccnc(C)c2)C1,0.7260972,-7.348,0.790316,0
ZINC000671238116,COCCC[C@H](C)C(=O)N[C@@H]1C[C@H]1C,0.46667528,-6.075,0.40876943,0
ZINC000793936988,N#Cc1cc(C(=O)NOC[C@H]2CCOC2)ccn1,0.41569805,-8.122,0.09497605,0
ZINC000797480798,CCCOC(=O)c1cc2ccccc2c(=O)o1,0.5167738,-8.157,0.2915593,0
ZINC000802901477,Cc1ccn(C)c1C(=O)O[C@]1(C)CCOC1,0.5505347,-6.936,0.4853753,0
ZINC000835502333,CCn1nccc1C(=O)OCC(C)(C)OC,0.3172434,-5.928,0.12804095,0
ZINC000867959957,CC/C=C(/F)C(=O)N1CCCN(C)C[C@@H]1CC,0.47682622,-6.959,0.3369743,0
ZINC000934013418,OC[C@H]1CCN1CCO[C@H]1CC1(F)F,0.39793202,-5.554,0.32675993,0
ZINC001158053343,Nc1cc([N+](=O)[O-])cnc1NCCC1CCC1,0.56505436,-7.212,0.48544365,0
ZINC001185540698,COc1nccc(F)c1C(=O)NCC(F)F,0.3502081,-6.806,0.102061614,0
ZINC001243371629,COc1cncnc1-c1ccc(N)c(Cl)c1,0.52736574,-7.408,0.39040917,0
ZINC001245557590,COc1ccc(-c2ccncc2CN)nn1,0.4806612,-6.934,0.3471701,0
ZINC001249691340,Cc1cnc(Nc2cn(C)c3cnccc23)cn1,0.5567283,-7.496,0.439425,0
ZINC001250147794,COC(=O)CCCc1cc(Cl)cc(C#N)c1,0.49824208,-7.34,0.3397873,0
ZINC001252112344,CCCC[C@@H](O)CNC[C@@H]1CC(C)(C)O1,0.45935324,-6.322,0.36858627,0
ZINC001252773446,CCC[C@@H](O)CN=c1c(Cl)c[nH]cc1Cl,0.664937,-6.624,0.74443233,0
ZINC001334755168,Cc1noc(CN(C)Cc2ccc(N)cc2)n1,0.65254945,-7.323,0.6472236,0
ZINC001346362409,CC(C)ONC(=O)NC[C@H]1C[C@H]1C1CCCC1,0.5455561,-7.621,0.4042986,0
ZINC001349160044,C=C(CC)C(=O)N1CC[C@@](F)(C(=O)OC)C1,0.34941363,-6.728,0.10859693,0
ZINC000038220130,NN1CCC[C@H]1CO,0.35749993,-4.836,0.321313,0
ZINC000042165495,CCCCCNC(=O)C[C@H]1CCCN1,0.4368684,-6.585,0.2967036,0
ZINC000172368276,CC(C)[C@@H](C)CNC(=O)NCc1ccnn1C,0.55505884,-7.174,0.469594,0
ZINC000334436624,C=CCN(C)C(=O)N[C@H]1CCC[C@H]1C,0.4408649,-6.66,0.29682308,0
ZINC000336106101,CC1(C)CC[C@H](CNC(=O)C2(C#N)CCC2)O1,0.39644653,-8.248,0.043741222,0
ZINC000364368478,CC(=O)N1CC[C@H](OCc2csc(C)n2)C1,0.43411753,-6.629,0.28667998,0
ZINC000629004239,C=C[C@@H](O)C(=O)NCC(=O)C1(C)CCCC1,0.59896785,-6.977,0.57705444,0
ZINC000634191719,CC[C@@H](C)CCC(=O)NC1(C)COC1,0.3471282,-6.588,0.11862454,0
ZINC000855607377,C#CCONC(=O)C[C@@H](C)[C@@H]1CCCO1,0.3701282,-6.994,0.1219765,0
ZINC000892628022,COc1ccc(CNC2CCOCC2)nc1,0.46948802,-6.996,0.31859136,0
ZINC001225207308,C[C@@H](CON)Oc1cccc(Cl)c1Cl,0.5170135,-6.745,0.43882972,0
ZINC001241426368,N#Cc1ccc(-c2cc(-c3nnco3)ccn2)cn1,0.5631394,-8.809,0.3156215,0
ZINC001242791035,Fc1ccc(-c2ccccc2OC2CC2)nn1,0.5609776,-7.712,0.42538637,0
ZINC001350304664,CSCC(=O)N[C@@H](C#N)C1CCCC1,0.33493418,-6.32,0.122331336,0
ZINC000003679847,CCOc1ccccc1C[C@H](N)C(=O)O,0.53537136,-6.901,0.45897675,0
ZINC000036900122,C[C@@H](NCc1cc[nH]n1)c1ccc(Cl)cc1,0.6782334,-7.754,0.65329313,0
ZINC000045038574,Cc1cc(C(=O)c2cccc(F)c2F)ccn1,0.54797626,-8.533,0.31427848,0
ZINC000053055300,NC(=O)CCCNC(=O)c1cn2cccnc2n1,0.41364965,-7.225,0.1841731,0
ZINC000071283754,CC1(C)[C@H](C(=O)O)[C@@H]1C(=O)NCCCC(=O)O,0.36713898,-7.232,0.09131195,0
ZINC000113729799,CCOCc1nc(-c2ccccc2C)no1,0.541977,-7.932,0.3648761,0
ZINC000186521027,C=CCNC(=O)NCC1(C(=O)OC)CC1,0.3240248,-6.055,0.12827101,0
ZINC000308429479,C#CCNC(=O)CCc1ncc[nH]1,0.33652484,-6.423,0.114774086,0
ZINC000335942135,COC[C@@H](C)NC(=O)N1CCC[C@H]1C,0.3231763,-6.083,0.12367921,0
ZINC000372377106,O=C(/C=C/c1ccco1)N1CCO[C@@H](C2CC2)C1,0.4836357,-7.831,0.25980756,0
ZINC000380103417,C#CCNC(=O)[C@@H](C)N1CC[C@H](O)C(C)(C)C1,0.459423,-7.712,0.22421601,0
ZINC000445933210,COC[C@H](C)CC(=O)N(C)Cc1ccc[nH]1,0.32212058,-5.999,0.13032082,0
ZINC000558653226,Cc1scc(C(=O)Nc2cn(C)nn2)c1C,0.57288,-7.243,0.49772274,0
ZINC000567950749,Cc1nc(CN(C)C(=O)C2(CF)CCC2)no1,0.39611423,-7.001,0.17272474,0
ZINC000622455569,C[C@H](O)[C@H]1CCCN(C(=O)CO)C1,0.34162787,-6.185,0.1496259,0
ZINC000700601808,Cc1ncsc1CN[C@@H]1C=CCC1,0.60969746,-6.153,0.6839742,0
ZINC000727907714,Cc1cc(COC(=O)[C@H]2CCCOC2)on1,0.39522567,-7.263,0.14372626,0
ZINC000820952718,O=C(c1cc2ncccc2o1)N1CC2(CC2)C1,0.49936497,-8.223,0.2502124,0
ZINC000877650635,Fc1cc(CN2C[C@@H]3C[C@@H]3C2)cnc1Cl,0.6403169,-7.409,0.61405116,0
ZINC001140927763,FC[C@@H]1CC(F)(F)CN1Cc1cnco1,0.38448906,-6.255,0.22725263,0
ZINC001255819227,O[C@H]1C[C@H](c2nnc(Cc3ccccc3F)o2)C1,0.53006643,-9.319,0.19708589,0
ZINC001652316655,O[C@H](CN1C[C@H]2CNC[C@H]2C1)C1CC1,0.46238238,-6.925,0.31189707,0
ZINC000000493011,CCOc1ccc(C[C@H]2CC(=O)NC2=O)cc1,0.5596828,-8.126,0.37978095,0
ZINC000004343560,NCc1ccccc1-n1cncn1,0.49844044,-6.637,0.41326618,0
ZINC000011804433,CCc1ccc(S(=O)(=O)NCCO)cc1,0.47669035,-7.21,0.31061047,0
ZINC000101021495,N#CC(=O)Nc1ccccc1Cl,0.41408858,-6.643,0.24554896,0
ZINC000160638378,CC[C@H](NC(=O)[C@H]1C[C@H](C)CCN1)C(=O)O,0.5511074,-6.969,0.48307893,0
ZINC000164682433,Cc1csc(CNC[C@@H]2CCC[C@H](O)C2)n1,0.6196347,-7.624,0.5507295,0
ZINC000186366131,COC1(CNC(=O)CCCC(C)=O)CCC1,0.37566745,-6.667,0.1669451,0
ZINC000258837659,CNc1cc(N2CCC[C@H]2CCO)ncn1,0.38120192,-6.612,0.18362638,0
ZINC000261537876,C[C@@H]1[C@@H](N)CCN1Cc1ccc(F)cc1,0.56525886,-7.5,0.45590743,0
ZINC000289832868,CON(CC(N)=O)Cc1ccccc1Cl,0.3758193,-6.59,0.17525105,0
ZINC000409424539,CN1C(=O)[C@H]2CN(C(=O)CC#N)C[C@@H]2C1=O,0.34414113,-7.131,0.056255516,0
ZINC000530641039,O=C(COC[C@H]1CCCO1)N1CC[C@@H](O)C1,0.36567956,-6.781,0.13530825,0
ZINC000593115371,N#Cc1ccccc1CN1CC[C@]2(CC2(F)F)C1,0.5803218,-8.956,0.33437568,0
ZINC000596147249,C[C@H](CC#N)N(C)c1ncnc2c1nnn2C,0.40242296,-7.214,0.16307767,0
ZINC000639880924,Cc1nc(NC(=O)NCC#CCO)cs1,0.46022135,-6.935,0.30657667,0
ZINC000647272644,C[C@H](F)CCNC(=O)c1cccn1C,0.480101,-6.212,0.4211216,0
ZINC000761082870,Clc1ccccc1C#CCN1CC[C@@H]2C[C@@H]21,0.8154832,-8.715,0.8252642,0
ZINC000835488467,Cc1coc(C)c1C(=O)OCC1CC(F)(F)C1,0.5138214,-7.921,0.3102461,0
ZINC000838970365,C[C@H](C[N+](=O)[O-])OC(=O)[C@@]1(C)CCCCO1,0.44596776,-6.67,0.30589175,0
ZINC000843226380,CCSCCCc1noc(C2(N)CC2)n1,0.42176822,-6.406,0.28540084,0
ZINC000891516786,COCc1nc(O)cc(NCCn2ccnc2)n1,0.47943434,-6.317,0.40888494,0
ZINC000895333116,C#C[C@H](NCc1cc(C)co1)C1CCOCC1,0.44450366,-7.628,0.20339507,0
ZINC001228491785,Cc1c(O)cc(O)cc1OC1CC2(COC2)C1,0.49176976,-7.91,0.26770735,0
ZINC001519809196,N#C[C@H]1C[C@H]1C(=O)NC[C@H]1CCCCS1,0.39001516,-7.148,0.14536047,0
ZINC001527373581,CCNC(=O)[C@H](CCCO)c1ccccc1,0.39327207,-7.038,0.163248,0
ZINC000005414827,CC1(C)OC(=N)C=C1Br,0.3367986,-5.553,0.20576411,0
ZINC000014807514,COc1cccc2[nH]cc(/C(N)=N/O)c21,0.5964518,-7.308,0.5376587,0
ZINC000043046639,C[C@H]1CCCC[C@H]1NC(=O)Nc1ccncc1,0.6606368,-7.924,0.6007621,0
ZINC000104709088,CCN1N=C2CCCC[C@@H]2C1=O,0.40958485,-6.52,0.24941492,0
ZINC000180167526,O=C(COCC1CC1)N[C@@H]1CCCOCC1,0.40177724,-6.976,0.1865417,0
ZINC000181871854,C[C@H](O)CNC(=O)c1c[nH]c2cc(F)ccc21,0.6350965,-7.969,0.54549074,0
ZINC000190626943,CCS(=O)(=O)N[C@@H]1C[C@H]2OCCC[C@H]12,0.33525386,-6.544,0.09967688,0
ZINC000306281685,CC#CC(=O)N1CCCC2(CC2)C1,0.46429047,-7.952,0.2089069,0
ZINC000307692693,CCCOC(=O)N[C@@H]1C[C@@H]1C,0.36300683,-5.471,0.26620522,0
ZINC000315297569,C=C(Cl)CN[C@H](C)c1ncc(C(=O)O)s1,0.5164094,-6.157,0.49876317,0
ZINC000350423988,CN(C)c1noc(C[C@@H](O)Cc2ccccc2)n1,0.5360671,-8.388,0.30576217,0
ZINC000365593413,Cc1ocnc1CNC(=O)c1cc2n(n1)CCO2,0.5490959,-7.513,0.42253858,0
ZINC000375090434,O=C([C@@H]1COC(=O)N1)N1CC[C@]2(CCOC2)C1,0.37581846,-7.353,0.09592569,0
ZINC000382211335,CC(C)ONC(=O)/C=C/c1cccc(Cl)c1,0.55459905,-7.859,0.39746854,0
ZINC000454179171,CC[C@@H]1C[C@H]1CNC(=O)N=c1cc(C)o[nH]1,0.5690029,-7.387,0.47507185,0
ZINC000495767449,N#Cc1ccncc1C(=O)OC[C@@H]1CNC(=O)O1,0.3770818,-7.187,0.11568609,0
ZINC000527009644,CC(C)CO[C@H](C)C(=O)N1CC(O)(CC#N)C1,0.4118674,-6.807,0.22409913,0
ZINC000527818032,CONC(=O)[C@H]1CC[C@@H]1c1ccc(F)cc1,0.4707956,-8.255,0.19029225,0
ZINC000626728170,COc1nc(C(=O)N2[C@@H](C)C[C@@H]2C)co1,0.6089319,-6.42,0.6546997,0
ZINC000627757040,CCO[C@H](C(=O)Nc1nccn1C)C1CC1,0.37359646,-6.335,0.19735837,0
ZINC000636642730,O=C(NCc1ccoc1)NC[C@H]1C[C@@H](O)C1,0.4613162,-7.403,0.26009083,0
ZINC000641715274,CCc1cc(N2C[C@H]3C[C@@]3(O)C2)n2ncnc2n1,0.4594325,-8.162,0.17745154,0
ZINC000680721013,Cn1cc(Cc2noc(-c3cccs3)n2)cn1,0.4754679,-7.569,0.2708662,0
ZINC000724645478,C[C@@H](CCO)Sc1cc(C(F)F)ncn1,0.33933643,-6.464,0.11608114,0
ZINC000734744647,Clc1ccc(NN=C2CCCOC2)cc1,0.51802236,-7.673,0.34435058,0
ZINC000736299114,Cc1cc(CONC(=N)COC(C)C)no1,0.45597345,-6.314,0.3627229,0
ZINC000824471545,CC1(CN2CCC[C@@](C)(F)C2)CCC1,0.40179288,-6.847,0.19998392,0
ZINC000838799645,O=C(O[C@H]1CCSC1)[C@@H]1C[C@H]2CC(=O)[C@@H]1C2,0.40403175,-7.492,0.13736284,0
ZINC000900419407,CCC[C@H](CC)NC(=O)Cc1cnc[nH]1,0.3371861,-6.187,0.14061922,0
ZINC001123160388,C=C[C@H](OC(=O)C[C@@H]1CC=CCC1)C(=O)OC,0.4758456,-7.293,0.30030817,0
ZINC001172190403,O=C1NCC[C@H]1N[C@@H]1CSc2ccccc2C1,0.73886114,-8.091,0.73835564,0
ZINC001191108564,C#Cc1ccccc1C(=O)N(C)CC(C)=O,0.5659132,-7.683,0.43817836,0
ZINC001210336473,Cc1conc1Nc1ccn(C(C)C)n1,0.46103323,-7.427,0.25703517,0
ZINC001217851990,OC1CC(OCc2cc3ccccc3cn2)C1,0.63333315,-8.58,0.47847646,0
ZINC001242055347,N#Cc1c[nH]c2ccc(-c3ccnnc3)cc12,0.46412003,-8.792,0.12124044,0
ZINC001335501282,C#CC(=O)Nc1cccc(C[S@](C)=O)c1,0.43450853,-7.463,0.20074946,0
ZINC001436645756,CC[C@H](C(=O)Nc1ccnnc1)c1ccccc1,0.5790292,-8.03,0.4280848,0
ZINC000086435015,Cc1cccnc1CNC(=O)COCCN,0.40571284,-6.367,0.25765115,0
ZINC000185447809,O=C(OCCOCC(F)F)c1cscn1,0.2982242,-5.549,0.1297676,0
ZINC000260061985,N#Cc1cnc(N2C[C@@H]3C[C@@H]3C2)cn1,0.50412965,-6.906,0.39656997,0
ZINC000274639271,Cc1cnccc1C(=O)N(CC(N)=O)C(C)C,0.4952758,-7.034,0.36572403,0
ZINC000334435668,C[C@@H](C(=N)O)N1CC[C@]2(CCOC2)C1,0.34679943,-6.718,0.104458064,0
ZINC000336589928,Cc1cc(C)n([C@H](C)C(=O)N2CC(CO)C2)n1,0.36927274,-6.624,0.15874815,0
ZINC000623454034,CC(=O)NCCNC(=O)c1ccnc2ccnn21,0.4317363,-7.249,0.21750599,0
ZINC000629358476,C[C@@H]1C[C@@H]1Cn1cnc2c(c1=O)CCCN2,0.3982048,-7.828,0.090888605,0
ZINC000644750779,C[C@@H](NC(=O)c1cc[nH]c1)[C@@H](O)C(F)(F)F,0.47706342,-6.97,0.33630055,0
ZINC000649353828,O=C([C@@H]1CC1(F)F)N1CC(F)(F)C1,0.29758433,-6.36,0.044186134,0
ZINC000665016196,Cc1nc(CCc2ccccc2Cl)no1,0.4239599,-7.577,0.16800183,0
ZINC000845172078,CC(F)(F)C(C)(C)C(=O)OC[C@@H]1CCC(=O)N1,0.4491362,-7.438,0.23232463,0
ZINC000882486323,C#Cc1ccc(C(=O)NC[C@@H]2CCN2CC)cn1,0.49671733,-7.832,0.28561714,0
ZINC000888300298,C[C@@H]1CO[C@H](C(=O)NC2CCOCC2)C1,0.3537759,-6.931,0.096133694,0
ZINC000930251544,C[C@H](C1CC1)N1CCc2ncsc2C1,0.5737022,-6.774,0.54810995,0
ZINC000931528760,c1cn2c(n1)N(CCOc1ccccc1)CC2,0.56550825,-7.587,0.44735664,0
ZINC001349581230,C[C@@H](NCc1ncc(C2CC2)o1)[C@H](C)C(=O)O,0.56666166,-7.383,0.4708498,0
ZINC000006537661,O=C(Cc1ncc[nH]1)c1ccccc1,0.492551,-7.122,0.35117766,0
ZINC000070650864,COCCC(=O)N[C@@H](C#N)C(C)C,0.33217144,-5.932,0.15719618,0
ZINC000112514594,Cc1cc(Nc2ccc3ncsc3c2)ncn1,0.4419303,-7.906,0.16939571,0
ZINC000230954833,OC[C@H]1CCCCN1Cc1cncc(F)c1,0.44835708,-7.238,0.25157386,0
ZINC000306416667,Cn1cnc(=O)n1CCCO,0.35605505,-5.55,0.24422127,0
ZINC000307620692,C#C[C@H](C)NC1CSC1,0.42486364,-4.817,0.45672965,0
ZINC000335991485,Cc1ccc(O)c(NC(=O)[C@H]2CCSC2)n1,0.49280605,-7.349,0.32808334,0
ZINC000394409825,CC[C@@H](C)CCN[C@H]1CCSC1,0.50121164,-5.944,0.49080193,0
ZINC000496119760,COC(=O)NCCNC(=N)N1CCSCC1,0.39716902,-5.734,0.30653515,0
ZINC000527951724,O[C@H](CN[C@@H]1CCn2ccnc21)[C@@H]1CCCO1,0.6049958,-7.142,0.57184136,0
ZINC000615399330,Cc1ccoc1CC(=O)NCCC(C)(C)C1CC1,0.5692446,-8.002,0.41161346,0
ZINC000639849107,C[C@@]1(CO)C[C@@H](O)CN1CC1=CCCC1,0.45470425,-7.29,0.25874096,0
ZINC000655125815,C[C@H](OCC1CC1)C(=O)N1Cc2cncnc2C1,0.3822578,-7.389,0.10493873,0
ZINC000655414496,COc1ccc(C(=O)NC[C@H]2CCCNC2)o1,0.46648163,-7.423,0.2682438,0
ZINC000662586061,CN(Cc1cnc[nH]1)C(=O)CCNC1CC1,0.44566464,-5.85,0.3905409,0
ZINC000666290831,O=C(Cc1cscn1)NCC1CCC1,0.46111575,-6.701,0.33267567,0
ZINC000672294840,Cn1[nH]nnc1=NCCc1ccc2c[nH]nc2c1,0.5113945,-8.578,0.23713492,0
ZINC000677537655,O=C(c1cnco1)N1CCC[C@H]1C1CC1,0.40403235,-6.549,0.23540105,0
ZINC000712566240,CCc1nnc(CNC[C@H]2CCN2C)s1,0.49664935,-5.995,0.47646236,0
ZINC000754979445,COCC(C)(C)C=NOC[C@H]1CCOC1,0.32208633,-6.141,0.11549024,0
ZINC000760513521,C[C@H](Cc1ccco1)NC(=O)c1cncnc1,0.5726004,-7.05,0.5172336,0
ZINC000774215743,COCc1nc(C(=O)OC[C@H](C)C#N)co1,0.49319124,-6.186,0.44975522,0
ZINC000779822710,CC[C@H](CO)C(=O)N1CC(C(C)C)C1,0.52120745,-6.324,0.49090597,0
ZINC000823881554,CC(C)(CC(=O)N1CC[C@H](O)C1)NC(=O)O,0.35070384,-6.726,0.111360624,0
ZINC000824987603,C[C@@H](COC(=O)[C@H]1CNC(=O)C1)NC(=O)O,0.33358347,-6.53,0.09782346,0
ZINC000829825837,NC1=CCN(C(=O)c2cccc3c2CCC3)N1,0.5298892,-8.36,0.29643524,0
ZINC000838402771,C=CCOC(=O)[C@@H](C)CC(F)(F)F,0.3389304,-6.036,0.15977293,0
ZINC000866154394,C[C@@H](Nc1nccnc1F)c1nnnn1C1CC1,0.4131737,-7.256,0.18000746,0
ZINC000876813188,CC/C=C(\F)C(=O)N[C@@H]1CNCC[C@@H]1C,0.49830526,-6.95,0.38045797,0
ZINC000905412961,Cc1nc(NCc2cnn(CCF)c2)nn1C,0.48444548,-6.645,0.38471168,0
ZINC000919947090,C#CC1(F)CN(C(=O)C2=NN3CCCN=C3N2)C1,0.44061077,-8.583,0.096398994,0
ZINC000924113772,O=C(NC[C@@H]1CC2(CCC2)CO1)[C@H]1CC(=O)N1,0.39195722,-7.809,0.08048804,0
ZINC000929218685,C=C(C)CN(CC)CCO[C@@H]1CCOC1,0.43128788,-6.07,0.33919,0
ZINC001240518574,Cc1n[nH]cc1-c1ccc(CC#N)cc1F,0.4839144,-8.426,0.19850172,0
ZINC001543868143,C=C/C=C\CC(=O)NCc1ncc(C)s1,0.41029403,-7.044,0.19634318,0
ZINC000008662339,CCCCNC(=O)c1ccc2[nH]cnc2c1,0.4652674,-7.474,0.26053637,0
ZINC000034519156,COC(=O)[C@@H](NC(C)=O)C1CCCCC1,0.357426,-6.662,0.13133022,0
ZINC000081134310,CCOC(=O)CCCNC(=O)[C@H]1C[C@H]1C(=O)O,0.41374153,-6.391,0.27106017,0
ZINC000091860203,COc1ccc(CN2CC[C@@H](C)[C@H]2C)cc1,0.6289946,-7.849,0.545879,0
ZINC000172010877,Cc1cc(CC(=O)N(C)C2CCCCC2)no1,0.51286185,-7.683,0.3330884,0
ZINC000263373410,CC[C@@H]1C[C@H]1CNc1cnc(C(=O)O)cn1,0.43153808,-7.009,0.24206442,0
ZINC000270922387,O=C1NCCCc2cc(OCCCO)ccc21,0.4009233,-7.905,0.08826862,0
ZINC000286260827,C[C@@H](NC[C@@H]1CSCCS1)c1ncc[nH]1,0.45311558,-5.85,0.4053005,0
ZINC000335265314,C[C@@H]1C[C@H](C)N1Cc1ccc2ncccc2c1,0.79622304,-8.555,0.8037456,0
ZINC000367731219,Cc1nnc(N2CCN(C3CC3)[C@@H](C#N)C2)o1,0.68530077,-7.502,0.6934916,0
ZINC000640769384,C/C=C/c1cn(CC(=O)NC2CC2)nn1,0.3512195,-6.532,0.13255095,0
ZINC000711763840,C[C@H](C(=O)NC[C@H]1C=CCC1)C1CC1,0.40683687,-7.449,0.1473899,0
ZINC000717813627,C#CC[C@H](CO)NCc1cn(C)nc1CC,0.5560027,-6.558,0.5355048,0
ZINC000797284910,C=CCOCCOC(=O)c1nc(C)sc1C,0.3806582,-6.228,0.22247106,0
ZINC000822174347,COCC(=O)Oc1cccc(C2CC2)c1,0.503482,-7.269,0.35754842,0
ZINC000852923703,CNC[C@@H](C)NC(=O)/C(C)=C\c1ccco1,0.44400907,-6.47,0.32280436,0
ZINC000859946934,Cc1cncn1CC(=O)OCC1(C#N)CCC1,0.37617236,-7.205,0.11201322,0
ZINC000864639588,C[C@H]1CC[C@H](n2cc(C(C)(C)O)nn2)C1,0.48953155,-8.008,0.2530853,0
ZINC000867771283,C#C[C@@H](CC)NC(=O)[C@]1(CC)CCNC1=O,0.40459207,-7.121,0.177043,0
ZINC000926421598,C[C@H](O)[C@H](C)N[C@H]1C[C@@H](C)n2ncnc21,0.5397186,-6.72,0.48640555,0
ZINC001174355446,CC(=O)c1cccnc1Nc1ccc(=O)n(C)c1,0.564798,-7.809,0.42286992,0
ZINC001174780296,C=CNc1c(N)c(=O)c1=O,0.2763805,-5.465,0.095230125,0
ZINC001226429382,CC#CC[C@@H](CC)Oc1cc[nH]n1,0.4695216,-6.563,0.36367384,0
ZINC001227419639,O=c1cccccc1O[C@H](C[N+](=O)[O-])C1CC1,0.51288444,-7.827,0.3181625,0
ZINC001237647573,COCCN(Cc1nc(C)co1)C(C)C,0.44237214,-5.872,0.38173157,0
ZINC001350501461,Cn1ncnc1C(=O)N1CC[C@H](F)C1,0.3757223,-6.354,0.19959413,0
ZINC000002569531,OC[C@@H]1O[C@@H](O)[C@H](F)[C@H](O)[C@H]1O,0.4003838,-5.759,0.31030428,0
ZINC000009913060,Cc1ccc(NC(=O)C(=O)Nc2ccon2)cc1,0.5781892,-7.948,0.43494576,0
ZINC000082246590,CC(C)(CC(=O)O)NC(=O)[C@H]1CCCOC1,0.38378927,-6.626,0.18729615,0
ZINC000085009595,CN1CCCN(C(=O)[C@H]2CC[C@H](N)C2)CC1,0.49590123,-7.311,0.33816522,0
ZINC000228024024,CC(C)OC(=O)CN1CCC[C@@H]2CCC[C@H]21,0.46758905,-7.323,0.2808338,0
ZINC000232125615,CO[C@@H](CN)CC(=O)N1CCS[C@H](C)C1,0.2970712,-5.841,0.09712641,0
ZINC000232347966,CC(=O)[C@@H](C)Oc1ccc(C#N)cc1F,0.55759144,-7.676,0.42242146,0
ZINC000259684765,CCC[C@H](C#N)NC(=O)COc1cccc(C)c1,0.5787829,-8.323,0.3971358,0
ZINC000267372499,Cc1nc(CCNC(=O)[C@H]2[C@@H]3CCC[C@@H]32)n[nH]1,0.4045061,-7.941,0.09162306,0
ZINC000267993100,C#CCCNC(=O)N[C@@H](C)CO[C@H]1CCOC1,0.4333712,-6.772,0.27033484,0
ZINC000310229199,CC(C)SCCNCc1ccc2cc[nH]c2c1,0.636701,-7.628,0.5841205,0
ZINC000335023122,CC1=CCCN(Cc2cncn2C)C1,0.46136227,-6.846,0.31808943,0
ZINC000347348241,C=CCNC(=O)CN[C@H]1CCN2CCC[C@H]2C1,0.4244859,-6.98,0.23110965,0
ZINC000379628357,C[C@H](NC1CC(C(F)F)C1)C(C)(C)O,0.41698894,-6.914,0.22312036,0
ZINC000400510601,CSC1(CN[C@H](C)[C@@H]2CCCN2)CC1,0.4767524,-6.022,0.4342413,0
ZINC000641071915,CN(C)c1cccc(Cn2cc(CCO)nn2)c1,0.46409515,-7.72,0.23263943,0
ZINC000737415537,CNC(=S)NN=C1CCC[C@H](C2CC2)C1,0.68276155,-6.865,0.75468594,0
ZINC000822348174,CN1CC[C@@H](CC(=O)NOC[C@H]2CCOC2)C1,0.46257794,-7.097,0.29440287,0
ZINC000842533931,C[C@@H]1CC(=NNc2cccc(F)n2)CO1,0.47763184,-7.778,0.2534245,0
ZINC000859128392,C#CCCOC(=O)NCc1nnc2n1CCCC2,0.44028392,-7.621,0.19576389,0
ZINC000866003221,CC(F)(F)CNC(=O)c1nc(=N)cc[nH]1,0.40886143,-6.97,0.20119861,0
ZINC000895488225,O=C(Nc1ncccc1O)C1(C2CC2)CC1,0.5151392,-7.709,0.3348967,0
ZINC000899943679,NC(=O)CN1CSCCSC1,0.5047043,-4.656,0.63162476,0
ZINC001116530887,CCc1cc(C(=O)N2CCC(F)(F)C2)nn1C,0.4118769,-7.71,0.13023938,0
ZINC000020365976,C#CCNC(=O)[C@H](C)Nc1ccc2c(c1)CCC2,0.5797713,-8.894,0.33973092,0
ZINC000058826328,Cc1ccccc1-c1nnn(CCOC(C)C)n1,0.4495504,-7.94,0.18095575,0
ZINC000061714401,CCNc1nc2c(s1)COc1ccccc1-2,0.57446605,-7.358,0.48890877,0
ZINC000120400552,CN(C)C(=O)c1cc2cc(F)ccc2o1,0.42751023,-7.86,0.1456132,0
ZINC000130705604,C=C[C@H](C)NC(=O)N(CC)CC,0.35421616,-5.445,0.2514947,0
ZINC000264990349,C[C@H]1COCCN1CCc1cccnc1,0.55068725,-6.843,0.49534595,0
ZINC000288974834,CCOC(=O)[C@@H](C)N1CCCc2occc2C1,0.48223713,-7.214,0.32118225,0
ZINC000300821699,C[C@H]1CC[C@@H](CN(C)CCCO)O1,0.46681607,-5.578,0.46071783,0
ZINC000308375730,CC[C@@H]1OCC[C@H]1C(=O)NCc1ccc(N)nc1,0.4280226,-8.089,0.122820646,0
ZINC000330906874,CO[C@]1(CNC(=O)CN(C)C(C)=O)CCOC1,0.5434747,-6.151,0.55300087,0
ZINC000357045969,CCC[C@@H](CC)SCCN1C(=O)CNC1=O,0.35739753,-6.332,0.16558161,0
ZINC000401366925,C[C@@H]1NC[C@H](C)N(CC(N)=O)[C@H]1C,0.35578594,-6.008,0.19607319,0
ZINC000449997299,COC(=O)[C@@H](CNC(=O)CO)CC(C)C,0.3269608,-6.119,0.12743334,0
ZINC000657812726,C[C@@H]1CC[C@H](NC2CC(CO)C2)C1,0.54499066,-6.673,0.5017352,0
ZINC000717744376,Nc1cccc(NS(=O)(=O)C2CCC2)c1,0.52407914,-7.893,0.33347666,0
ZINC000824826215,CC1(C)CCN1Cc1ccc(F)c(F)c1F,0.72289824,-8.217,0.69363534,0
ZINC000839669125,CC(C)N(CCF)C[C@@H]1CCC(=O)N1,0.27911615,-5.6,0.08661416,0
ZINC000874780538,Cn1cc(C[C@H](O)C(=O)N[C@H]2CC23CCC3)cn1,0.44249955,-7.583,0.20410338,0
ZINC000886008120,CN(CCSC(F)(F)F)CC(F)(F)F,0.32741362,-5.4,0.20307966,0
ZINC000929164678,CCNC(=O)Cc1cccc(C(F)(F)F)n1,0.41096416,-7.323,0.168665,0
ZINC001169320928,CCNCCCC[C@H](C)NC(=O)c1cc[nH]n1,0.44119248,-6.633,0.30027896,0
ZINC001182386161,CCC1(NC(=O)[C@H]2C[C@H]2C(N)=O)CCCCC1,0.5283048,-7.615,0.3707491,0
ZINC001205233865,CC(=O)[C@@H](C)O[C@H](C)CCC(C)C,0.41789246,-6.531,0.26472795,0
ZINC001242016069,Fc1cc2ncc(-c3ncc[nH]3)nc2cc1F,0.4142998,-7.52,0.1547919,0
ZINC001245312932,Cc1ccc2c(ccnc2-c2cc[nH]n2)c1,0.5717684,-8.097,0.40673634,0
ZINC001322454171,Cn1cccc1-c1nnc(C2=COCCO2)o1,0.5339527,-7.567,0.38692725,0
ZINC000039126482,CC(=O)N1C[C@H](C)Cc2ccccc21,0.60288626,-7.544,0.5258695,0
ZINC000123548730,Cc1nccn1CCCCNC[C@@H]1CC=CCC1,0.6541043,-7.468,0.635229,0
ZINC000131433683,CN(C[C@H](O)C1CC1)C(=O)Cc1ccoc1,0.36928347,-6.424,0.17956203,0
ZINC000361542113,CC#CCCNC(=O)NC[C@H]1CCC[C@@H]1OC,0.4709689,-7.616,0.25706783,0
ZINC000547399435,CN(C(=O)C1(C(N)=O)CCC1)[C@@H]1CCOC1,0.33160296,-6.736,0.07248389,0
ZINC000569755074,CCC[C@@H]1C[C@H]1C(=O)Nc1c(C)noc1C1CC1,0.44406366,-7.605,0.20491458,0
ZINC000598562306,CC[C@@H](C#N)C(=O)NCCOCCF,0.26625574,-5.996,0.01996952,0
ZINC000608160099,Cn1nccc1C(=O)NCCC1CC1,0.3393082,-6.426,0.11997581,0
ZINC000616279337,C[C@@H]1C[C@H](CNC(=O)CCCF)[C@H](C)O1,0.44824374,-6.761,0.30093962,0
ZINC000632570420,C=CCN(C)C(=O)c1nocc1C,0.52618146,-6.053,0.5289329,0
ZINC000633614174,CC[C@@H](C)CCNC(=O)C1CS(=O)(=O)C1,0.42395744,-7.449,0.18130422,0
ZINC000644717231,Cc1nc(C)c(CN2CCO[C@H]3C[C@H]32)o1,0.5237982,-6.281,0.50050837,0
ZINC000652579630,O=C(c1cn[nH]c1)N1CCC12CCCC2,0.3988973,-7.264,0.15089545,0
ZINC000677681508,CN(C)CC(=O)Nc1cnn(C)c1C(F)F,0.5177455,-6.61,0.45431465,0
ZINC000704808109,CCC(F)(F)CN1CC(O)(C(C)C)C1,0.353923,-6.225,0.16982293,0
ZINC000840586803,CCO/C=C\C(=O)OCC=C(C)C,0.3552677,-5.934,0.2027399,0
ZINC000863012341,C#CCO[C@H](C)C(=O)N1CCC(F)(F)C[C@H]1C,0.436671,-7.515,0.19962706,0
ZINC000891470594,CN(C)c1cc(N2CCNC(=O)C2)ncn1,0.42260948,-6.817,0.24433854,0
ZINC000905240203,Cc1ccc(S(=O)(=O)[C@@H]2CCOC2)nc1,0.5086646,-7.427,0.3513886,0
ZINC000924151379,CO[C@@H]1C[C@H]1c1nc(-c2cnsc2)no1,0.43107042,-6.551,0.28875303,0
ZINC000934901086,O=C(C[C@@H]1CC=CCC1)Nc1ccc(F)nc1,0.57612354,-8.801,0.3421736,0
ZINC001157489547,C[C@@H](C#N)N(C)c1nc(C#N)c(C#N)nc1Cl,0.41316587,-6.91,0.2159631,0
ZINC001180318763,CC(C)(C)OCC(=O)Nc1noc2cccnc21,0.6084251,-8.009,0.4884987,0
ZINC001239417304,C=CCCCNC(=S)N1C[C@@H](N)C[C@H](F)C1,0.419464,-6.518,0.26919255,0
ZINC000042287930,CCOC(=O)[C@H](C)SCc1ccccc1,0.38185796,-6.911,0.15384099,0
ZINC000044724525,Cc1cc(CNCCOCCC(C)C)no1,0.5830933,-5.928,0.65466547,0
ZINC000068979258,CCc1ccccc1[C@@H](O)c1ccoc1,0.48346725,-7.393,0.30500963,0
ZINC000078296863,C=CCN1C(=O)C(=O)N(C[C@@H]2CCCO2)C1=O,0.4378618,-7.038,0.25157624,0
ZINC000078715316,C1C[C@@]2(CCCOC2)N1,0.3935947,-5.328,0.34166375,0
ZINC000289420353,Cc1c[nH]nc1CNC[C@@H](O)c1ccsc1,0.49918172,-6.682,0.41005623,0
ZINC000334192684,CC[C@H]1CCCN1C(=O)c1ccc(C#N)[nH]1,0.49638322,-7.331,0.33704072,0
ZINC000388602053,CC(=NOC1CCC1)c1cscn1,0.4231001,-6.318,0.29718795,0
ZINC000590698787,N#C[C@@]1(F)CCN(c2nc(C3CCC3)no2)C1,0.45398954,-8.127,0.1703082,0
ZINC000678007189,C[C@H]1CN(c2cccnn2)CC[C@@H]1C,0.51774764,-7.544,0.35721755,0
ZINC000715431599,N[C@@H](C(=O)N1C[C@H]2[C@@H](C1)C2(F)F)C1CCC1,0.42196032,-7.625,0.15905064,0
ZINC000721243135,O=C(CNCC(F)(F)F)N[C@H]1CC12CCC2,0.38261113,-7.21,0.12424801,0
ZINC000933336608,COC[C@H]1COCCN1CCC1OCCO1,0.34646755,-5.718,0.20776355,0
ZINC001167093078,CSc1ccc(N(C)C[C@@H]2CC2(C)C)nn1,0.46253157,-7.056,0.29857346,0
ZINC001245159421,Nc1cn2ccc(C3=CCCOC3)cc2n1,0.55769044,-7.962,0.39288414,0
ZINC000002243488,Cc1cc(NN)ccc1Cl,0.64398444,-6.04,0.7636415,0
ZINC000019477362,C/C=C/C=C/C(=O)NCc1ccc(C(=O)O)cc1,0.6232159,-8.565,0.45999458,0
ZINC000038327482,O=C(O)[C@H]1CN(CP(=O)(O)O)CCN1,0.44533387,-5.976,0.37678635,0
ZINC000040221368,C[C@@H]1C[C@H]1C(=O)NC(C)(C)C#N,0.36323655,-6.255,0.1851533,0
ZINC000088080964,COc1cccc(F)c1C(=O)NCC[C@@H](C)O,0.42166078,-7.361,0.18590344,0
ZINC000212421151,CC[C@@H](O)C/N=C/c1ccccc1,0.51746196,-6.89,0.42464346,0
ZINC000259781488,CCOC(=O)[C@H]1CCc2cnn(C)c2C1,0.43258455,-7.024,0.24257796,0
ZINC000299595647,C=CCNC(=O)CN1C(=O)NC2(CCC2)C1=O,0.3806399,-7.475,0.09279306,0
ZINC000330793411,CO[C@H](C)CCC(=O)N1C[C@@H](O)C[C@@H]1CO,0.40565756,-6.547,0.23882832,0
ZINC000434351743,CO[C@@H](C)CNC(=O)NC[C@@H]1CCCOC1,0.45327026,-6.659,0.32150093,0
ZINC000616413292,CN1C[C@H](C(=O)N[C@@H]2CC23CC3)NC1=O,0.37167168,-7.096,0.11442975,0
ZINC000634850172,C/C=C/CNC(=O)C[C@]1(C(=O)O)CCSC1,0.38031608,-6.824,0.15983143,0
ZINC000715944595,CCOC[C@@H](C)N[C@H](C)c1ccns1,0.48675963,-6.215,0.43399987,0
ZINC000719611297,CCc1nc(CN[C@H]2CCN(C)[C@H]2C)cs1,0.51689893,-6.813,0.43153322,0
ZINC000740720270,O=C(O)N1CC(OC(=O)C2CCCCC2)C1,0.37117705,-7.223,0.100246675,0
ZINC000788327458,CC(C)C1CN(C(=O)NOC[C@@H]2CCOC2)C1,0.39519072,-7.229,0.14719176,0
ZINC000801089499,Cc1cc(C)nc(C(=O)NC[C@@H]2C[C@@H]2C)c1,0.5501581,-7.812,0.39355767,0
ZINC000833808211,C[C@@H](CO)NC(=O)CNC(=O)CNC(=O)O,0.31910753,-6.162,0.10740633,0
ZINC001117452309,CON(C)C(=O)C(=O)N[C@H](C)CCC(C)(C)C,0.4080088,-6.656,0.23215401,0
ZINC001118865096,O=C(NC/C=C\C1CC1)NCC1CC=CC1,0.4613902,-7.604,0.23934084,0
ZINC001242488351,COCCCn1cc(-c2cnc(F)nc2)cn1,0.45343113,-7.045,0.28168994,0
ZINC000002524921,NC(=S)NC(=O)c1ccncc1,0.5192899,-5.739,0.5479257,0
ZINC000066864045,CCOC(=O)CN1CC=C(c2ccccc2)CC1,0.7229313,-8.176,0.69796336,0
ZINC000069984383,CSCCC(=O)c1ccccc1,0.4720584,-6.313,0.39468965,0
ZINC000179295853,COCCO[C@@H]1CCCN(CCO)C1,0.40642786,-5.276,0.37249112,0
ZINC000307746738,O=C(NCCF)c1ccc(O)nc1,0.35080597,-6.357,0.14992525,0
ZINC000347796811,CSCCCN(C)C(=O)NC[C@@H]1C[C@H]1C,0.42576635,-5.877,0.3483172,0
ZINC000764715033,CS[C@H](C)CC(=O)O[C@@H]1CC(=O)N(C)C1,0.41253647,-6.43,0.26461852,0
ZINC000769405844,Cc1nonc1C(=O)N[C@H](C)CCC1CC1,0.53941935,-7.079,0.44849002,0
ZINC000830212974,C=C[C@H](C(=O)OC)N1CCC[C@@](C)(F)C1,0.33350617,-6.359,0.115448005,0
ZINC000835688796,CS[C@@H](C)COC(=O)c1conc1C1CC1,0.38944134,-6.433,0.21855727,0
ZINC000884551570,O=C(OCCn1cnnn1)[C@]1(O)CCOC1,0.33461377,-6.061,0.14862302,0
ZINC000897119411,OC[C@@H]1CCN1c1nc(Cl)nc2ccccc21,0.6134258,-7.91,0.5086969,0
ZINC000900593469,C/C=C\[C@H](O)C(=O)N[C@@H]1CCC[C@@H]1C,0.4618788,-7.085,0.2942655,0
ZINC000909006978,C[C@@H]1C[C@@H]1C(=O)COC(=O)c1cncc(O)c1,0.3848972,-7.134,0.13667771,0
ZINC000913241851,CC(C)[C@H](F)C(=O)Nn1ccc(O)nc1=O,0.4775452,-7.843,0.2464953,0
ZINC000914425644,O=C(O[C@H]1CCOC1)N1CCCCCO1,0.36535466,-6.652,0.14807585,0
ZINC001119098790,Cc1nnc(CCC(=O)N(C)Cc2ccoc2)o1,0.54926026,-6.843,0.49251926,0
ZINC001343725906,CC1(C(=O)NCc2ccc(CN)cc2)CC=CC1,0.46716994,-8.738,0.13289607,0
ZINC000000167329,Nc1nc2c(cc(F)cc2F)s1,0.5205457,-6.525,0.4686985,0
ZINC000080155903,COCCN(C)c1cnn(C)c(=O)c1Cl,0.3789887,-5.974,0.24557051,0
ZINC000096810395,C[C@H](CCO)Nc1ncc([N+](=O)[O-])cc1C#N,0.39385498,-6.976,0.17084841,0
ZINC000104817923,C[C@@H]1CCC[C@H]1NC(=O)NCCc1ccco1,0.44823527,-7.712,0.20205411,0
ZINC000139819110,CC(C)C(=O)OCC1CCCCC1,0.43476868,-6.971,0.25241452,0
ZINC000163850131,N#CCCNCCCn1ccnn1,0.41174546,-5.425,0.36753428,0
ZINC000222647795,O=C(O)c1cc(=O)n(Cc2ccco2)c(=O)[nH]1,0.3768515,-7.424,0.090590686,0
ZINC000279825237,CO[C@@H](C(=O)OCc1csc(C)n1)C1CC1,0.39358205,-6.527,0.21698709,0
ZINC000336018523,Cc1nn(Cc2cccc(C(=N)O)c2)cc1C#N,0.51103306,-8.382,0.25679567,0
ZINC000339745292,CCCCN(CCO)C(=O)C1=CCCC1,0.38476792,-6.62,0.18985859,0
ZINC000365042548,C[C@H](C#N)N1CC[C@@H](S(=O)(=O)NC2CC2)C1,0.37187034,-6.619,0.1644136,0
ZINC000388379853,C#CCNC(=O)N(C)C[C@@H](C)O,0.44526622,-5.493,0.42686638,0
ZINC000389659786,C[C@@H](NC(=O)NCCOCC(=O)O)C(F)F,0.32369566,-6.065,0.1265794,0
ZINC000561786726,C[C@H](F)CCN1CC[C@H](CO)[C@@H](O)C1,0.3150939,-6.345,0.080430485,0
ZINC000569674262,CC1(C)CCN1C(=O)c1ccc(C(F)(F)F)[nH]1,0.46201348,-7.973,0.20221323,0
ZINC000572612404,CC(C)(C)c1noc(OC[C@H]2C[C@@H](O)C2)n1,0.40840724,-7.493,0.14592633,0
ZINC000594733716,COc1cc(-c2noc([C@@H](C)CC#N)n2)ncn1,0.41533953,-7.619,0.14655918,0
ZINC000835671124,CS[C@H](C)CCOC(=O)CC[C@H]1CCOC1,0.40509492,-6.549,0.23750585,0
ZINC000844161766,Cc1ccc(C(=O)O[C@@H](C)C(N)=O)o1,0.38687173,-6.585,0.19766472,0
ZINC000847666428,N#CCCCCC(=O)OCC1CC=CC1,0.34335312,-6.783,0.09087367,0
ZINC000853840894,Cn1[nH]nnc1=N[C@@H]1C[C@H](O)c2ccccc21,0.62070894,-8.264,0.48632127,0
ZINC000856861161,CONC(=O)[C@]1(C)CC(c2ccccc2)=NO1,0.52509135,-8.136,0.3102188,0
ZINC000892723671,C#C[C@@H](C)OC(=O)[C@]1(OC)CCS(=O)(=O)C1,0.41374406,-6.619,0.24736165,0
ZINC000901715532,CO[C@@H]1CCC[C@@H]1SCc1cc(C)on1,0.40338302,-6.845,0.20334175,0
ZINC000902024301,CON1CC[C@@H](Nc2ccc3c(c2)COC3)C1=O,0.49683592,-7.981,0.27036157,0
ZINC000904229949,C[C@H](NCCN1CCC[C@@H]1C)C(=O)O,0.42125738,-5.966,0.3301326,0
ZINC000907831700,CC[C@H](CS(=O)(=O)N1CC[C@H]1CO)OC,0.29834762,-5.957,0.08759522,0
ZINC000912631618,C=CC(=O)NCCC(=O)NC1CSC1,0.33004853,-5.731,0.17388743,0
ZINC001020606166,CC[C@@H]1C[C@H]1C(=O)N[C@H]1C[C@H](NCCF)C1,0.39448795,-6.59,0.21223193,0
ZINC000063170681,Cc1occc1C(=O)NCC[C@H](C)N,0.4099271,-6.427,0.25976148,0
ZINC000085210391,COc1cc(F)cc2cc[nH]c21,0.43972877,-6.782,0.28188902,0
ZINC000086522129,COCC(=O)CSc1ccccc1F,0.4802187,-6.332,0.40887925,0
ZINC000089263521,CCc1csc(-c2ccnc(Cl)c2)n1,0.47269413,-7.253,0.2982239,0
ZINC000100000335,[C-]#[N+]c1cc(C)cc(C)c1,0.44005975,-6.479,0.31404543,0
ZINC000134920075,C=C[C@](C)(CC)C(=O)NCc1nc(C)cs1,0.43594512,-7.072,0.24424472,0
ZINC000172669583,O=C(OCCF)c1cnc(-c2ccco2)s1,0.42236543,-6.312,0.29635638,0
ZINC000223186139,Cc1cc(Cl)ccc1C(=O)N1CC[C@H](O)C1,0.4653012,-8.143,0.19105214,0
ZINC000228368833,COC(=O)/C(C)=C\Cn1cnc(C#N)c1C#N,0.5135765,-7.271,0.37733686,0
ZINC000245855190,CCCNC(=O)[C@H](C)N1CCC[C@](C)(O)C1,0.38259694,-7.191,0.12619525,0
ZINC000306358621,C#C[C@H](C)NC(=O)[C@@](C)(O)C1CC1,0.68126404,-6.499,0.78977,0
ZINC000335217774,Cc1ccncc1C(=O)NC[C@H]1C[C@H]1C,0.48545915,-7.658,0.28140524,0
ZINC000398337570,C[C@H]1C[C@H](C(=O)NCc2cnn[nH]2)CO1,0.3145913,-6.64,0.048765764,0
ZINC000416262086,C[C@@H]1C(=O)CC[C@H]1CC(=O)NC[C@@H]1CC12CC2,0.48295417,-8.695,0.16863361,0
ZINC000418132683,C[C@@H]1CN(Cc2ncc(Cl)s2)[C@@H](C)[C@H]1C,0.48384893,-6.664,0.38155466,0
ZINC000528338233,C[C@H](CC(=O)N1CC[C@H](C)C1)c1ccco1,0.4602574,-7.736,0.22337377,0
ZINC000618392102,N#C[C@@]1(F)CCN(C(=O)c2nccs2)C1,0.33041206,-6.535,0.09102142,0
ZINC000842682539,C[C@@H]1C[C@H](N[C@@H](CCO)c2cccs2)CO1,0.38952795,-6.463,0.21560992,0
ZINC000908952036,Cc1cn(C)nc1COC(=O)[C@H]1CCOC1,0.3801578,-7.105,0.13030434,0
ZINC001119631806,C[C@H](NC1(C)CC1)c1ccns1,0.54965436,-5.604,0.62211,0
ZINC001123117674,C=CC1(OC(=O)c2cnn(C)c2OC)CC1,0.64836264,-6.403,0.73457575,0
ZINC001157479085,N#C[C@@H]1C[C@H](F)CN1c1cccc(N)n1,0.4464979,-7.737,0.19601345,0
ZINC001165073476,O=C1CN([C@@H](F)c2ccnc(Cl)c2)C1,0.6031044,-6.77,0.60676897,0
ZINC001194980229,O=C(NCc1cccc2ncccc12)OCCF,0.5587515,-7.701,0.4221204,0
ZINC001225367159,CC1=C(Oc2cc(O)cc(O)c2)C(=O)[C@@H](C)O1,0.46052682,-7.354,0.2636213,0
ZINC000121703542,CC#CCNC(=O)c1cc(Cl)ccn1,0.45999622,-7.348,0.263194,0
ZINC000307207635,Cc1ccnc(N[C@H](C)C(F)F)n1,0.3752082,-6.47,0.18651605,0
ZINC000342197222,N#Cc1ccc(CN[C@H]2C[C@H]2C(F)F)c(F)c1,0.48309916,-7.995,0.24169484,0
ZINC000413466521,Cc1nc(SCCC#N)nc(N(C)C)n1,0.3162843,-5.612,0.15899333,0
ZINC000423375255,CC[C@H](N[C@H]1CNCC[C@H]1C)c1cccs1,0.41970298,-6.603,0.26082912,0
ZINC000490594653,C#CCNC(=O)Nc1nc2nc(C)cc(C)n2n1,0.4850531,-7.686,0.27768993,0
ZINC000631457409,CCc1cc(CNC(=O)c2nocc2C)on1,0.41799438,-7.658,0.14776365,0
ZINC000641729985,C[C@@H](N=c1ccnc(C2CC2)[nH]1)C(F)F,0.55726826,-7.507,0.43935102,0
ZINC000681061887,Cc1cc(CNC(=O)NCC(F)(F)CO)n[nH]1,0.4050292,-6.875,0.20348379,0
ZINC000727651624,C(/C=C/c1ccco1)=NNC1CCCC1,0.58753604,-7.443,0.5059624,0
ZINC000799793604,CN(CCCO)C(=O)CSC(F)(F)F,0.27194867,-5.431,0.08998574,0
ZINC000823700790,Cc1nnccc1NC(=O)C(F)=C1CCC1,0.526208,-7.871,0.3399809,0
ZINC000877320420,COC(=O)c1cc(CN(C)C[C@H](C)O)on1,0.35402584,-6.012,0.19217075,0
ZINC000886348876,O=C1C[C@@H](CN2C[C@@H]3C[C@@H]3C2)CN1,0.4562501,-6.427,0.3515231,0
ZINC000889320495,CO[C@@H]1CC[C@@H]1N(C)C(=O)[C@H]1[C@@H]2COC[C@@H]21,0.33764684,-6.739,0.0841444,0
ZINC000901493368,CCn1cc(COc2ccc(C)cn2)nn1,0.43932143,-7.126,0.24531886,0
ZINC000902140462,O=C1C[C@H](CON=Cc2ccc(F)cc2)CN1,0.56354684,-8.035,0.3968959,0
ZINC000923775309,O=C(NCC#CCO)NCC1(C2CC2)CC1,0.38749692,-7.56,0.09753931,0
ZINC001136305207,O=C(Nc1nncs1)c1cnc2[nH]ncc2c1,0.5683231,-7.471,0.4649922,0
ZINC001210474150,CN(C)c1cncc(Nc2cc3n(n2)CCO3)c1,0.5571072,-7.389,0.45129955,0
ZINC001222469377,C=CCC(CC=C)OCc1cnccn1,0.50216866,-6.203,0.46577135,0
ZINC001225389616,COC(=O)C[C@@H](C)Oc1cccc2[nH]cc(C)c21,0.57816714,-6.962,0.5374096,0
ZINC001227553283,Oc1cccc(O[C@H]2CCc3cccnc32)c1,0.5360257,-8.296,0.31524473,0
ZINC001232207293,C=CCN(CC=C)Cc1ncsc1C,0.49891302,-5.442,0.53843796,0
ZINC001344899031,Cc1nc[nH]c1C(=O)Oc1c(C)nn(C)c1C,0.46995935,-6.775,0.34250084,0
ZINC000070266782,COc1ccccc1[C@@H](C)NC(=O)C(F)(F)F,0.5114344,-7.597,0.33920157,0
ZINC000124270227,C=CC[C@H](C)NC(=O)NC1CC1,0.35771737,-5.756,0.22609784,0
ZINC000132758733,Cc1ccc(C(=O)N[C@@H](C)C(=O)O)c(=O)[nH]1,0.5006126,-7.609,0.31651703,0
ZINC000156181816,CC(C)CCOCCN(C)CC1CCOCC1,0.6277136,-6.283,0.70614743,0
ZINC000157381018,CC[C@H](C)N1CC[C@H]([C@@H](C)N)C1,0.35143852,-6.439,0.14265332,0
ZINC000286331067,Cc1ccnc([C@@H](C)NCC(C)(C)O)c1,0.58514154,-7.27,0.5192046,0
ZINC000345597685,CC1=C(C(=O)NCCC2(F)CCC2)CCC1,0.5251966,-8.335,0.28973863,0
ZINC000628997067,O=C(CNC(=O)c1ccccc1O)C1CCCC1,0.57716453,-9.127,0.31034377,0
ZINC000673901911,C[C@H]1C[C@H]1C(=O)NCc1ccn(C)c1,0.41927162,-6.797,0.23980583,0
ZINC000700055978,COc1cncc(CNCc2ccc(C)o2)c1,0.5790982,-7.202,0.5143029,0
ZINC000746082080,CC1(C)C(C(=O)OC/C=C/Cl)C1(C)C,0.38943645,-6.471,0.21459696,0
ZINC000769192881,CC(=O)N1CCC(N(C)CC2CCCC2)CC1,0.5022866,-7.875,0.29217896,0
ZINC000843605707,C=COc1ccc(NC(=O)C2(F)CC2)cc1,0.39895576,-7.329,0.1442537,0
ZINC000844831169,CC[C@H]1CN(C(=O)[C@H]2C[C@@H]2C(F)F)[C@@H](C)CO1,0.35954818,-7.08,0.09207763,0
ZINC000856394596,C[C@@H]1CC/C(=C/C(=O)N[C@H]2C[C@H](O)C2)C1,0.49179226,-7.796,0.2796037,0
ZINC000905734701,NCc1nnnn1CC[C@H]1CCCC1(F)F,0.44506678,-7.478,0.22010496,0
ZINC000926007051,C[C@H]1COC[C@@H]1NC(=O)NCCN(C)C,0.3437037,-6.337,0.13793553,0
ZINC001189477838,[CH2]CCNS(=O)(=O)Cc1cccc(F)c1F,0.42868528,-7.329,0.20314515,0
ZINC001232283099,C[C@@H](C#N)N(C)Cc1cc(Cl)cs1,0.56620485,-6.03,0.6106068,0
ZINC001245443515,Nc1nccc(-c2ccncc2C(F)(F)F)n1,0.41916567,-7.932,0.12159808,0
ZINC001253568190,C=C[C@H](O)CN[C@@H]1C[C@@H]1C,0.30287743,-5.119,0.18368927,0
ZINC001349987598,COC(=O)c1cc(-c2nnc(C3CCC3)o2)no1,0.5515652,-8.118,0.36453235,0
ZINC000069851930,CCN[C@@H]1CCO[C@H](CC)C1,0.5051215,-5.459,0.5489691,0
ZINC000073069175,Cc1cc(NC(=O)c2cccs2)ccn1,0.4975787,-7.11,0.36238468,0
ZINC000159765668,C[C@H](CO)N(C)C(=O)c1cccc(F)n1,0.45954958,-7.024,0.29599324,0
ZINC000178343989,C[C@@H](NCCCNc1ccccn1)c1ccoc1,0.7150123,-7.315,0.77178854,0
ZINC000306791430,CC(=O)N[C@@H]1C[C@H]1C1CCCCC1,0.41481,-7.164,0.19281338,0
ZINC000307716448,C[C@H]1CSC[C@H]1NC(=O)NCC(=O)O,0.47023728,-6.277,0.39482492,0
ZINC000336753978,CNC(=O)NC(=O)CN[C@H](C)[C@H](C)CO,0.4087591,-6.135,0.28780493,0
ZINC000336781573,C[C@@H]1C[C@@H]1CNCc1ccc2occc2c1,0.7208899,-8.145,0.69714236,0
ZINC000388519084,O=C(CSCC1CC1)NC1CC1,0.3332339,-5.636,0.19007383,0
ZINC000420996308,FC(F)C[C@H](NCC1CC1)c1ccccc1,0.67311984,-7.097,0.71146727,0
ZINC000634097042,CCCn1cc(C(=O)N[C@@]23C[C@@H]2CCCC3)cn1,0.42658013,-7.836,0.14626585,0
ZINC000635526519,Cc1nn(CCOc2ccc(C)cn2)c(=O)o1,0.41325137,-7.374,0.16789365,0
ZINC000648962903,CC(=O)CCCC(=O)NC[C@H](C)CC(F)F,0.35754177,-6.757,0.12168309,0
ZINC000680312908,C[C@]1(NC(=O)Cn2ccnc2)CCO[C@@H]1C1CC1,0.3762451,-6.956,0.13804412,0
ZINC000766788691,COc1ccc(C(=O)OCCO)nc1Cl,0.41414747,-6.336,0.27758226,0
ZINC000825098292,CCn1nc(C)c(CN[C@@H]2COCC2(C)C)n1,0.4402344,-6.849,0.2759251,0
ZINC000871637781,c1nnc(SC[C@@H]2C[C@H]3CCC[C@@H]3O2)s1,0.52042115,-7.216,0.39661336,0
ZINC000902325159,Cc1cccc(OC[C@H]2CNC(=O)C2)n1,0.526045,-7.37,0.39174354,0
ZINC001224968075,C[C@@H](OCCc1cccnc1)c1ncccc1F,0.586541,-8.583,0.3854735,0
ZINC001317319109,CC/C(C)=C/C(=O)N1CC[C@H](CNCC#N)C1,0.6370128,-7.008,0.6491952,0
ZINC001337201008,CC[C@H](F)C(=O)N1CCC[C@@H]1C[C@H](C)O,0.33044365,-6.261,0.11956983,0
ZINC000002669125,C=CCNC(=S)N/N=C/c1ccco1,0.52800494,-5.827,0.55604064,0
ZINC000041364434,NC(=O)CSCC(=O)N1CCCCC1,0.3241493,-5.83,0.15190929,0
ZINC000051335816,C[C@@H]1C[C@H]1CNC(=O)NCCc1nccs1,0.5424058,-6.801,0.4833076,0
ZINC000224063266,COCCOCC(=O)N1CCCOCC1,0.29808304,-5.478,0.13686934,0
ZINC000275988712,Cc1cc(C(=O)NCC2=CCN(C)CC2)co1,0.37784824,-7.707,0.06314364,0
ZINC000306997631,O=C(O)CNC(=O)[C@@H]1CCCCC1(F)F,0.32805118,-7.158,0.021575812,0
ZINC000330097366,COc1ccc(/C(O)=N/C[C@@H]2CCCC2=O)cn1,0.4621119,-7.974,0.20230417,0
ZINC000330463117,C[C@H](CO)NC(=O)C(C)(C)c1cnc[nH]1,0.3492101,-6.377,0.14468478,0
ZINC000333943019,CC1(C)NC(=O)N(c2cccc(C3CC3)n2)C1=O,0.59858316,-8.112,0.4582945,0
ZINC000521900301,COC(=O)[C@H](C)CSCc1ncccc1O,0.36808747,-6.494,0.16991545,0
ZINC000623634440,CN1CCC[C@@H]1CNCc1cccc2nccn21,0.71112865,-7.672,0.72698057,0
ZINC000634623244,Cn1cc(C2=NN(c3cnn(C)c3)C(=O)C2)cn1,0.4366597,-7.421,0.2093772,0
ZINC000681696634,C[C@@H](NCC(=O)Nc1ccon1)c1cn[nH]c1,0.40082967,-7.04,0.17801102,0
ZINC000748095162,CCOC[C@@H]1CCN(CN2CCSC2=O)C1,0.49144015,-6.562,0.4071964,0
ZINC000886944163,C=CCCN[C@@H](C[C@@H]1CCCO1)C(=O)OC,0.47660005,-5.61,0.47677222,0
ZINC000901166543,C/C=C/[C@H](O)C(=O)NC1(C(=O)OC)CCC1,0.38459864,-6.661,0.18526079,0
ZINC000902778464,O=C(NCc1ccc(Cl)cc1)OC1COC1,0.50226617,-7.471,0.33413953,0
ZINC001167629387,CCn1ncc(NCC(C)=O)cc1=O,0.34453568,-6.407,0.13230625,0
ZINC001204547944,CN(Cc1nccs1)C1(C)COC1,0.35946712,-5.399,0.2666787,0
ZINC001227104212,Nc1ccc2cccc(O[C@@H]3COC[C@H]3F)c2n1,0.5214573,-8.108,0.30593106,0
ZINC001228987458,Cc1ccnc(Cl)c1O[C@H]1CCOC1=O,0.46780738,-7.11,0.30341038,0
ZINC001307780314,Cc1cnc([C@H](C)N2CC[C@@](O)(C(F)F)C2)o1,0.45716748,-6.82,0.31248295,0
ZINC001330077506,Cc1nc(NC2CC3(CC3(F)F)C2)ccc1C#N,0.5486359,-8.607,0.3078919,0
ZINC001588849235,C=CCNc1cccc(C(=O)O)c1Cl,0.35661367,-6.77,0.11849312,0
ZINC000004106811,CSc1ncnc2c3ccccc3oc21,0.503705,-7.72,0.31110293,0
ZINC000007814930,C/C=C/c1cc(C(=O)O)cc(OC)c1OC,0.65060055,-7.014,0.67548746,0
ZINC000070544168,CCN(CCC(=O)O)C(=O)[C@@H]1CCSC1,0.30250576,-5.968,0.094688535,0
ZINC000092588923,NC(=O)C[C@@H]1CCCCN1Cc1ccco1,0.4926272,-6.842,0.38043827,0
ZINC000129204181,C=C(C)CN(C)c1cc(OCC)ncn1,0.48327962,-6.439,0.40381858,0
ZINC000270416860,O=C(Nc1ccncc1)C1SCCS1,0.44803998,-6.478,0.32995752,0
ZINC000294853334,CC[C@@H]1CCC[C@@H]1C(=O)NCc1ncc(C)o1,0.47750443,-7.42,0.29039085,0
ZINC000295428893,CC[C@@H]1CN(C(=O)c2cc(C)cs2)C[C@H]1O,0.52014273,-7.461,0.370591,0
ZINC000307572186,C[C@@H]1C[C@H](O)CN1c1ccc(F)cn1,0.47113845,-7.273,0.29306298,0
ZINC000364451805,Cn1nnnc1CN1C[C@@H](O)C2(CC2)C1,0.48334432,-7.123,0.33283612,0
ZINC000457467126,C[C@]1(NC(=O)NCCc2ccco2)CC=CCC1,0.553784,-8.026,0.3784923,0
ZINC000559947568,Cc1cc(OCCCCCF)cc(C)n1,0.3302877,-6.487,0.095765226,0
ZINC000651097406,C[C@@H]1CC[C@@H]1NC(=O)N1CCCC(F)(F)C1,0.40937313,-7.759,0.12018552,0
ZINC000653055682,CC(C)NC(=O)[C@@H]1CCCNCC1,0.40305695,-6.615,0.22660726,0
ZINC000660205688,CC(C)CCNC(=O)NC[C@@H]1CCC[C@H](C)O1,0.49976677,-7.439,0.3325152,0
ZINC000803337140,CC(C)SCCOC(=O)[C@H]1CCCOC1,0.35815108,-6.478,0.15189573,0
ZINC000816428120,Cc1ccc(COC(=O)C[C@H]2COC(=O)C2)o1,0.55748594,-7.478,0.4427971,0
ZINC000838020951,O=C(OCCCCCO)[C@@H]1C[C@H]1C(F)(F)F,0.38577342,-6.997,0.15265635,0
ZINC000855057369,C[C@@H](O)CN(C(=O)Cc1ncc[nH]1)C1CC1,0.34973574,-6.532,0.12961172,0
ZINC000857874440,c1cc2c(cn1)CN(C[C@@H]1CCCO1)C2,0.56282526,-7.34,0.46772072,0
ZINC000864461354,C[C@@H]1C[C@@H]1NC(=N)NCc1nnnn1C1CC1,0.47917384,-6.711,0.3674075,0
ZINC000866942326,CC[C@@]1(c2nc(-c3ccon3)no2)CCNC1=O,0.47330448,-8.064,0.215119,0
ZINC000905526559,FC[C@H]1CCN(C(=S)NC[C@@H]2CCOC2)C1,0.47335595,-6.635,0.36378396,0
ZINC000914216502,C[C@@H]1C[C@@H]1CNC(=O)NC[C@@H]1CCN1C,0.4421471,-6.764,0.28855088,0
ZINC000930475363,CO[C@H](C)CN(C)C[C@@H](O)[C@H](C)O,0.30987954,-4.907,0.21959996,0
ZINC001241319470,CN1CC=C(c2cccc3c2CC(=O)N3)CC1,0.76953363,-8.123,0.7957883,0
ZINC000063298084,C#CCN(Cc1ccco1)Cc1ccc(F)cc1,0.6328182,-7.785,0.5601069,0
ZINC000068692246,C[C@@H](O)CN(C)c1ncc(C(N)=O)cc1Cl,0.39224347,-6.434,0.22400405,0
ZINC000072602375,CON(C)Cn1c2ccccc2oc1=O,0.55131936,-7.302,0.44887912,0
ZINC000075771983,COC(=O)CN1CCN(C(=O)[C@@H]2C[C@H]2C)CC1,0.41437632,-6.622,0.24830222,0
ZINC000121399820,O=C(NCC1CC1)[C@@H]1CCCN(CCCF)C1,0.4272835,-7.11,0.22313625,0
ZINC000169275475,CCO[C@@H](C)C(=O)O[C@@H](C)COC,0.4114842,-5.056,0.40537912,0
ZINC000234256004,CCc1cnc(CN[C@H]2CCC[C@@H]2CN)s1,0.4403095,-7.061,0.25403374,0
ZINC000334824691,CCN1CC[C@@H](NC(=O)c2cncs2)C1,0.46596736,-6.123,0.40237686,0
ZINC000589260299,CC(C)C[C@H](CNC(=N)N)N(C)C,0.40292808,-5.38,0.35474622,0
ZINC000618831597,CCO[C@@H]1C[C@H]1C(=O)NCc1ccoc1C,0.47714344,-7.102,0.32273594,0
ZINC000647966572,Cc1nc(CN2C[C@@H]3CCC[C@@H]3C2)co1,0.5090158,-7.614,0.33264324,0
ZINC000748125539,CCC[C@@H](C)OC(=O)C1(C(=O)NC)CCC1,0.40334782,-6.685,0.21990609,0
ZINC000770317516,Cc1ccsc1C(=O)N1CCc2ncccc21,0.5534615,-7.907,0.39022502,0
ZINC000834924667,CC(C)ONC(=O)NC[C@H]1CC1(Cl)Cl,0.4181184,-6.373,0.28160164,0
ZINC000840624535,COCCOC(=O)C[C@H](C)c1cnn(C)c1,0.36951333,-6.372,0.18542343,0
ZINC000851375976,Cn1cc(CCOC(=O)[C@H]2CCC(=O)C2)nn1,0.3375349,-6.661,0.09203178,0
ZINC000871689948,CCNC(=S)NCc1nonc1C,0.53647643,-5.64,0.592263,0
ZINC000880673181,CCO[C@H]1C[C@H](NC(=O)c2nnn(C)n2)C1,0.4139112,-6.888,0.21972671,0
ZINC000891948394,CCNC(=O)NCC(C)(C)C1CCOCC1,0.51010793,-7.082,0.39011484,0
ZINC001178545336,N=CNC(=O)C1Cc2ccccc2C1,0.53817576,-8.192,0.3303159,0
ZINC001194132088,CCCOC(=O)NC[C@@H]1CCO1,0.29096863,-5.31,0.14024211,0
ZINC001242024519,Fc1ccncc1C1=C[C@H]2CC[C@@H](C1)N2,0.8080394,-8.274,0.8563664,0
ZINC001255282827,OC[C@@]1(F)CCCN([C@H]2CCSC2)CC1,0.43930393,-7.218,0.23571965,0
ZINC001596490714,CCN[C@@H](C)c1ccccc1OCC(=O)O,0.69015086,-6.999,0.75539255,0
ZINC000000462570,COc1ccccc1Cn1cnc2ccccc21,0.49449658,-8.152,0.2479499,0
ZINC000002040629,CC(C)F,0.12626663,-3.038,0.05018611,0
ZINC000036162369,COc1ccc(Br)cc1[C@H](C)O,0.4273632,-6.518,0.28484017,0
ZINC000051817454,CSCC(=O)N(C)C[C@@H](C)O,0.23646547,-4.377,0.12927368,0
ZINC000055486706,C[C@H]1CCC[C@H](CNC(=O)c2cc[nH]n2)C1,0.557607,-7.499,0.44085371,0
ZINC000078830705,COC(=O)[C@@H](C)CSCc1csc(C)n1,0.43372393,-5.77,0.37520444,0
ZINC000127778885,C[C@H](O)CNC(=O)[C@@H]1C[C@@H]1c1cccnc1,0.5142203,-6.8,0.4275787,0
ZINC000290558245,COc1ccc(NCc2cc(C)no2)cc1F,0.6616744,-7.677,0.6284963,0
ZINC000331121833,CCN1CN(C(=O)CCCC(=O)NC)CC1=O,0.37498713,-6.859,0.14563657,0
ZINC000335520600,Cc1ccc(C(=O)N2CC(C)(C(=N)O)C2)cc1,0.6904366,-8.46,0.60406876,0
ZINC000336758160,COC(=O)[C@@H](CF)NCc1sc(C)nc1C,0.4844923,-5.774,0.47535616,0
ZINC000380204706,Cc1cc(CNCC2([S@@](C)=O)CC2)on1,0.5676814,-6.172,0.5987689,0
ZINC000528494872,CN(CCCO)Cc1coc(S(C)(=O)=O)c1,0.40793687,-6.559,0.24209592,0
ZINC000623512307,CN(Cc1ccsc1)C(=O)COCC(F)F,0.32379368,-5.924,0.14143232,0
ZINC000651987294,CN1CCC[C@H](NC(=O)C(=O)c2ccc[nH]2)C1,0.5602979,-7.24,0.47311056,0
ZINC000702559425,NC(=O)c1cc(NCCOCCF)ccn1,0.41911468,-6.144,0.3073827,0
ZINC000789192519,COCCONC(=O)NCCc1ccnn1C,0.36405247,-6.556,0.15547675,0
ZINC000829108656,OC[C@]12C[C@H]1CN(C[C@@H]1CCC(F)(F)C1)C2,0.47807822,-7.546,0.27842817,0
ZINC000835088049,CCOC(=O)C[C@@]1(C)CC1(Cl)Cl,0.42947137,-5.727,0.37125096,0
ZINC000855026343,C=C[C@@H](C)ONC(=O)c1cnc2n1CCOC2,0.45183524,-7.034,0.27967224,0
ZINC000864065495,C[C@H]1C(=O)N(C)CN1C(=O)[C@@H](O)C(C)(C)O,0.42496496,-6.558,0.27593094,0
ZINC000885851814,CN(CCCF)C(=O)OC1CCCC1,0.37136436,-5.994,0.22838812,0
ZINC000898729135,CS[C@H](C)C(=O)NCCC[C@@H]1C=NNC1=O,0.36722308,-6.823,0.13399938,0
ZINC000903059988,FC1(F)C[C@@H]1CCNC1C[C@@H]2CCC[C@H]2C1,0.58130807,-8.416,0.39246935,0
ZINC001144098838,COC(=O)/C=C/C(=O)Nc1ccc[nH]1,0.514544,-6.245,0.48591927,0
ZINC001168324973,CCC1(Nc2ncncc2F)COC1,0.37323284,-6.296,0.20069261,0
ZINC001193851810,CC(C)COC(=O)NC[C@@H]1CCO1,0.31755897,-5.889,0.13272065,0
ZINC001204548019,c1csc(CN2CCC[C@]3(CCO3)C2)n1,0.38311124,-6.301,0.21974102,0
ZINC001224672654,CC(C)N1CCC[C@@H](OCCF)C1,0.37288216,-5.772,0.25447452,0
ZINC001250165981,Clc1cc2n[nH]cc2c(CCN2CCCC2)c1,0.73388845,-7.558,0.7839174,0
ZINC001253034821,F[C@H]1C[C@@H]1c1nnc(-c2ccccc2)o1,0.5138604,-8.075,0.29431298,0
ZINC000017378428,N#Cc1ccc(/N=C\c2ccccc2)cc1,0.46213353,-7.838,0.21648599,0
ZINC000035432950,CCCCN(C)Cc1occc1C(=O)O,0.60731816,-6.083,0.68653846,0
ZINC000037654368,CCOC(=O)CNC(=O)c1ccc(Cl)nc1,0.5185564,-6.734,0.4430296,0
ZINC000132886043,C[C@@H]1CCN(C(=O)c2c[nH]nn2)C[C@H]1C,0.46448228,-7.746,0.23070325,0
ZINC000217393638,CCOC(=O)CN(C=O)[C@H]1CCS(=O)(=O)C1,0.34133145,-6.139,0.15382102,0
ZINC000260778327,CCOC(=O)c1cc(N)cnc1F,0.36980513,-5.94,0.23091343,0
ZINC000294949537,COc1c(O)cccc1CNC[C@H]1CCCO1,0.7214934,-6.991,0.81831104,0
ZINC000308968101,COCC#CCN[C@@H]1C(=O)NCC[C@@H]1C,0.42060056,-7.035,0.21769518,0
ZINC000420291813,CCCCCNC(=O)CN1CCN[C@H](C)C1,0.36186,-6.17,0.19126341,0
ZINC000529642575,CNC(=O)NC[C@H]1CN(CC2(F)CC2)CCO1,0.4164566,-6.661,0.24836852,0
ZINC000575811847,C[C@@H](O)CCN(C)[C@H]1CCC(=O)N(C)C1,0.5208921,-6.672,0.4541021,0
ZINC000628178829,CC[C@H]1C[C@@H](C)CN1Cc1cnc(C2CC2)o1,0.74108094,-7.505,0.8036751,0
ZINC000651770647,CC[C@@H](C#N)C(=O)N1CCC(=O)[C@H](C)C1,0.60575056,-7.049,0.5830051,0
ZINC000760840400,C#CCCCC(=O)Nc1cc(C(F)(F)F)no1,0.41333923,-7.674,0.13687883,0
ZINC000824256412,CCCCOCCNC(=O)[C@H]1CC(C)=NO1,0.43429008,-6.477,0.30282417,0
ZINC000825038837,CCC[C@H](O)C(=O)N1CC2CC1(C(=O)OC)C2,0.3889092,-6.694,0.1903688,0
ZINC000837691634,Cc1cnc(CC(=O)O[C@@H]2CCOC2)s1,0.33691862,-6.129,0.14611927,0
ZINC000857983580,Cc1cscc1C(=O)N[C@@H]1CCn2cncc21,0.47774634,-7.413,0.29159778,0
ZINC001123737113,O=C(NC1CC=CC1)c1c(F)nccc1Cl,0.41323313,-7.809,0.122633666,0
ZINC001210336099,COc1ncc(Nc2ccn(C(C)C)n2)cc1C,0.5325425,-8.014,0.33766234,0
ZINC001224450014,Cc1cc(CNC(=O)NOC2CCC2)no1,0.39608815,-7.395,0.13171169,0
ZINC001241804200,O=C(O)c1cncc(-c2cncc3ncoc32)c1,0.54873013,-8.348,0.3350049,0
ZINC001250374177,COc1cccc(Cc2cnccn2)c1C1CC1,0.6431546,-7.609,0.5988799,0
ZINC001516128023,C[C@H](O)C(C)(C)CNc1ncccc1C#N,0.41839445,-7.018,0.21509244,0
ZINC000070163075,Cc1cc(C)n(CC(=O)NCCC#N)n1,0.5101768,-6.59,0.44140097,0
ZINC000086254711,Cc1nsc(NCC2CCOCC2)c1C#N,0.4040345,-7.051,0.18321589,0
ZINC000129588710,Cc1cc(CN[C@H]2CCc3cc(F)ccc32)no1,0.5445069,-8.561,0.30449498,0
ZINC000258827975,O=[N+]([O-])c1c(O)c(F)ccc1Br,0.45015723,-6.774,0.30337858,0
ZINC000336519147,Cc1nsc(N2CC(C3CCC3)C2)n1,0.45517737,-6.822,0.3083328,0
ZINC000338956111,COC1CC(N[C@@H]2CCc3ccccc3OC2)C1,0.802266,-7.953,0.87830186,0
ZINC000348151233,COCCCN[C@@H]1CCC[C@@H]1OC(F)F,0.3563654,-5.617,0.2378706,0
ZINC000450649347,COC(=O)C1(CN2C[C@H](C)[C@H](O)C2)CC1,0.4432383,-6.358,0.33292133,0
ZINC000492028475,Cc1ccccc1NC(=O)/C=C\c1ccc[nH]1,0.648926,-8.295,0.5389939,0
ZINC000581435026,CC(C)CN(CC[C@H](C)F)CC(=O)O,0.28401056,-5.539,0.1026513,0
ZINC000638381260,C=C1CCN(C(=O)[C@H](C)NCC)CC1,0.47814348,-6.33,0.40497634,0
ZINC000661169529,Cc1cnn(CCN2CCO[C@](C)(C3CC3)C2)c1,0.43476474,-7.663,0.1804644,0
ZINC000760491313,CN1CN(C(=O)c2cc(Cl)cs2)CC1=O,0.43175414,-6.377,0.308197,0
ZINC000767401599,CC(C)OCCOC(=O)C1(C#N)CCOCC1,0.4477877,-6.929,0.2825705,0
ZINC000808533499,CCc1ccnc(C(=O)OCC(=O)C(C)=O)c1,0.5000476,-7.307,0.34679472,0
ZINC000813082009,CC[S@@](=O)CCNC(=O)N1CC(C2CC2)C1,0.46499506,-6.46,0.3654153,0
ZINC000842911583,O=C(O[C@@H]1CC(=O)NC12CCCC2)C1CC1,0.40566555,-7.427,0.14735678,0
ZINC000854776104,C#C[C@@H](CO)NC(=O)CCc1nc(C)cs1,0.35637584,-6.868,0.10783367,0
ZINC000872395979,Cn1cc(C=NN2CCC2)cn1,0.4373638,-5.546,0.40570238,0
ZINC000910605230,Cc1cnn(CC(=O)NC[C@@H]2C[C@@H]2C(=O)O)c1,0.37862426,-6.777,0.16136634,0
ZINC001193864799,CC(C)COC(=O)NCCO[C@@H]1CCCCO1,0.45331696,-6.295,0.35943592,0
ZINC001226760008,Cc1cc([N+](=O)[O-])cnc1OC1CCOCC1,0.4947893,-7.454,0.32109588,0
ZINC001228952220,COC(C)(C)C[C@@H](C)Oc1ccnc(Cl)n1,0.57307583,-6.939,0.5297153,0
ZINC001495994454,CC(=O)N(C)CCNC(=O)c1c(C)coc1C,0.4080684,-6.877,0.20929624,0
ZINC001526528283,CC[C@@H](F)C(=O)O[C@@H]1CO[C@@H]1c1ccccc1,0.48473302,-7.137,0.3341315,0
ZINC001600131539,Cc1cc(C(=O)O)oc1C(=O)OCC1COC1,0.35880277,-6.897,0.109626204,0
ZINC000001511379,Nc1nc2[nH]c(Br)nc2c(=O)[nH]1,0.41363066,-6.121,0.29891056,0
ZINC000042274029,O=C(O)CN(C(=O)Nc1nccs1)C1CC1,0.37078512,-6.107,0.21549286,0
ZINC000071464736,CCNc1cc(F)ccc1OC,0.34973338,-5.825,0.20310882,0
ZINC000085655876,C[C@H]1CN(S(=O)(=O)c2c[nH]cn2)C[C@H]1C,0.48329246,-6.948,0.3509269,0
ZINC000167810823,CCNc1ccc(OC)c(C(F)(F)F)c1,0.5030018,-6.936,0.39121693,0
ZINC000230091572,Cc1cnc([C@H](C)Nc2nccc(C)c2C#N)o1,0.5548809,-8.045,0.37868986,0
ZINC000539607350,C[C@@H](NCc1cc[nH]n1)c1ccc(C#N)c(F)c1,0.5687355,-8.225,0.38742116,0
ZINC000546017011,C[C@@H](NCc1nnnn1CC1CC1)c1ccoc1,0.51936746,-7.842,0.32944533,0
ZINC000639144902,CC1(C)SC[C@H]1NCc1c[nH]c(=N)[nH]c1=N,0.383541,-6.604,0.18909156,0
ZINC000655353407,Cc1noc(CN(C)C(=O)c2cccnc2)n1,0.44778398,-7.164,0.25813183,0
ZINC000657501991,Cc1nc(CN[C@@H](CO)CCF)[nH]c1C,0.32054913,-6.037,0.12325735,0
ZINC000720619308,C[C@H](C(=O)NC1CCCC1)[C@H]1CCCO1,0.41617736,-7.046,0.20778964,0
ZINC000773368218,O=C(N[C@@H]1C=C[C@H](CO)C1)C1(F)CCCC1,0.4158292,-7.86,0.122474164,0
ZINC000809133449,Cn1nncc1COC(=O)C1CC=CC1,0.36426768,-6.899,0.120243825,0
ZINC000834857700,CCOC(=O)[C@H]1CCN(C(=O)[C@@H](C#N)CC)C1,0.5742759,-6.811,0.5453998,0
ZINC000848058691,C[C@H]1C[C@H](C(=O)O[C@H]2CNOC2)CO1,0.3649196,-6.344,0.17923462,0
ZINC000851018903,CO[C@@H]1CC[C@H](C(=O)OCc2cnn[nH]2)C1,0.42612463,-6.759,0.25733164,0
ZINC000896133018,Cc1cc(=NCC[C@@H]2CNC(=O)C2)cc[nH]1,0.6495325,-7.468,0.62617266,0
ZINC001117134858,CC[C@@H](C#N)OC(=O)c1occ(C)c1C,0.4945939,-7.132,0.35418487,0
ZINC001253443796,Cc1nnc(-c2csc(CO)n2)o1,0.30589405,-6.091,0.08861296,0
ZINC001603273068,C[C@H](OC(=O)CCCC(=O)O)c1csnn1,0.3694707,-6.567,0.16506617,0
ZINC000185880023,C=CC[C@@H](CO)NC(=O)c1ccc(SC)o1,0.4141305,-6.504,0.2600829,0
ZINC000271573557,CC/C(N)=N/OCc1nnc(C)s1,0.4393167,-6.15,0.34677732,0
ZINC000336415078,Cc1cc(N2C[C@H](C)CC2(C)C)ncn1,0.57574284,-7.741,0.4516202,0
ZINC000423349410,NC[C@@H]1CCCC[C@H]1NCC(F)(F)CN,0.4128841,-6.536,0.25428703,0
ZINC000568029045,Cn1cncc1CCNC(=O)[C@@H]1C[C@H]1C1CCC1,0.561604,-8.493,0.3454323,0
ZINC000610337957,CSCCNC(=O)c1nccn2ccnc12,0.3719035,-5.828,0.24671394,0
ZINC000617695191,CSc1cccc(C(=O)NC/C=C\CO)n1,0.48806387,-7.077,0.34696743,0
ZINC000623409014,Cc1ccc(CNC(=O)COCC(F)F)cc1,0.41175458,-7.376,0.16472073,0
ZINC000694514904,O=C(O)CCNC(=O)N[C@@H]1CCC[C@@H](O)C1,0.40595028,-7.271,0.16413905,0
ZINC000723967986,C1CC1[C@@H](N[C@@H]1CNOC1)C1CCCC1,0.43143493,-6.946,0.2484098,0
ZINC000848277863,C#C[C@@H]1CCCN(C(=O)[C@@H](C)[C@@H](C)COC)C1,0.4657589,-7.276,0.28209466,0
ZINC000855808336,CC(C)(F)C(=O)NCC[C@@]1(C)CC1(F)F,0.34610856,-7.318,0.040711757,0
ZINC000893840389,CCC#CCOC(=O)[C@@H]1CCC(=O)C[C@H]1C,0.48758328,-8.468,0.20140302,0
ZINC000902257777,COc1ccc(Cn2nc(C)cc2C)cc1C,0.5234147,-7.808,0.34099722,0
ZINC001118893376,Cc1nnsc1CS(C)(=O)=O,0.37475598,-5.366,0.3003953,0
ZINC001202558121,C=CCNC(=O)Nc1cc(OC)ccn1,0.48358366,-6.198,0.42947593,0
ZINC001205820690,Cc1ncc(-c2ncc(F)cc2C)cn1,0.5246885,-7.423,0.3835463,0
ZINC001338079787,C[C@@H]1CN(C(=O)[C@H]2C[C@@H]2F)c2ccccc2O1,0.5014963,-7.853,0.29290068,0
ZINC001593311195,C[C@H](NCc1cncn1C)c1cc(C(=O)O)co1,0.6099524,-7.132,0.58269954,0
ZINC000043561493,Cc1ccnc(NC[C@@H]2Cc3ccccc32)c1,0.64056545,-9.448,0.40256315,1
ZINC000051955264,C[C@]1(c2cccc(C(F)(F)F)c2)CCNC1,0.7529474,-9.01,0.6707173,1
ZINC000069841447,Nc1ncccc1Cc1cccc(F)c1,0.51558137,-8.327,0.27152342,1
ZINC000070141158,Cc1ccc(CNCc2ccnn2C)cc1C,0.774257,-8.122,0.80524886,1
ZINC000093063788,Cc1ccnc(NCc2nc3c(s2)CCC3)c1,0.53127456,-8.142,0.32184342,1
ZINC000149781774,c1ccc([C@@H]2C[C@H]2N[C@H]2CCSC2)cc1,0.681656,-7.602,0.6758753,1
ZINC000386111627,c1cc2cccc(CNCC3CC3)c2s1,0.7636446,-7.516,0.84722805,1
ZINC000721196064,Cc1ccc(-c2cccnc2N)c(F)c1,0.62965834,-8.165,0.5143416,1
ZINC000925721190,COc1ccnc([C@H](C)Nc2cc(C)ccn2)c1,0.55718714,-7.754,0.41351146,1
ZINC001173879087,c1ccc2c(c1)cncc2N=c1cc[nH]cc1,0.5958694,-8.311,0.43223026,1
ZINC001174514167,Cn1ccc2ccc(Nc3nccn3C)cc21,0.56895965,-7.5,0.46323836,1
ZINC001240651438,N#Cc1ccnc(C2=CCCNC2)c1F,0.6842565,-7.293,0.7131513,1
ZINC001240659121,c1ncn2cc(C3=CCCNC3)ccc12,0.79486656,-8.029,0.85574305,1
ZINC001240663928,Cc1cc2[nH]ccc2c(C2=CCCNC2)c1,0.7731941,-8.219,0.7930589,1
ZINC001240664622,c1cc(C2=CCCNC2)cc2c1CC2,0.7810801,-8.465,0.7831055,1
ZINC001243110327,Cn1cnc2c1cccc2C1=CCNC1,0.7221299,-7.835,0.731827,1
